ISO-10303-21;
HEADER;
/* Generated by software containing ST-Developer
 * from STEP Tools, Inc. (www.steptools.com) 
 */
/* OPTION: using custom renumber hook */

FILE_DESCRIPTION(
/* description */ ('STEP AP242 Edition 2',
'CAx-IF Rec.Pracs.---Representation and Presentation of Product Manufa
cturing Information (PMI)---4.0---2014-10-13',
'CAx-IF Rec.Pracs.---3D Tessellated Geometry---0.4---2014-09-14','2;1',
'CAx-IF Rec.Pracs.---User Defined Attributes---1.5---2016-08-15'),
/* implementation_level */ '2;1');

FILE_NAME(
/* name */ 'Slide Mount - Slide Mount',
/* time_stamp */ '2026-07-02T00:20:10Z',
/* author */ (''),
/* organization */ (''),
/* preprocessor_version */ 'ST-DEVELOPER v20',
/* originating_system */ 'ONSHAPE BY PTC INC, 1.217',
/* authorisation */ '  ');

FILE_SCHEMA (('AP242_MANAGED_MODEL_BASED_3D_ENGINEERING_MIM_LF { 1 0 10303 442 3 1 4 }'));
ENDSEC;

DATA;
#10=SHAPE_REPRESENTATION_RELATIONSHIP('','',#1708,#11);
#11=ADVANCED_BREP_SHAPE_REPRESENTATION('',(#1706),#2756);
#12=CONICAL_SURFACE('',#1811,0.0054,0.785398163397448);
#13=CONICAL_SURFACE('',#1813,0.0054,0.785398163397448);
#14=CONICAL_SURFACE('',#1815,0.0054,0.785398163397448);
#15=CONICAL_SURFACE('',#1817,0.0054,0.785398163397448);
#16=CONICAL_SURFACE('',#1820,0.006,0.785398163397448);
#17=CONICAL_SURFACE('',#1821,0.006,0.785398163397448);
#18=CONICAL_SURFACE('',#1824,0.006,0.785398163397448);
#19=CONICAL_SURFACE('',#1825,0.006,0.785398163397448);
#20=ELLIPSE('',#1765,0.00933380951166242,0.0066);
#21=ELLIPSE('',#1769,0.0093338095116624,0.0066);
#22=CYLINDRICAL_SURFACE('',#1722,0.006);
#23=CYLINDRICAL_SURFACE('',#1726,0.006);
#24=CYLINDRICAL_SURFACE('',#1730,0.006);
#25=CYLINDRICAL_SURFACE('',#1734,0.006);
#26=CYLINDRICAL_SURFACE('',#1764,0.0066);
#27=CYLINDRICAL_SURFACE('',#1767,0.0066);
#28=CYLINDRICAL_SURFACE('',#1770,0.005);
#29=CYLINDRICAL_SURFACE('',#1773,0.005);
#30=CIRCLE('',#1714,0.0054);
#31=CIRCLE('',#1715,0.0066);
#32=CIRCLE('',#1716,0.005);
#33=CIRCLE('',#1717,0.005);
#34=CIRCLE('',#1718,0.0066);
#35=CIRCLE('',#1719,0.0054);
#36=CIRCLE('',#1720,0.0054);
#37=CIRCLE('',#1721,0.0054);
#38=CIRCLE('',#1723,0.006);
#39=CIRCLE('',#1724,0.006);
#40=CIRCLE('',#1727,0.006);
#41=CIRCLE('',#1728,0.006);
#42=CIRCLE('',#1731,0.006);
#43=CIRCLE('',#1732,0.006);
#44=CIRCLE('',#1735,0.006);
#45=CIRCLE('',#1736,0.006);
#46=CIRCLE('',#1739,0.0054);
#47=CIRCLE('',#1740,0.0054);
#48=CIRCLE('',#1741,0.0054);
#49=CIRCLE('',#1742,0.0054);
#50=CIRCLE('',#1766,0.0066);
#51=CIRCLE('',#1768,0.0066);
#52=CIRCLE('',#1771,0.005);
#53=CIRCLE('',#1774,0.005);
#54=ORIENTED_EDGE('',*,*,#532,.F.);
#55=ORIENTED_EDGE('',*,*,#533,.T.);
#56=ORIENTED_EDGE('',*,*,#534,.F.);
#57=ORIENTED_EDGE('',*,*,#535,.F.);
#58=ORIENTED_EDGE('',*,*,#536,.F.);
#59=ORIENTED_EDGE('',*,*,#537,.T.);
#60=ORIENTED_EDGE('',*,*,#538,.T.);
#61=ORIENTED_EDGE('',*,*,#539,.T.);
#62=ORIENTED_EDGE('',*,*,#540,.T.);
#63=ORIENTED_EDGE('',*,*,#541,.F.);
#64=ORIENTED_EDGE('',*,*,#542,.F.);
#65=ORIENTED_EDGE('',*,*,#543,.T.);
#66=ORIENTED_EDGE('',*,*,#544,.F.);
#67=ORIENTED_EDGE('',*,*,#545,.T.);
#68=ORIENTED_EDGE('',*,*,#546,.T.);
#69=ORIENTED_EDGE('',*,*,#547,.T.);
#70=ORIENTED_EDGE('',*,*,#548,.T.);
#71=ORIENTED_EDGE('',*,*,#549,.T.);
#72=ORIENTED_EDGE('',*,*,#550,.T.);
#73=ORIENTED_EDGE('',*,*,#551,.T.);
#74=ORIENTED_EDGE('',*,*,#552,.T.);
#75=ORIENTED_EDGE('',*,*,#553,.T.);
#76=ORIENTED_EDGE('',*,*,#554,.T.);
#77=ORIENTED_EDGE('',*,*,#555,.T.);
#78=ORIENTED_EDGE('',*,*,#556,.F.);
#79=ORIENTED_EDGE('',*,*,#547,.F.);
#80=ORIENTED_EDGE('',*,*,#557,.T.);
#81=ORIENTED_EDGE('',*,*,#558,.T.);
#82=ORIENTED_EDGE('',*,*,#559,.F.);
#83=ORIENTED_EDGE('',*,*,#560,.F.);
#84=ORIENTED_EDGE('',*,*,#561,.F.);
#85=ORIENTED_EDGE('',*,*,#539,.F.);
#86=ORIENTED_EDGE('',*,*,#562,.F.);
#87=ORIENTED_EDGE('',*,*,#563,.F.);
#88=ORIENTED_EDGE('',*,*,#564,.F.);
#89=ORIENTED_EDGE('',*,*,#565,.T.);
#90=ORIENTED_EDGE('',*,*,#566,.F.);
#91=ORIENTED_EDGE('',*,*,#567,.T.);
#92=ORIENTED_EDGE('',*,*,#568,.T.);
#93=ORIENTED_EDGE('',*,*,#569,.F.);
#94=ORIENTED_EDGE('',*,*,#570,.T.);
#95=ORIENTED_EDGE('',*,*,#534,.T.);
#96=ORIENTED_EDGE('',*,*,#571,.F.);
#97=ORIENTED_EDGE('',*,*,#572,.F.);
#98=ORIENTED_EDGE('',*,*,#573,.T.);
#99=ORIENTED_EDGE('',*,*,#574,.T.);
#100=ORIENTED_EDGE('',*,*,#575,.T.);
#101=ORIENTED_EDGE('',*,*,#576,.F.);
#102=ORIENTED_EDGE('',*,*,#577,.T.);
#103=ORIENTED_EDGE('',*,*,#578,.T.);
#104=ORIENTED_EDGE('',*,*,#579,.T.);
#105=ORIENTED_EDGE('',*,*,#580,.T.);
#106=ORIENTED_EDGE('',*,*,#581,.T.);
#107=ORIENTED_EDGE('',*,*,#582,.T.);
#108=ORIENTED_EDGE('',*,*,#583,.T.);
#109=ORIENTED_EDGE('',*,*,#584,.T.);
#110=ORIENTED_EDGE('',*,*,#585,.F.);
#111=ORIENTED_EDGE('',*,*,#586,.T.);
#112=ORIENTED_EDGE('',*,*,#587,.T.);
#113=ORIENTED_EDGE('',*,*,#588,.T.);
#114=ORIENTED_EDGE('',*,*,#589,.T.);
#115=ORIENTED_EDGE('',*,*,#590,.T.);
#116=ORIENTED_EDGE('',*,*,#585,.T.);
#117=ORIENTED_EDGE('',*,*,#591,.T.);
#118=ORIENTED_EDGE('',*,*,#592,.F.);
#119=ORIENTED_EDGE('',*,*,#593,.T.);
#120=ORIENTED_EDGE('',*,*,#594,.F.);
#121=ORIENTED_EDGE('',*,*,#595,.T.);
#122=ORIENTED_EDGE('',*,*,#596,.F.);
#123=ORIENTED_EDGE('',*,*,#597,.T.);
#124=ORIENTED_EDGE('',*,*,#592,.T.);
#125=ORIENTED_EDGE('',*,*,#598,.T.);
#126=ORIENTED_EDGE('',*,*,#599,.F.);
#127=ORIENTED_EDGE('',*,*,#600,.T.);
#128=ORIENTED_EDGE('',*,*,#596,.T.);
#129=ORIENTED_EDGE('',*,*,#601,.T.);
#130=ORIENTED_EDGE('',*,*,#602,.F.);
#131=ORIENTED_EDGE('',*,*,#603,.T.);
#132=ORIENTED_EDGE('',*,*,#599,.T.);
#133=ORIENTED_EDGE('',*,*,#604,.T.);
#134=ORIENTED_EDGE('',*,*,#605,.F.);
#135=ORIENTED_EDGE('',*,*,#606,.T.);
#136=ORIENTED_EDGE('',*,*,#602,.T.);
#137=ORIENTED_EDGE('',*,*,#607,.T.);
#138=ORIENTED_EDGE('',*,*,#608,.F.);
#139=ORIENTED_EDGE('',*,*,#609,.T.);
#140=ORIENTED_EDGE('',*,*,#605,.T.);
#141=ORIENTED_EDGE('',*,*,#610,.T.);
#142=ORIENTED_EDGE('',*,*,#587,.F.);
#143=ORIENTED_EDGE('',*,*,#611,.T.);
#144=ORIENTED_EDGE('',*,*,#608,.T.);
#145=ORIENTED_EDGE('',*,*,#612,.T.);
#146=ORIENTED_EDGE('',*,*,#613,.T.);
#147=ORIENTED_EDGE('',*,*,#614,.T.);
#148=ORIENTED_EDGE('',*,*,#615,.T.);
#149=ORIENTED_EDGE('',*,*,#616,.T.);
#150=ORIENTED_EDGE('',*,*,#617,.T.);
#151=ORIENTED_EDGE('',*,*,#618,.T.);
#152=ORIENTED_EDGE('',*,*,#619,.T.);
#153=ORIENTED_EDGE('',*,*,#620,.T.);
#154=ORIENTED_EDGE('',*,*,#621,.T.);
#155=ORIENTED_EDGE('',*,*,#622,.T.);
#156=ORIENTED_EDGE('',*,*,#623,.F.);
#157=ORIENTED_EDGE('',*,*,#624,.T.);
#158=ORIENTED_EDGE('',*,*,#625,.F.);
#159=ORIENTED_EDGE('',*,*,#626,.F.);
#160=ORIENTED_EDGE('',*,*,#627,.T.);
#161=ORIENTED_EDGE('',*,*,#628,.F.);
#162=ORIENTED_EDGE('',*,*,#629,.F.);
#163=ORIENTED_EDGE('',*,*,#630,.T.);
#164=ORIENTED_EDGE('',*,*,#631,.T.);
#165=ORIENTED_EDGE('',*,*,#632,.T.);
#166=ORIENTED_EDGE('',*,*,#633,.T.);
#167=ORIENTED_EDGE('',*,*,#634,.F.);
#168=ORIENTED_EDGE('',*,*,#635,.F.);
#169=ORIENTED_EDGE('',*,*,#541,.T.);
#170=ORIENTED_EDGE('',*,*,#636,.T.);
#171=ORIENTED_EDGE('',*,*,#637,.T.);
#172=ORIENTED_EDGE('',*,*,#638,.T.);
#173=ORIENTED_EDGE('',*,*,#639,.F.);
#174=ORIENTED_EDGE('',*,*,#640,.F.);
#175=ORIENTED_EDGE('',*,*,#641,.F.);
#176=ORIENTED_EDGE('',*,*,#642,.T.);
#177=ORIENTED_EDGE('',*,*,#643,.T.);
#178=ORIENTED_EDGE('',*,*,#622,.F.);
#179=ORIENTED_EDGE('',*,*,#644,.T.);
#180=ORIENTED_EDGE('',*,*,#645,.T.);
#181=ORIENTED_EDGE('',*,*,#572,.T.);
#182=ORIENTED_EDGE('',*,*,#646,.F.);
#183=ORIENTED_EDGE('',*,*,#647,.T.);
#184=ORIENTED_EDGE('',*,*,#648,.T.);
#185=ORIENTED_EDGE('',*,*,#649,.F.);
#186=ORIENTED_EDGE('',*,*,#650,.T.);
#187=ORIENTED_EDGE('',*,*,#535,.T.);
#188=ORIENTED_EDGE('',*,*,#570,.F.);
#189=ORIENTED_EDGE('',*,*,#651,.T.);
#190=ORIENTED_EDGE('',*,*,#623,.T.);
#191=ORIENTED_EDGE('',*,*,#648,.F.);
#192=ORIENTED_EDGE('',*,*,#624,.F.);
#193=ORIENTED_EDGE('',*,*,#651,.F.);
#194=ORIENTED_EDGE('',*,*,#569,.T.);
#195=ORIENTED_EDGE('',*,*,#652,.T.);
#196=ORIENTED_EDGE('',*,*,#625,.T.);
#197=ORIENTED_EDGE('',*,*,#652,.F.);
#198=ORIENTED_EDGE('',*,*,#568,.F.);
#199=ORIENTED_EDGE('',*,*,#653,.T.);
#200=ORIENTED_EDGE('',*,*,#626,.T.);
#201=ORIENTED_EDGE('',*,*,#653,.F.);
#202=ORIENTED_EDGE('',*,*,#567,.F.);
#203=ORIENTED_EDGE('',*,*,#654,.T.);
#204=ORIENTED_EDGE('',*,*,#627,.F.);
#205=ORIENTED_EDGE('',*,*,#654,.F.);
#206=ORIENTED_EDGE('',*,*,#566,.T.);
#207=ORIENTED_EDGE('',*,*,#655,.T.);
#208=ORIENTED_EDGE('',*,*,#656,.F.);
#209=ORIENTED_EDGE('',*,*,#657,.T.);
#210=ORIENTED_EDGE('',*,*,#658,.F.);
#211=ORIENTED_EDGE('',*,*,#659,.T.);
#212=ORIENTED_EDGE('',*,*,#628,.T.);
#213=ORIENTED_EDGE('',*,*,#655,.F.);
#214=ORIENTED_EDGE('',*,*,#565,.F.);
#215=ORIENTED_EDGE('',*,*,#660,.F.);
#216=ORIENTED_EDGE('',*,*,#659,.F.);
#217=ORIENTED_EDGE('',*,*,#661,.T.);
#218=ORIENTED_EDGE('',*,*,#662,.F.);
#219=ORIENTED_EDGE('',*,*,#663,.T.);
#220=ORIENTED_EDGE('',*,*,#629,.T.);
#221=ORIENTED_EDGE('',*,*,#630,.F.);
#222=ORIENTED_EDGE('',*,*,#663,.F.);
#223=ORIENTED_EDGE('',*,*,#664,.T.);
#224=ORIENTED_EDGE('',*,*,#665,.T.);
#225=ORIENTED_EDGE('',*,*,#576,.T.);
#226=ORIENTED_EDGE('',*,*,#666,.T.);
#227=ORIENTED_EDGE('',*,*,#667,.T.);
#228=ORIENTED_EDGE('',*,*,#639,.T.);
#229=ORIENTED_EDGE('',*,*,#668,.F.);
#230=ORIENTED_EDGE('',*,*,#558,.F.);
#231=ORIENTED_EDGE('',*,*,#669,.T.);
#232=ORIENTED_EDGE('',*,*,#546,.F.);
#233=ORIENTED_EDGE('',*,*,#670,.T.);
#234=ORIENTED_EDGE('',*,*,#671,.F.);
#235=ORIENTED_EDGE('',*,*,#672,.T.);
#236=ORIENTED_EDGE('',*,*,#640,.T.);
#237=ORIENTED_EDGE('',*,*,#669,.F.);
#238=ORIENTED_EDGE('',*,*,#557,.F.);
#239=ORIENTED_EDGE('',*,*,#641,.T.);
#240=ORIENTED_EDGE('',*,*,#672,.F.);
#241=ORIENTED_EDGE('',*,*,#673,.F.);
#242=ORIENTED_EDGE('',*,*,#674,.T.);
#243=ORIENTED_EDGE('',*,*,#555,.F.);
#244=ORIENTED_EDGE('',*,*,#675,.T.);
#245=ORIENTED_EDGE('',*,*,#676,.T.);
#246=ORIENTED_EDGE('',*,*,#634,.T.);
#247=ORIENTED_EDGE('',*,*,#677,.T.);
#248=ORIENTED_EDGE('',*,*,#678,.T.);
#249=ORIENTED_EDGE('',*,*,#551,.F.);
#250=ORIENTED_EDGE('',*,*,#679,.F.);
#251=ORIENTED_EDGE('',*,*,#680,.F.);
#252=ORIENTED_EDGE('',*,*,#681,.T.);
#253=ORIENTED_EDGE('',*,*,#682,.F.);
#254=ORIENTED_EDGE('',*,*,#683,.T.);
#255=ORIENTED_EDGE('',*,*,#542,.T.);
#256=ORIENTED_EDGE('',*,*,#635,.T.);
#257=ORIENTED_EDGE('',*,*,#681,.F.);
#258=ORIENTED_EDGE('',*,*,#636,.F.);
#259=ORIENTED_EDGE('',*,*,#540,.F.);
#260=ORIENTED_EDGE('',*,*,#561,.T.);
#261=ORIENTED_EDGE('',*,*,#684,.T.);
#262=ORIENTED_EDGE('',*,*,#637,.F.);
#263=ORIENTED_EDGE('',*,*,#684,.F.);
#264=ORIENTED_EDGE('',*,*,#560,.T.);
#265=ORIENTED_EDGE('',*,*,#685,.T.);
#266=ORIENTED_EDGE('',*,*,#638,.F.);
#267=ORIENTED_EDGE('',*,*,#685,.F.);
#268=ORIENTED_EDGE('',*,*,#559,.T.);
#269=ORIENTED_EDGE('',*,*,#668,.T.);
#270=ORIENTED_EDGE('',*,*,#533,.F.);
#271=ORIENTED_EDGE('',*,*,#686,.T.);
#272=ORIENTED_EDGE('',*,*,#687,.T.);
#273=ORIENTED_EDGE('',*,*,#646,.T.);
#274=ORIENTED_EDGE('',*,*,#571,.T.);
#275=ORIENTED_EDGE('',*,*,#687,.F.);
#276=ORIENTED_EDGE('',*,*,#688,.T.);
#277=ORIENTED_EDGE('',*,*,#649,.T.);
#278=ORIENTED_EDGE('',*,*,#647,.F.);
#279=ORIENTED_EDGE('',*,*,#689,.T.);
#280=ORIENTED_EDGE('',*,*,#690,.T.);
#281=ORIENTED_EDGE('',*,*,#544,.T.);
#282=ORIENTED_EDGE('',*,*,#556,.T.);
#283=ORIENTED_EDGE('',*,*,#674,.F.);
#284=ORIENTED_EDGE('',*,*,#671,.T.);
#285=ORIENTED_EDGE('',*,*,#691,.T.);
#286=ORIENTED_EDGE('',*,*,#689,.F.);
#287=ORIENTED_EDGE('',*,*,#673,.T.);
#288=ORIENTED_EDGE('',*,*,#550,.F.);
#289=ORIENTED_EDGE('',*,*,#692,.T.);
#290=ORIENTED_EDGE('',*,*,#589,.F.);
#291=ORIENTED_EDGE('',*,*,#693,.F.);
#292=ORIENTED_EDGE('',*,*,#679,.T.);
#293=ORIENTED_EDGE('',*,*,#577,.F.);
#294=ORIENTED_EDGE('',*,*,#665,.F.);
#295=ORIENTED_EDGE('',*,*,#694,.F.);
#296=ORIENTED_EDGE('',*,*,#594,.T.);
#297=ORIENTED_EDGE('',*,*,#695,.T.);
#298=ORIENTED_EDGE('',*,*,#660,.T.);
#299=ORIENTED_EDGE('',*,*,#564,.T.);
#300=ORIENTED_EDGE('',*,*,#696,.F.);
#301=ORIENTED_EDGE('',*,*,#697,.T.);
#302=ORIENTED_EDGE('',*,*,#696,.T.);
#303=ORIENTED_EDGE('',*,*,#563,.T.);
#304=ORIENTED_EDGE('',*,*,#698,.F.);
#305=ORIENTED_EDGE('',*,*,#699,.T.);
#306=ORIENTED_EDGE('',*,*,#698,.T.);
#307=ORIENTED_EDGE('',*,*,#562,.T.);
#308=ORIENTED_EDGE('',*,*,#538,.F.);
#309=ORIENTED_EDGE('',*,*,#700,.T.);
#310=ORIENTED_EDGE('',*,*,#662,.T.);
#311=ORIENTED_EDGE('',*,*,#701,.T.);
#312=ORIENTED_EDGE('',*,*,#656,.T.);
#313=ORIENTED_EDGE('',*,*,#697,.F.);
#314=ORIENTED_EDGE('',*,*,#699,.F.);
#315=ORIENTED_EDGE('',*,*,#700,.F.);
#316=ORIENTED_EDGE('',*,*,#537,.F.);
#317=ORIENTED_EDGE('',*,*,#702,.T.);
#318=ORIENTED_EDGE('',*,*,#682,.T.);
#319=ORIENTED_EDGE('',*,*,#680,.T.);
#320=ORIENTED_EDGE('',*,*,#693,.T.);
#321=ORIENTED_EDGE('',*,*,#595,.F.);
#322=ORIENTED_EDGE('',*,*,#694,.T.);
#323=ORIENTED_EDGE('',*,*,#664,.F.);
#324=ORIENTED_EDGE('',*,*,#703,.T.);
#325=ORIENTED_EDGE('',*,*,#704,.T.);
#326=ORIENTED_EDGE('',*,*,#705,.T.);
#327=ORIENTED_EDGE('',*,*,#706,.T.);
#328=ORIENTED_EDGE('',*,*,#707,.F.);
#329=ORIENTED_EDGE('',*,*,#690,.F.);
#330=ORIENTED_EDGE('',*,*,#708,.F.);
#331=ORIENTED_EDGE('',*,*,#706,.F.);
#332=ORIENTED_EDGE('',*,*,#708,.T.);
#333=ORIENTED_EDGE('',*,*,#691,.F.);
#334=ORIENTED_EDGE('',*,*,#709,.F.);
#335=ORIENTED_EDGE('',*,*,#703,.F.);
#336=ORIENTED_EDGE('',*,*,#707,.T.);
#337=ORIENTED_EDGE('',*,*,#705,.F.);
#338=ORIENTED_EDGE('',*,*,#710,.F.);
#339=ORIENTED_EDGE('',*,*,#545,.F.);
#340=ORIENTED_EDGE('',*,*,#709,.T.);
#341=ORIENTED_EDGE('',*,*,#670,.F.);
#342=ORIENTED_EDGE('',*,*,#710,.T.);
#343=ORIENTED_EDGE('',*,*,#704,.F.);
#344=ORIENTED_EDGE('',*,*,#711,.F.);
#345=ORIENTED_EDGE('',*,*,#712,.T.);
#346=ORIENTED_EDGE('',*,*,#713,.T.);
#347=ORIENTED_EDGE('',*,*,#714,.T.);
#348=ORIENTED_EDGE('',*,*,#713,.F.);
#349=ORIENTED_EDGE('',*,*,#715,.T.);
#350=ORIENTED_EDGE('',*,*,#716,.T.);
#351=ORIENTED_EDGE('',*,*,#717,.T.);
#352=ORIENTED_EDGE('',*,*,#683,.F.);
#353=ORIENTED_EDGE('',*,*,#718,.T.);
#354=ORIENTED_EDGE('',*,*,#714,.F.);
#355=ORIENTED_EDGE('',*,*,#717,.F.);
#356=ORIENTED_EDGE('',*,*,#719,.F.);
#357=ORIENTED_EDGE('',*,*,#719,.T.);
#358=ORIENTED_EDGE('',*,*,#716,.F.);
#359=ORIENTED_EDGE('',*,*,#720,.F.);
#360=ORIENTED_EDGE('',*,*,#543,.F.);
#361=ORIENTED_EDGE('',*,*,#712,.F.);
#362=ORIENTED_EDGE('',*,*,#721,.T.);
#363=ORIENTED_EDGE('',*,*,#536,.T.);
#364=ORIENTED_EDGE('',*,*,#720,.T.);
#365=ORIENTED_EDGE('',*,*,#715,.F.);
#366=ORIENTED_EDGE('',*,*,#718,.F.);
#367=ORIENTED_EDGE('',*,*,#702,.F.);
#368=ORIENTED_EDGE('',*,*,#721,.F.);
#369=ORIENTED_EDGE('',*,*,#711,.T.);
#370=ORIENTED_EDGE('',*,*,#722,.T.);
#371=ORIENTED_EDGE('',*,*,#723,.T.);
#372=ORIENTED_EDGE('',*,*,#724,.T.);
#373=ORIENTED_EDGE('',*,*,#725,.T.);
#374=ORIENTED_EDGE('',*,*,#726,.F.);
#375=ORIENTED_EDGE('',*,*,#725,.F.);
#376=ORIENTED_EDGE('',*,*,#727,.F.);
#377=ORIENTED_EDGE('',*,*,#686,.F.);
#378=ORIENTED_EDGE('',*,*,#727,.T.);
#379=ORIENTED_EDGE('',*,*,#724,.F.);
#380=ORIENTED_EDGE('',*,*,#728,.F.);
#381=ORIENTED_EDGE('',*,*,#688,.F.);
#382=ORIENTED_EDGE('',*,*,#726,.T.);
#383=ORIENTED_EDGE('',*,*,#532,.T.);
#384=ORIENTED_EDGE('',*,*,#729,.F.);
#385=ORIENTED_EDGE('',*,*,#722,.F.);
#386=ORIENTED_EDGE('',*,*,#728,.T.);
#387=ORIENTED_EDGE('',*,*,#723,.F.);
#388=ORIENTED_EDGE('',*,*,#729,.T.);
#389=ORIENTED_EDGE('',*,*,#650,.F.);
#390=ORIENTED_EDGE('',*,*,#730,.T.);
#391=ORIENTED_EDGE('',*,*,#731,.T.);
#392=ORIENTED_EDGE('',*,*,#732,.F.);
#393=ORIENTED_EDGE('',*,*,#733,.T.);
#394=ORIENTED_EDGE('',*,*,#734,.T.);
#395=ORIENTED_EDGE('',*,*,#735,.T.);
#396=ORIENTED_EDGE('',*,*,#730,.F.);
#397=ORIENTED_EDGE('',*,*,#736,.T.);
#398=ORIENTED_EDGE('',*,*,#733,.F.);
#399=ORIENTED_EDGE('',*,*,#737,.T.);
#400=ORIENTED_EDGE('',*,*,#661,.F.);
#401=ORIENTED_EDGE('',*,*,#738,.F.);
#402=ORIENTED_EDGE('',*,*,#736,.F.);
#403=ORIENTED_EDGE('',*,*,#738,.T.);
#404=ORIENTED_EDGE('',*,*,#658,.T.);
#405=ORIENTED_EDGE('',*,*,#739,.F.);
#406=ORIENTED_EDGE('',*,*,#734,.F.);
#407=ORIENTED_EDGE('',*,*,#657,.F.);
#408=ORIENTED_EDGE('',*,*,#740,.T.);
#409=ORIENTED_EDGE('',*,*,#731,.F.);
#410=ORIENTED_EDGE('',*,*,#735,.F.);
#411=ORIENTED_EDGE('',*,*,#739,.T.);
#412=ORIENTED_EDGE('',*,*,#737,.F.);
#413=ORIENTED_EDGE('',*,*,#732,.T.);
#414=ORIENTED_EDGE('',*,*,#740,.F.);
#415=ORIENTED_EDGE('',*,*,#701,.F.);
#416=ORIENTED_EDGE('',*,*,#631,.F.);
#417=ORIENTED_EDGE('',*,*,#667,.F.);
#418=ORIENTED_EDGE('',*,*,#741,.F.);
#419=ORIENTED_EDGE('',*,*,#742,.F.);
#420=ORIENTED_EDGE('',*,*,#666,.F.);
#421=ORIENTED_EDGE('',*,*,#575,.F.);
#422=ORIENTED_EDGE('',*,*,#743,.F.);
#423=ORIENTED_EDGE('',*,*,#741,.T.);
#424=ORIENTED_EDGE('',*,*,#744,.F.);
#425=ORIENTED_EDGE('',*,*,#632,.F.);
#426=ORIENTED_EDGE('',*,*,#742,.T.);
#427=ORIENTED_EDGE('',*,*,#745,.F.);
#428=ORIENTED_EDGE('',*,*,#621,.F.);
#429=ORIENTED_EDGE('',*,*,#744,.T.);
#430=ORIENTED_EDGE('',*,*,#746,.F.);
#431=ORIENTED_EDGE('',*,*,#644,.F.);
#432=ORIENTED_EDGE('',*,*,#743,.T.);
#433=ORIENTED_EDGE('',*,*,#574,.F.);
#434=ORIENTED_EDGE('',*,*,#747,.F.);
#435=ORIENTED_EDGE('',*,*,#745,.T.);
#436=ORIENTED_EDGE('',*,*,#645,.F.);
#437=ORIENTED_EDGE('',*,*,#746,.T.);
#438=ORIENTED_EDGE('',*,*,#747,.T.);
#439=ORIENTED_EDGE('',*,*,#573,.F.);
#440=ORIENTED_EDGE('',*,*,#642,.F.);
#441=ORIENTED_EDGE('',*,*,#676,.F.);
#442=ORIENTED_EDGE('',*,*,#748,.F.);
#443=ORIENTED_EDGE('',*,*,#749,.F.);
#444=ORIENTED_EDGE('',*,*,#675,.F.);
#445=ORIENTED_EDGE('',*,*,#554,.F.);
#446=ORIENTED_EDGE('',*,*,#750,.F.);
#447=ORIENTED_EDGE('',*,*,#748,.T.);
#448=ORIENTED_EDGE('',*,*,#643,.F.);
#449=ORIENTED_EDGE('',*,*,#749,.T.);
#450=ORIENTED_EDGE('',*,*,#751,.F.);
#451=ORIENTED_EDGE('',*,*,#752,.F.);
#452=ORIENTED_EDGE('',*,*,#750,.T.);
#453=ORIENTED_EDGE('',*,*,#553,.F.);
#454=ORIENTED_EDGE('',*,*,#753,.F.);
#455=ORIENTED_EDGE('',*,*,#751,.T.);
#456=ORIENTED_EDGE('',*,*,#633,.F.);
#457=ORIENTED_EDGE('',*,*,#752,.T.);
#458=ORIENTED_EDGE('',*,*,#754,.F.);
#459=ORIENTED_EDGE('',*,*,#677,.F.);
#460=ORIENTED_EDGE('',*,*,#753,.T.);
#461=ORIENTED_EDGE('',*,*,#552,.F.);
#462=ORIENTED_EDGE('',*,*,#678,.F.);
#463=ORIENTED_EDGE('',*,*,#754,.T.);
#464=ORIENTED_EDGE('',*,*,#695,.F.);
#465=ORIENTED_EDGE('',*,*,#593,.F.);
#466=ORIENTED_EDGE('',*,*,#755,.F.);
#467=ORIENTED_EDGE('',*,*,#578,.F.);
#468=ORIENTED_EDGE('',*,*,#755,.T.);
#469=ORIENTED_EDGE('',*,*,#597,.F.);
#470=ORIENTED_EDGE('',*,*,#756,.F.);
#471=ORIENTED_EDGE('',*,*,#579,.F.);
#472=ORIENTED_EDGE('',*,*,#756,.T.);
#473=ORIENTED_EDGE('',*,*,#600,.F.);
#474=ORIENTED_EDGE('',*,*,#757,.F.);
#475=ORIENTED_EDGE('',*,*,#580,.F.);
#476=ORIENTED_EDGE('',*,*,#757,.T.);
#477=ORIENTED_EDGE('',*,*,#603,.F.);
#478=ORIENTED_EDGE('',*,*,#758,.F.);
#479=ORIENTED_EDGE('',*,*,#581,.F.);
#480=ORIENTED_EDGE('',*,*,#758,.T.);
#481=ORIENTED_EDGE('',*,*,#606,.F.);
#482=ORIENTED_EDGE('',*,*,#759,.F.);
#483=ORIENTED_EDGE('',*,*,#582,.F.);
#484=ORIENTED_EDGE('',*,*,#759,.T.);
#485=ORIENTED_EDGE('',*,*,#609,.F.);
#486=ORIENTED_EDGE('',*,*,#760,.F.);
#487=ORIENTED_EDGE('',*,*,#583,.F.);
#488=ORIENTED_EDGE('',*,*,#760,.T.);
#489=ORIENTED_EDGE('',*,*,#611,.F.);
#490=ORIENTED_EDGE('',*,*,#761,.F.);
#491=ORIENTED_EDGE('',*,*,#584,.F.);
#492=ORIENTED_EDGE('',*,*,#761,.T.);
#493=ORIENTED_EDGE('',*,*,#586,.F.);
#494=ORIENTED_EDGE('',*,*,#762,.F.);
#495=ORIENTED_EDGE('',*,*,#548,.F.);
#496=ORIENTED_EDGE('',*,*,#692,.F.);
#497=ORIENTED_EDGE('',*,*,#549,.F.);
#498=ORIENTED_EDGE('',*,*,#762,.T.);
#499=ORIENTED_EDGE('',*,*,#590,.F.);
#500=ORIENTED_EDGE('',*,*,#763,.F.);
#501=ORIENTED_EDGE('',*,*,#607,.F.);
#502=ORIENTED_EDGE('',*,*,#764,.F.);
#503=ORIENTED_EDGE('',*,*,#618,.F.);
#504=ORIENTED_EDGE('',*,*,#764,.T.);
#505=ORIENTED_EDGE('',*,*,#604,.F.);
#506=ORIENTED_EDGE('',*,*,#765,.F.);
#507=ORIENTED_EDGE('',*,*,#619,.F.);
#508=ORIENTED_EDGE('',*,*,#763,.T.);
#509=ORIENTED_EDGE('',*,*,#617,.F.);
#510=ORIENTED_EDGE('',*,*,#766,.F.);
#511=ORIENTED_EDGE('',*,*,#610,.F.);
#512=ORIENTED_EDGE('',*,*,#765,.T.);
#513=ORIENTED_EDGE('',*,*,#601,.F.);
#514=ORIENTED_EDGE('',*,*,#767,.F.);
#515=ORIENTED_EDGE('',*,*,#620,.F.);
#516=ORIENTED_EDGE('',*,*,#766,.T.);
#517=ORIENTED_EDGE('',*,*,#616,.F.);
#518=ORIENTED_EDGE('',*,*,#768,.F.);
#519=ORIENTED_EDGE('',*,*,#612,.F.);
#520=ORIENTED_EDGE('',*,*,#767,.T.);
#521=ORIENTED_EDGE('',*,*,#598,.F.);
#522=ORIENTED_EDGE('',*,*,#769,.F.);
#523=ORIENTED_EDGE('',*,*,#613,.F.);
#524=ORIENTED_EDGE('',*,*,#768,.T.);
#525=ORIENTED_EDGE('',*,*,#615,.F.);
#526=ORIENTED_EDGE('',*,*,#770,.F.);
#527=ORIENTED_EDGE('',*,*,#588,.F.);
#528=ORIENTED_EDGE('',*,*,#769,.T.);
#529=ORIENTED_EDGE('',*,*,#591,.F.);
#530=ORIENTED_EDGE('',*,*,#770,.T.);
#531=ORIENTED_EDGE('',*,*,#614,.F.);
#532=EDGE_CURVE('',#771,#772,#919,.T.);
#533=EDGE_CURVE('',#771,#773,#920,.T.);
#534=EDGE_CURVE('',#774,#773,#921,.T.);
#535=EDGE_CURVE('',#772,#774,#922,.T.);
#536=EDGE_CURVE('',#775,#776,#923,.T.);
#537=EDGE_CURVE('',#775,#777,#924,.T.);
#538=EDGE_CURVE('',#777,#778,#925,.T.);
#539=EDGE_CURVE('',#778,#779,#926,.T.);
#540=EDGE_CURVE('',#779,#780,#927,.T.);
#541=EDGE_CURVE('',#781,#780,#928,.T.);
#542=EDGE_CURVE('',#782,#781,#929,.T.);
#543=EDGE_CURVE('',#782,#776,#930,.T.);
#544=EDGE_CURVE('',#783,#784,#931,.T.);
#545=EDGE_CURVE('',#783,#785,#932,.T.);
#546=EDGE_CURVE('',#785,#786,#933,.T.);
#547=EDGE_CURVE('',#786,#784,#934,.T.);
#548=EDGE_CURVE('',#787,#788,#30,.T.);
#549=EDGE_CURVE('',#788,#789,#935,.T.);
#550=EDGE_CURVE('',#789,#790,#31,.F.);
#551=EDGE_CURVE('',#790,#791,#936,.T.);
#552=EDGE_CURVE('',#791,#792,#937,.T.);
#553=EDGE_CURVE('',#792,#793,#938,.T.);
#554=EDGE_CURVE('',#793,#794,#939,.T.);
#555=EDGE_CURVE('',#794,#795,#940,.T.);
#556=EDGE_CURVE('',#784,#795,#941,.T.);
#557=EDGE_CURVE('',#786,#796,#942,.T.);
#558=EDGE_CURVE('',#796,#797,#943,.T.);
#559=EDGE_CURVE('',#798,#797,#944,.T.);
#560=EDGE_CURVE('',#799,#798,#945,.T.);
#561=EDGE_CURVE('',#779,#799,#946,.T.);
#562=EDGE_CURVE('',#800,#778,#32,.F.);
#563=EDGE_CURVE('',#801,#800,#947,.T.);
#564=EDGE_CURVE('',#802,#801,#33,.F.);
#565=EDGE_CURVE('',#802,#803,#948,.T.);
#566=EDGE_CURVE('',#804,#803,#949,.T.);
#567=EDGE_CURVE('',#804,#805,#950,.T.);
#568=EDGE_CURVE('',#805,#806,#951,.T.);
#569=EDGE_CURVE('',#807,#806,#952,.T.);
#570=EDGE_CURVE('',#807,#774,#953,.T.);
#571=EDGE_CURVE('',#808,#773,#954,.T.);
#572=EDGE_CURVE('',#809,#808,#955,.T.);
#573=EDGE_CURVE('',#809,#810,#956,.T.);
#574=EDGE_CURVE('',#810,#811,#957,.T.);
#575=EDGE_CURVE('',#811,#812,#958,.T.);
#576=EDGE_CURVE('',#813,#812,#959,.T.);
#577=EDGE_CURVE('',#813,#814,#34,.F.);
#578=EDGE_CURVE('',#814,#815,#960,.T.);
#579=EDGE_CURVE('',#815,#816,#35,.T.);
#580=EDGE_CURVE('',#816,#817,#961,.T.);
#581=EDGE_CURVE('',#817,#818,#36,.T.);
#582=EDGE_CURVE('',#818,#819,#962,.T.);
#583=EDGE_CURVE('',#819,#820,#37,.T.);
#584=EDGE_CURVE('',#820,#787,#963,.T.);
#585=EDGE_CURVE('',#821,#822,#964,.T.);
#586=EDGE_CURVE('',#821,#823,#38,.F.);
#587=EDGE_CURVE('',#823,#824,#965,.T.);
#588=EDGE_CURVE('',#824,#822,#39,.T.);
#589=EDGE_CURVE('',#825,#826,#966,.T.);
#590=EDGE_CURVE('',#826,#821,#967,.T.);
#591=EDGE_CURVE('',#822,#827,#968,.T.);
#592=EDGE_CURVE('',#828,#827,#969,.T.);
#593=EDGE_CURVE('',#828,#829,#970,.T.);
#594=EDGE_CURVE('',#830,#829,#971,.T.);
#595=EDGE_CURVE('',#830,#825,#972,.T.);
#596=EDGE_CURVE('',#831,#832,#973,.T.);
#597=EDGE_CURVE('',#831,#828,#40,.F.);
#598=EDGE_CURVE('',#827,#832,#41,.T.);
#599=EDGE_CURVE('',#833,#834,#974,.T.);
#600=EDGE_CURVE('',#833,#831,#975,.T.);
#601=EDGE_CURVE('',#832,#834,#976,.T.);
#602=EDGE_CURVE('',#835,#836,#977,.T.);
#603=EDGE_CURVE('',#835,#833,#42,.F.);
#604=EDGE_CURVE('',#834,#836,#43,.T.);
#605=EDGE_CURVE('',#837,#838,#978,.T.);
#606=EDGE_CURVE('',#837,#835,#979,.T.);
#607=EDGE_CURVE('',#836,#838,#980,.T.);
#608=EDGE_CURVE('',#839,#840,#981,.T.);
#609=EDGE_CURVE('',#839,#837,#44,.F.);
#610=EDGE_CURVE('',#838,#840,#45,.T.);
#611=EDGE_CURVE('',#823,#839,#982,.T.);
#612=EDGE_CURVE('',#840,#824,#983,.T.);
#613=EDGE_CURVE('',#841,#842,#46,.F.);
#614=EDGE_CURVE('',#842,#843,#984,.T.);
#615=EDGE_CURVE('',#843,#844,#47,.F.);
#616=EDGE_CURVE('',#844,#845,#985,.T.);
#617=EDGE_CURVE('',#845,#846,#48,.F.);
#618=EDGE_CURVE('',#846,#847,#986,.T.);
#619=EDGE_CURVE('',#847,#848,#49,.F.);
#620=EDGE_CURVE('',#848,#841,#987,.T.);
#621=EDGE_CURVE('',#849,#850,#988,.T.);
#622=EDGE_CURVE('',#850,#851,#989,.T.);
#623=EDGE_CURVE('',#852,#851,#990,.T.);
#624=EDGE_CURVE('',#852,#853,#991,.T.);
#625=EDGE_CURVE('',#854,#853,#992,.T.);
#626=EDGE_CURVE('',#855,#854,#993,.T.);
#627=EDGE_CURVE('',#855,#856,#994,.T.);
#628=EDGE_CURVE('',#857,#856,#995,.T.);
#629=EDGE_CURVE('',#858,#857,#996,.T.);
#630=EDGE_CURVE('',#858,#859,#997,.T.);
#631=EDGE_CURVE('',#859,#860,#998,.T.);
#632=EDGE_CURVE('',#860,#849,#999,.T.);
#633=EDGE_CURVE('',#861,#862,#1000,.T.);
#634=EDGE_CURVE('',#863,#862,#1001,.T.);
#635=EDGE_CURVE('',#781,#863,#1002,.T.);
#636=EDGE_CURVE('',#780,#864,#1003,.T.);
#637=EDGE_CURVE('',#864,#865,#1004,.T.);
#638=EDGE_CURVE('',#865,#866,#1005,.T.);
#639=EDGE_CURVE('',#867,#866,#1006,.T.);
#640=EDGE_CURVE('',#868,#867,#1007,.T.);
#641=EDGE_CURVE('',#869,#868,#1008,.T.);
#642=EDGE_CURVE('',#869,#870,#1009,.T.);
#643=EDGE_CURVE('',#870,#861,#1010,.T.);
#644=EDGE_CURVE('',#850,#871,#1011,.F.);
#645=EDGE_CURVE('',#871,#809,#1012,.T.);
#646=EDGE_CURVE('',#872,#808,#1013,.T.);
#647=EDGE_CURVE('',#872,#873,#1014,.T.);
#648=EDGE_CURVE('',#873,#851,#1015,.T.);
#649=EDGE_CURVE('',#874,#873,#1016,.T.);
#650=EDGE_CURVE('',#874,#772,#1017,.T.);
#651=EDGE_CURVE('',#807,#852,#1018,.T.);
#652=EDGE_CURVE('',#806,#853,#1019,.T.);
#653=EDGE_CURVE('',#805,#854,#1020,.T.);
#654=EDGE_CURVE('',#804,#855,#1021,.T.);
#655=EDGE_CURVE('',#803,#856,#1022,.T.);
#656=EDGE_CURVE('',#875,#876,#1023,.T.);
#657=EDGE_CURVE('',#875,#877,#1024,.T.);
#658=EDGE_CURVE('',#878,#877,#1025,.T.);
#659=EDGE_CURVE('',#878,#857,#1026,.T.);
#660=EDGE_CURVE('',#876,#802,#1027,.T.);
#661=EDGE_CURVE('',#878,#879,#1028,.T.);
#662=EDGE_CURVE('',#880,#879,#1029,.T.);
#663=EDGE_CURVE('',#880,#858,#1030,.T.);
#664=EDGE_CURVE('',#880,#881,#1031,.T.);
#665=EDGE_CURVE('',#881,#813,#1032,.T.);
#666=EDGE_CURVE('',#812,#882,#1033,.F.);
#667=EDGE_CURVE('',#882,#859,#1034,.T.);
#668=EDGE_CURVE('',#797,#866,#1035,.T.);
#669=EDGE_CURVE('',#796,#867,#1036,.T.);
#670=EDGE_CURVE('',#785,#883,#1037,.T.);
#671=EDGE_CURVE('',#884,#883,#1038,.T.);
#672=EDGE_CURVE('',#884,#868,#1039,.T.);
#673=EDGE_CURVE('',#885,#884,#1040,.T.);
#674=EDGE_CURVE('',#885,#795,#1041,.T.);
#675=EDGE_CURVE('',#794,#886,#1042,.T.);
#676=EDGE_CURVE('',#886,#869,#1043,.F.);
#677=EDGE_CURVE('',#862,#887,#1044,.T.);
#678=EDGE_CURVE('',#887,#791,#1045,.F.);
#679=EDGE_CURVE('',#888,#790,#1046,.T.);
#680=EDGE_CURVE('',#889,#888,#1047,.T.);
#681=EDGE_CURVE('',#889,#863,#1048,.T.);
#682=EDGE_CURVE('',#890,#889,#1049,.T.);
#683=EDGE_CURVE('',#890,#782,#1050,.T.);
#684=EDGE_CURVE('',#799,#864,#1051,.T.);
#685=EDGE_CURVE('',#798,#865,#1052,.T.);
#686=EDGE_CURVE('',#771,#891,#1053,.T.);
#687=EDGE_CURVE('',#891,#872,#1054,.T.);
#688=EDGE_CURVE('',#891,#874,#1055,.T.);
#689=EDGE_CURVE('',#885,#892,#1056,.T.);
#690=EDGE_CURVE('',#892,#783,#1057,.T.);
#691=EDGE_CURVE('',#883,#892,#1058,.T.);
#692=EDGE_CURVE('',#789,#826,#20,.F.);
#693=EDGE_CURVE('',#888,#825,#50,.T.);
#694=EDGE_CURVE('',#830,#881,#51,.T.);
#695=EDGE_CURVE('',#829,#814,#21,.F.);
#696=EDGE_CURVE('',#893,#801,#1059,.T.);
#697=EDGE_CURVE('',#893,#876,#52,.T.);
#698=EDGE_CURVE('',#894,#800,#1060,.T.);
#699=EDGE_CURVE('',#894,#893,#1061,.T.);
#700=EDGE_CURVE('',#777,#894,#53,.T.);
#701=EDGE_CURVE('',#879,#875,#1062,.T.);
#702=EDGE_CURVE('',#775,#890,#1063,.T.);
#703=EDGE_CURVE('',#895,#896,#1064,.T.);
#704=EDGE_CURVE('',#896,#897,#1065,.T.);
#705=EDGE_CURVE('',#897,#898,#1066,.T.);
#706=EDGE_CURVE('',#898,#895,#1067,.T.);
#707=EDGE_CURVE('',#783,#898,#1068,.T.);
#708=EDGE_CURVE('',#895,#892,#1069,.F.);
#709=EDGE_CURVE('',#896,#883,#1070,.T.);
#710=EDGE_CURVE('',#785,#897,#1071,.T.);
#711=EDGE_CURVE('',#899,#900,#1072,.T.);
#712=EDGE_CURVE('',#899,#901,#1073,.T.);
#713=EDGE_CURVE('',#901,#902,#1074,.T.);
#714=EDGE_CURVE('',#902,#900,#1075,.T.);
#715=EDGE_CURVE('',#901,#903,#1076,.T.);
#716=EDGE_CURVE('',#903,#904,#1077,.T.);
#717=EDGE_CURVE('',#904,#902,#1078,.T.);
#718=EDGE_CURVE('',#890,#900,#1079,.F.);
#719=EDGE_CURVE('',#782,#904,#1080,.T.);
#720=EDGE_CURVE('',#776,#903,#1081,.T.);
#721=EDGE_CURVE('',#899,#775,#1082,.F.);
#722=EDGE_CURVE('',#905,#906,#1083,.T.);
#723=EDGE_CURVE('',#906,#907,#1084,.T.);
#724=EDGE_CURVE('',#907,#908,#1085,.T.);
#725=EDGE_CURVE('',#908,#905,#1086,.T.);
#726=EDGE_CURVE('',#905,#771,#1087,.F.);
#727=EDGE_CURVE('',#891,#908,#1088,.F.);
#728=EDGE_CURVE('',#874,#907,#1089,.T.);
#729=EDGE_CURVE('',#906,#772,#1090,.F.);
#730=EDGE_CURVE('',#909,#910,#1091,.T.);
#731=EDGE_CURVE('',#910,#911,#1092,.F.);
#732=EDGE_CURVE('',#912,#911,#1093,.T.);
#733=EDGE_CURVE('',#912,#909,#1094,.T.);
#734=EDGE_CURVE('',#913,#914,#1095,.T.);
#735=EDGE_CURVE('',#914,#910,#1096,.T.);
#736=EDGE_CURVE('',#909,#913,#1097,.T.);
#737=EDGE_CURVE('',#912,#879,#1098,.F.);
#738=EDGE_CURVE('',#913,#878,#1099,.F.);
#739=EDGE_CURVE('',#914,#877,#1100,.T.);
#740=EDGE_CURVE('',#875,#911,#1101,.T.);
#741=EDGE_CURVE('',#915,#882,#1102,.T.);
#742=EDGE_CURVE('',#860,#915,#1103,.F.);
#743=EDGE_CURVE('',#915,#811,#1104,.F.);
#744=EDGE_CURVE('',#849,#916,#1105,.T.);
#745=EDGE_CURVE('',#916,#915,#1106,.T.);
#746=EDGE_CURVE('',#871,#916,#1107,.T.);
#747=EDGE_CURVE('',#916,#810,#1108,.T.);
#748=EDGE_CURVE('',#917,#886,#1109,.T.);
#749=EDGE_CURVE('',#870,#917,#1110,.F.);
#750=EDGE_CURVE('',#917,#793,#1111,.F.);
#751=EDGE_CURVE('',#918,#917,#1112,.T.);
#752=EDGE_CURVE('',#861,#918,#1113,.T.);
#753=EDGE_CURVE('',#918,#792,#1114,.T.);
#754=EDGE_CURVE('',#887,#918,#1115,.T.);
#755=EDGE_CURVE('',#815,#828,#1116,.T.);
#756=EDGE_CURVE('',#816,#831,#1117,.T.);
#757=EDGE_CURVE('',#817,#833,#1118,.T.);
#758=EDGE_CURVE('',#818,#835,#1119,.T.);
#759=EDGE_CURVE('',#819,#837,#1120,.T.);
#760=EDGE_CURVE('',#820,#839,#1121,.T.);
#761=EDGE_CURVE('',#787,#823,#1122,.T.);
#762=EDGE_CURVE('',#788,#821,#1123,.T.);
#763=EDGE_CURVE('',#838,#846,#1124,.T.);
#764=EDGE_CURVE('',#847,#836,#1125,.T.);
#765=EDGE_CURVE('',#848,#834,#1126,.T.);
#766=EDGE_CURVE('',#840,#845,#1127,.T.);
#767=EDGE_CURVE('',#841,#832,#1128,.T.);
#768=EDGE_CURVE('',#824,#844,#1129,.T.);
#769=EDGE_CURVE('',#842,#827,#1130,.T.);
#770=EDGE_CURVE('',#822,#843,#1131,.T.);
#771=VERTEX_POINT('',#2279);
#772=VERTEX_POINT('',#2280);
#773=VERTEX_POINT('',#2282);
#774=VERTEX_POINT('',#2284);
#775=VERTEX_POINT('',#2288);
#776=VERTEX_POINT('',#2289);
#777=VERTEX_POINT('',#2291);
#778=VERTEX_POINT('',#2293);
#779=VERTEX_POINT('',#2295);
#780=VERTEX_POINT('',#2297);
#781=VERTEX_POINT('',#2299);
#782=VERTEX_POINT('',#2301);
#783=VERTEX_POINT('',#2305);
#784=VERTEX_POINT('',#2306);
#785=VERTEX_POINT('',#2308);
#786=VERTEX_POINT('',#2310);
#787=VERTEX_POINT('',#2314);
#788=VERTEX_POINT('',#2315);
#789=VERTEX_POINT('',#2317);
#790=VERTEX_POINT('',#2319);
#791=VERTEX_POINT('',#2321);
#792=VERTEX_POINT('',#2323);
#793=VERTEX_POINT('',#2325);
#794=VERTEX_POINT('',#2327);
#795=VERTEX_POINT('',#2329);
#796=VERTEX_POINT('',#2332);
#797=VERTEX_POINT('',#2334);
#798=VERTEX_POINT('',#2336);
#799=VERTEX_POINT('',#2338);
#800=VERTEX_POINT('',#2341);
#801=VERTEX_POINT('',#2343);
#802=VERTEX_POINT('',#2345);
#803=VERTEX_POINT('',#2347);
#804=VERTEX_POINT('',#2349);
#805=VERTEX_POINT('',#2351);
#806=VERTEX_POINT('',#2353);
#807=VERTEX_POINT('',#2355);
#808=VERTEX_POINT('',#2358);
#809=VERTEX_POINT('',#2360);
#810=VERTEX_POINT('',#2362);
#811=VERTEX_POINT('',#2364);
#812=VERTEX_POINT('',#2366);
#813=VERTEX_POINT('',#2368);
#814=VERTEX_POINT('',#2370);
#815=VERTEX_POINT('',#2372);
#816=VERTEX_POINT('',#2374);
#817=VERTEX_POINT('',#2376);
#818=VERTEX_POINT('',#2378);
#819=VERTEX_POINT('',#2380);
#820=VERTEX_POINT('',#2382);
#821=VERTEX_POINT('',#2386);
#822=VERTEX_POINT('',#2387);
#823=VERTEX_POINT('',#2389);
#824=VERTEX_POINT('',#2391);
#825=VERTEX_POINT('',#2395);
#826=VERTEX_POINT('',#2396);
#827=VERTEX_POINT('',#2399);
#828=VERTEX_POINT('',#2401);
#829=VERTEX_POINT('',#2403);
#830=VERTEX_POINT('',#2405);
#831=VERTEX_POINT('',#2409);
#832=VERTEX_POINT('',#2410);
#833=VERTEX_POINT('',#2415);
#834=VERTEX_POINT('',#2416);
#835=VERTEX_POINT('',#2421);
#836=VERTEX_POINT('',#2422);
#837=VERTEX_POINT('',#2427);
#838=VERTEX_POINT('',#2428);
#839=VERTEX_POINT('',#2433);
#840=VERTEX_POINT('',#2434);
#841=VERTEX_POINT('',#2442);
#842=VERTEX_POINT('',#2443);
#843=VERTEX_POINT('',#2445);
#844=VERTEX_POINT('',#2447);
#845=VERTEX_POINT('',#2449);
#846=VERTEX_POINT('',#2451);
#847=VERTEX_POINT('',#2453);
#848=VERTEX_POINT('',#2455);
#849=VERTEX_POINT('',#2458);
#850=VERTEX_POINT('',#2459);
#851=VERTEX_POINT('',#2461);
#852=VERTEX_POINT('',#2463);
#853=VERTEX_POINT('',#2465);
#854=VERTEX_POINT('',#2467);
#855=VERTEX_POINT('',#2469);
#856=VERTEX_POINT('',#2471);
#857=VERTEX_POINT('',#2473);
#858=VERTEX_POINT('',#2475);
#859=VERTEX_POINT('',#2477);
#860=VERTEX_POINT('',#2479);
#861=VERTEX_POINT('',#2482);
#862=VERTEX_POINT('',#2483);
#863=VERTEX_POINT('',#2485);
#864=VERTEX_POINT('',#2488);
#865=VERTEX_POINT('',#2490);
#866=VERTEX_POINT('',#2492);
#867=VERTEX_POINT('',#2494);
#868=VERTEX_POINT('',#2496);
#869=VERTEX_POINT('',#2498);
#870=VERTEX_POINT('',#2500);
#871=VERTEX_POINT('',#2504);
#872=VERTEX_POINT('',#2507);
#873=VERTEX_POINT('',#2509);
#874=VERTEX_POINT('',#2513);
#875=VERTEX_POINT('',#2526);
#876=VERTEX_POINT('',#2527);
#877=VERTEX_POINT('',#2529);
#878=VERTEX_POINT('',#2531);
#879=VERTEX_POINT('',#2536);
#880=VERTEX_POINT('',#2538);
#881=VERTEX_POINT('',#2542);
#882=VERTEX_POINT('',#2545);
#883=VERTEX_POINT('',#2552);
#884=VERTEX_POINT('',#2554);
#885=VERTEX_POINT('',#2558);
#886=VERTEX_POINT('',#2561);
#887=VERTEX_POINT('',#2565);
#888=VERTEX_POINT('',#2568);
#889=VERTEX_POINT('',#2570);
#890=VERTEX_POINT('',#2574);
#891=VERTEX_POINT('',#2583);
#892=VERTEX_POINT('',#2589);
#893=VERTEX_POINT('',#2601);
#894=VERTEX_POINT('',#2605);
#895=VERTEX_POINT('',#2614);
#896=VERTEX_POINT('',#2615);
#897=VERTEX_POINT('',#2617);
#898=VERTEX_POINT('',#2619);
#899=VERTEX_POINT('',#2631);
#900=VERTEX_POINT('',#2632);
#901=VERTEX_POINT('',#2634);
#902=VERTEX_POINT('',#2636);
#903=VERTEX_POINT('',#2640);
#904=VERTEX_POINT('',#2642);
#905=VERTEX_POINT('',#2654);
#906=VERTEX_POINT('',#2655);
#907=VERTEX_POINT('',#2657);
#908=VERTEX_POINT('',#2659);
#909=VERTEX_POINT('',#2671);
#910=VERTEX_POINT('',#2672);
#911=VERTEX_POINT('',#2674);
#912=VERTEX_POINT('',#2676);
#913=VERTEX_POINT('',#2680);
#914=VERTEX_POINT('',#2681);
#915=VERTEX_POINT('',#2694);
#916=VERTEX_POINT('',#2700);
#917=VERTEX_POINT('',#2709);
#918=VERTEX_POINT('',#2715);
#919=LINE('',#2278,#1132);
#920=LINE('',#2281,#1133);
#921=LINE('',#2283,#1134);
#922=LINE('',#2285,#1135);
#923=LINE('',#2287,#1136);
#924=LINE('',#2290,#1137);
#925=LINE('',#2292,#1138);
#926=LINE('',#2294,#1139);
#927=LINE('',#2296,#1140);
#928=LINE('',#2298,#1141);
#929=LINE('',#2300,#1142);
#930=LINE('',#2302,#1143);
#931=LINE('',#2304,#1144);
#932=LINE('',#2307,#1145);
#933=LINE('',#2309,#1146);
#934=LINE('',#2311,#1147);
#935=LINE('',#2316,#1148);
#936=LINE('',#2320,#1149);
#937=LINE('',#2322,#1150);
#938=LINE('',#2324,#1151);
#939=LINE('',#2326,#1152);
#940=LINE('',#2328,#1153);
#941=LINE('',#2330,#1154);
#942=LINE('',#2331,#1155);
#943=LINE('',#2333,#1156);
#944=LINE('',#2335,#1157);
#945=LINE('',#2337,#1158);
#946=LINE('',#2339,#1159);
#947=LINE('',#2342,#1160);
#948=LINE('',#2346,#1161);
#949=LINE('',#2348,#1162);
#950=LINE('',#2350,#1163);
#951=LINE('',#2352,#1164);
#952=LINE('',#2354,#1165);
#953=LINE('',#2356,#1166);
#954=LINE('',#2357,#1167);
#955=LINE('',#2359,#1168);
#956=LINE('',#2361,#1169);
#957=LINE('',#2363,#1170);
#958=LINE('',#2365,#1171);
#959=LINE('',#2367,#1172);
#960=LINE('',#2371,#1173);
#961=LINE('',#2375,#1174);
#962=LINE('',#2379,#1175);
#963=LINE('',#2383,#1176);
#964=LINE('',#2385,#1177);
#965=LINE('',#2390,#1178);
#966=LINE('',#2394,#1179);
#967=LINE('',#2397,#1180);
#968=LINE('',#2398,#1181);
#969=LINE('',#2400,#1182);
#970=LINE('',#2402,#1183);
#971=LINE('',#2404,#1184);
#972=LINE('',#2406,#1185);
#973=LINE('',#2408,#1186);
#974=LINE('',#2414,#1187);
#975=LINE('',#2417,#1188);
#976=LINE('',#2418,#1189);
#977=LINE('',#2420,#1190);
#978=LINE('',#2426,#1191);
#979=LINE('',#2429,#1192);
#980=LINE('',#2430,#1193);
#981=LINE('',#2432,#1194);
#982=LINE('',#2438,#1195);
#983=LINE('',#2439,#1196);
#984=LINE('',#2444,#1197);
#985=LINE('',#2448,#1198);
#986=LINE('',#2452,#1199);
#987=LINE('',#2456,#1200);
#988=LINE('',#2457,#1201);
#989=LINE('',#2460,#1202);
#990=LINE('',#2462,#1203);
#991=LINE('',#2464,#1204);
#992=LINE('',#2466,#1205);
#993=LINE('',#2468,#1206);
#994=LINE('',#2470,#1207);
#995=LINE('',#2472,#1208);
#996=LINE('',#2474,#1209);
#997=LINE('',#2476,#1210);
#998=LINE('',#2478,#1211);
#999=LINE('',#2480,#1212);
#1000=LINE('',#2481,#1213);
#1001=LINE('',#2484,#1214);
#1002=LINE('',#2486,#1215);
#1003=LINE('',#2487,#1216);
#1004=LINE('',#2489,#1217);
#1005=LINE('',#2491,#1218);
#1006=LINE('',#2493,#1219);
#1007=LINE('',#2495,#1220);
#1008=LINE('',#2497,#1221);
#1009=LINE('',#2499,#1222);
#1010=LINE('',#2501,#1223);
#1011=LINE('',#2503,#1224);
#1012=LINE('',#2505,#1225);
#1013=LINE('',#2506,#1226);
#1014=LINE('',#2508,#1227);
#1015=LINE('',#2510,#1228);
#1016=LINE('',#2512,#1229);
#1017=LINE('',#2514,#1230);
#1018=LINE('',#2515,#1231);
#1019=LINE('',#2517,#1232);
#1020=LINE('',#2519,#1233);
#1021=LINE('',#2521,#1234);
#1022=LINE('',#2523,#1235);
#1023=LINE('',#2525,#1236);
#1024=LINE('',#2528,#1237);
#1025=LINE('',#2530,#1238);
#1026=LINE('',#2532,#1239);
#1027=LINE('',#2533,#1240);
#1028=LINE('',#2535,#1241);
#1029=LINE('',#2537,#1242);
#1030=LINE('',#2539,#1243);
#1031=LINE('',#2541,#1244);
#1032=LINE('',#2543,#1245);
#1033=LINE('',#2544,#1246);
#1034=LINE('',#2546,#1247);
#1035=LINE('',#2548,#1248);
#1036=LINE('',#2549,#1249);
#1037=LINE('',#2551,#1250);
#1038=LINE('',#2553,#1251);
#1039=LINE('',#2555,#1252);
#1040=LINE('',#2557,#1253);
#1041=LINE('',#2559,#1254);
#1042=LINE('',#2560,#1255);
#1043=LINE('',#2562,#1256);
#1044=LINE('',#2564,#1257);
#1045=LINE('',#2566,#1258);
#1046=LINE('',#2567,#1259);
#1047=LINE('',#2569,#1260);
#1048=LINE('',#2571,#1261);
#1049=LINE('',#2573,#1262);
#1050=LINE('',#2575,#1263);
#1051=LINE('',#2577,#1264);
#1052=LINE('',#2579,#1265);
#1053=LINE('',#2582,#1266);
#1054=LINE('',#2584,#1267);
#1055=LINE('',#2586,#1268);
#1056=LINE('',#2588,#1269);
#1057=LINE('',#2590,#1270);
#1058=LINE('',#2592,#1271);
#1059=LINE('',#2600,#1272);
#1060=LINE('',#2604,#1273);
#1061=LINE('',#2606,#1274);
#1062=LINE('',#2610,#1275);
#1063=LINE('',#2611,#1276);
#1064=LINE('',#2613,#1277);
#1065=LINE('',#2616,#1278);
#1066=LINE('',#2618,#1279);
#1067=LINE('',#2620,#1280);
#1068=LINE('',#2622,#1281);
#1069=LINE('',#2623,#1282);
#1070=LINE('',#2625,#1283);
#1071=LINE('',#2627,#1284);
#1072=LINE('',#2630,#1285);
#1073=LINE('',#2633,#1286);
#1074=LINE('',#2635,#1287);
#1075=LINE('',#2637,#1288);
#1076=LINE('',#2639,#1289);
#1077=LINE('',#2641,#1290);
#1078=LINE('',#2643,#1291);
#1079=LINE('',#2645,#1292);
#1080=LINE('',#2646,#1293);
#1081=LINE('',#2648,#1294);
#1082=LINE('',#2650,#1295);
#1083=LINE('',#2653,#1296);
#1084=LINE('',#2656,#1297);
#1085=LINE('',#2658,#1298);
#1086=LINE('',#2660,#1299);
#1087=LINE('',#2662,#1300);
#1088=LINE('',#2663,#1301);
#1089=LINE('',#2665,#1302);
#1090=LINE('',#2667,#1303);
#1091=LINE('',#2670,#1304);
#1092=LINE('',#2673,#1305);
#1093=LINE('',#2675,#1306);
#1094=LINE('',#2677,#1307);
#1095=LINE('',#2679,#1308);
#1096=LINE('',#2682,#1309);
#1097=LINE('',#2683,#1310);
#1098=LINE('',#2685,#1311);
#1099=LINE('',#2686,#1312);
#1100=LINE('',#2688,#1313);
#1101=LINE('',#2690,#1314);
#1102=LINE('',#2693,#1315);
#1103=LINE('',#2695,#1316);
#1104=LINE('',#2697,#1317);
#1105=LINE('',#2699,#1318);
#1106=LINE('',#2701,#1319);
#1107=LINE('',#2703,#1320);
#1108=LINE('',#2705,#1321);
#1109=LINE('',#2708,#1322);
#1110=LINE('',#2710,#1323);
#1111=LINE('',#2712,#1324);
#1112=LINE('',#2714,#1325);
#1113=LINE('',#2716,#1326);
#1114=LINE('',#2718,#1327);
#1115=LINE('',#2720,#1328);
#1116=LINE('',#2723,#1329);
#1117=LINE('',#2725,#1330);
#1118=LINE('',#2727,#1331);
#1119=LINE('',#2729,#1332);
#1120=LINE('',#2731,#1333);
#1121=LINE('',#2733,#1334);
#1122=LINE('',#2735,#1335);
#1123=LINE('',#2737,#1336);
#1124=LINE('',#2740,#1337);
#1125=LINE('',#2741,#1338);
#1126=LINE('',#2743,#1339);
#1127=LINE('',#2745,#1340);
#1128=LINE('',#2747,#1341);
#1129=LINE('',#2749,#1342);
#1130=LINE('',#2751,#1343);
#1131=LINE('',#2753,#1344);
#1132=VECTOR('',#1831,1.);
#1133=VECTOR('',#1832,1.);
#1134=VECTOR('',#1833,1.);
#1135=VECTOR('',#1834,1.);
#1136=VECTOR('',#1837,1.);
#1137=VECTOR('',#1838,1.);
#1138=VECTOR('',#1839,1.);
#1139=VECTOR('',#1840,1.);
#1140=VECTOR('',#1841,1.);
#1141=VECTOR('',#1842,1.);
#1142=VECTOR('',#1843,1.);
#1143=VECTOR('',#1844,1.);
#1144=VECTOR('',#1847,1.);
#1145=VECTOR('',#1848,1.);
#1146=VECTOR('',#1849,1.);
#1147=VECTOR('',#1850,1.);
#1148=VECTOR('',#1855,1.);
#1149=VECTOR('',#1858,1.);
#1150=VECTOR('',#1859,1.);
#1151=VECTOR('',#1860,1.);
#1152=VECTOR('',#1861,1.);
#1153=VECTOR('',#1862,1.);
#1154=VECTOR('',#1863,1.);
#1155=VECTOR('',#1864,1.);
#1156=VECTOR('',#1865,1.);
#1157=VECTOR('',#1866,1.);
#1158=VECTOR('',#1867,1.);
#1159=VECTOR('',#1868,1.);
#1160=VECTOR('',#1871,1.);
#1161=VECTOR('',#1874,1.);
#1162=VECTOR('',#1875,1.);
#1163=VECTOR('',#1876,1.);
#1164=VECTOR('',#1877,1.);
#1165=VECTOR('',#1878,1.);
#1166=VECTOR('',#1879,1.);
#1167=VECTOR('',#1880,1.);
#1168=VECTOR('',#1881,1.);
#1169=VECTOR('',#1882,1.);
#1170=VECTOR('',#1883,1.);
#1171=VECTOR('',#1884,1.);
#1172=VECTOR('',#1885,1.);
#1173=VECTOR('',#1888,1.);
#1174=VECTOR('',#1891,1.);
#1175=VECTOR('',#1894,1.);
#1176=VECTOR('',#1897,1.);
#1177=VECTOR('',#1900,1.);
#1178=VECTOR('',#1903,1.);
#1179=VECTOR('',#1908,1.);
#1180=VECTOR('',#1909,1.);
#1181=VECTOR('',#1910,1.);
#1182=VECTOR('',#1911,1.);
#1183=VECTOR('',#1912,1.);
#1184=VECTOR('',#1913,1.);
#1185=VECTOR('',#1914,1.);
#1186=VECTOR('',#1917,1.);
#1187=VECTOR('',#1924,1.);
#1188=VECTOR('',#1925,1.);
#1189=VECTOR('',#1926,1.);
#1190=VECTOR('',#1929,1.);
#1191=VECTOR('',#1936,1.);
#1192=VECTOR('',#1937,1.);
#1193=VECTOR('',#1938,1.);
#1194=VECTOR('',#1941,1.);
#1195=VECTOR('',#1948,1.);
#1196=VECTOR('',#1949,1.);
#1197=VECTOR('',#1954,1.);
#1198=VECTOR('',#1957,1.);
#1199=VECTOR('',#1960,1.);
#1200=VECTOR('',#1963,1.);
#1201=VECTOR('',#1964,1.);
#1202=VECTOR('',#1965,1.);
#1203=VECTOR('',#1966,1.);
#1204=VECTOR('',#1967,1.);
#1205=VECTOR('',#1968,1.);
#1206=VECTOR('',#1969,1.);
#1207=VECTOR('',#1970,1.);
#1208=VECTOR('',#1971,1.);
#1209=VECTOR('',#1972,1.);
#1210=VECTOR('',#1973,1.);
#1211=VECTOR('',#1974,1.);
#1212=VECTOR('',#1975,1.);
#1213=VECTOR('',#1976,1.);
#1214=VECTOR('',#1977,1.);
#1215=VECTOR('',#1978,1.);
#1216=VECTOR('',#1979,1.);
#1217=VECTOR('',#1980,1.);
#1218=VECTOR('',#1981,1.);
#1219=VECTOR('',#1982,1.);
#1220=VECTOR('',#1983,1.);
#1221=VECTOR('',#1984,1.);
#1222=VECTOR('',#1985,1.);
#1223=VECTOR('',#1986,1.);
#1224=VECTOR('',#1989,1.);
#1225=VECTOR('',#1990,1.);
#1226=VECTOR('',#1991,1.);
#1227=VECTOR('',#1992,1.);
#1228=VECTOR('',#1993,1.);
#1229=VECTOR('',#1996,1.);
#1230=VECTOR('',#1997,1.);
#1231=VECTOR('',#1998,1.);
#1232=VECTOR('',#2001,1.);
#1233=VECTOR('',#2004,1.);
#1234=VECTOR('',#2007,1.);
#1235=VECTOR('',#2010,1.);
#1236=VECTOR('',#2013,1.);
#1237=VECTOR('',#2014,1.);
#1238=VECTOR('',#2015,1.);
#1239=VECTOR('',#2016,1.);
#1240=VECTOR('',#2017,1.);
#1241=VECTOR('',#2020,1.);
#1242=VECTOR('',#2021,1.);
#1243=VECTOR('',#2022,1.);
#1244=VECTOR('',#2025,1.);
#1245=VECTOR('',#2026,1.);
#1246=VECTOR('',#2027,1.);
#1247=VECTOR('',#2028,1.);
#1248=VECTOR('',#2031,1.);
#1249=VECTOR('',#2032,1.);
#1250=VECTOR('',#2035,1.);
#1251=VECTOR('',#2036,1.);
#1252=VECTOR('',#2037,1.);
#1253=VECTOR('',#2040,1.);
#1254=VECTOR('',#2041,1.);
#1255=VECTOR('',#2042,1.);
#1256=VECTOR('',#2043,1.);
#1257=VECTOR('',#2046,1.);
#1258=VECTOR('',#2047,1.);
#1259=VECTOR('',#2048,1.);
#1260=VECTOR('',#2049,1.);
#1261=VECTOR('',#2050,1.);
#1262=VECTOR('',#2053,1.);
#1263=VECTOR('',#2054,1.);
#1264=VECTOR('',#2057,1.);
#1265=VECTOR('',#2060,1.);
#1266=VECTOR('',#2065,1.);
#1267=VECTOR('',#2066,1.);
#1268=VECTOR('',#2069,1.);
#1269=VECTOR('',#2072,1.);
#1270=VECTOR('',#2073,1.);
#1271=VECTOR('',#2076,1.);
#1272=VECTOR('',#2091,1.);
#1273=VECTOR('',#2096,1.);
#1274=VECTOR('',#2097,1.);
#1275=VECTOR('',#2104,1.);
#1276=VECTOR('',#2105,1.);
#1277=VECTOR('',#2108,1.);
#1278=VECTOR('',#2109,1.);
#1279=VECTOR('',#2110,1.);
#1280=VECTOR('',#2111,1.);
#1281=VECTOR('',#2114,1.);
#1282=VECTOR('',#2115,1.);
#1283=VECTOR('',#2118,1.);
#1284=VECTOR('',#2121,1.);
#1285=VECTOR('',#2126,1.);
#1286=VECTOR('',#2127,1.);
#1287=VECTOR('',#2128,1.);
#1288=VECTOR('',#2129,1.);
#1289=VECTOR('',#2132,1.);
#1290=VECTOR('',#2133,1.);
#1291=VECTOR('',#2134,1.);
#1292=VECTOR('',#2137,1.);
#1293=VECTOR('',#2138,1.);
#1294=VECTOR('',#2141,1.);
#1295=VECTOR('',#2144,1.);
#1296=VECTOR('',#2149,1.);
#1297=VECTOR('',#2150,1.);
#1298=VECTOR('',#2151,1.);
#1299=VECTOR('',#2152,1.);
#1300=VECTOR('',#2155,1.);
#1301=VECTOR('',#2156,1.);
#1302=VECTOR('',#2159,1.);
#1303=VECTOR('',#2162,1.);
#1304=VECTOR('',#2167,1.);
#1305=VECTOR('',#2168,1.);
#1306=VECTOR('',#2169,1.);
#1307=VECTOR('',#2170,1.);
#1308=VECTOR('',#2173,1.);
#1309=VECTOR('',#2174,1.);
#1310=VECTOR('',#2175,1.);
#1311=VECTOR('',#2178,1.);
#1312=VECTOR('',#2179,1.);
#1313=VECTOR('',#2182,1.);
#1314=VECTOR('',#2185,1.);
#1315=VECTOR('',#2190,1.);
#1316=VECTOR('',#2191,1.);
#1317=VECTOR('',#2194,1.);
#1318=VECTOR('',#2197,1.);
#1319=VECTOR('',#2198,1.);
#1320=VECTOR('',#2201,1.);
#1321=VECTOR('',#2204,1.);
#1322=VECTOR('',#2209,1.);
#1323=VECTOR('',#2210,1.);
#1324=VECTOR('',#2213,1.);
#1325=VECTOR('',#2216,1.);
#1326=VECTOR('',#2217,1.);
#1327=VECTOR('',#2220,1.);
#1328=VECTOR('',#2223,1.);
#1329=VECTOR('',#2228,1.);
#1330=VECTOR('',#2231,1.);
#1331=VECTOR('',#2234,1.);
#1332=VECTOR('',#2237,1.);
#1333=VECTOR('',#2240,1.);
#1334=VECTOR('',#2243,1.);
#1335=VECTOR('',#2246,1.);
#1336=VECTOR('',#2249,1.);
#1337=VECTOR('',#2254,1.);
#1338=VECTOR('',#2255,1.);
#1339=VECTOR('',#2258,1.);
#1340=VECTOR('',#2261,1.);
#1341=VECTOR('',#2264,1.);
#1342=VECTOR('',#2267,1.);
#1343=VECTOR('',#2270,1.);
#1344=VECTOR('',#2273,1.);
#1345=EDGE_LOOP('',(#54,#55,#56,#57));
#1346=EDGE_LOOP('',(#58,#59,#60,#61,#62,#63,#64,#65));
#1347=EDGE_LOOP('',(#66,#67,#68,#69));
#1348=EDGE_LOOP('',(#70,#71,#72,#73,#74,#75,#76,#77,#78,#79,#80,#81,#82,
#83,#84,#85,#86,#87,#88,#89,#90,#91,#92,#93,#94,#95,#96,#97,#98,#99,#100,
#101,#102,#103,#104,#105,#106,#107,#108,#109));
#1349=EDGE_LOOP('',(#110,#111,#112,#113));
#1350=EDGE_LOOP('',(#114,#115,#116,#117,#118,#119,#120,#121));
#1351=EDGE_LOOP('',(#122,#123,#124,#125));
#1352=EDGE_LOOP('',(#126,#127,#128,#129));
#1353=EDGE_LOOP('',(#130,#131,#132,#133));
#1354=EDGE_LOOP('',(#134,#135,#136,#137));
#1355=EDGE_LOOP('',(#138,#139,#140,#141));
#1356=EDGE_LOOP('',(#142,#143,#144,#145));
#1357=EDGE_LOOP('',(#146,#147,#148,#149,#150,#151,#152,#153));
#1358=EDGE_LOOP('',(#154,#155,#156,#157,#158,#159,#160,#161,#162,#163,#164,
#165));
#1359=EDGE_LOOP('',(#166,#167,#168,#169,#170,#171,#172,#173,#174,#175,#176,
#177));
#1360=EDGE_LOOP('',(#178,#179,#180,#181,#182,#183,#184));
#1361=EDGE_LOOP('',(#185,#186,#187,#188,#189,#190,#191));
#1362=EDGE_LOOP('',(#192,#193,#194,#195));
#1363=EDGE_LOOP('',(#196,#197,#198,#199));
#1364=EDGE_LOOP('',(#200,#201,#202,#203));
#1365=EDGE_LOOP('',(#204,#205,#206,#207));
#1366=EDGE_LOOP('',(#208,#209,#210,#211,#212,#213,#214,#215));
#1367=EDGE_LOOP('',(#216,#217,#218,#219,#220));
#1368=EDGE_LOOP('',(#221,#222,#223,#224,#225,#226,#227));
#1369=EDGE_LOOP('',(#228,#229,#230,#231));
#1370=EDGE_LOOP('',(#232,#233,#234,#235,#236,#237,#238));
#1371=EDGE_LOOP('',(#239,#240,#241,#242,#243,#244,#245));
#1372=EDGE_LOOP('',(#246,#247,#248,#249,#250,#251,#252));
#1373=EDGE_LOOP('',(#253,#254,#255,#256,#257));
#1374=EDGE_LOOP('',(#258,#259,#260,#261));
#1375=EDGE_LOOP('',(#262,#263,#264,#265));
#1376=EDGE_LOOP('',(#266,#267,#268,#269));
#1377=EDGE_LOOP('',(#270,#271,#272,#273,#274));
#1378=EDGE_LOOP('',(#275,#276,#277,#278));
#1379=EDGE_LOOP('',(#279,#280,#281,#282,#283));
#1380=EDGE_LOOP('',(#284,#285,#286,#287));
#1381=EDGE_LOOP('',(#288,#289,#290,#291,#292));
#1382=EDGE_LOOP('',(#293,#294,#295,#296,#297));
#1383=EDGE_LOOP('',(#298,#299,#300,#301));
#1384=EDGE_LOOP('',(#302,#303,#304,#305));
#1385=EDGE_LOOP('',(#306,#307,#308,#309));
#1386=EDGE_LOOP('',(#310,#311,#312,#313,#314,#315,#316,#317,#318,#319,#320,
#321,#322,#323));
#1387=EDGE_LOOP('',(#324,#325,#326,#327));
#1388=EDGE_LOOP('',(#328,#329,#330,#331));
#1389=EDGE_LOOP('',(#332,#333,#334,#335));
#1390=EDGE_LOOP('',(#336,#337,#338,#339));
#1391=EDGE_LOOP('',(#340,#341,#342,#343));
#1392=EDGE_LOOP('',(#344,#345,#346,#347));
#1393=EDGE_LOOP('',(#348,#349,#350,#351));
#1394=EDGE_LOOP('',(#352,#353,#354,#355,#356));
#1395=EDGE_LOOP('',(#357,#358,#359,#360));
#1396=EDGE_LOOP('',(#361,#362,#363,#364,#365));
#1397=EDGE_LOOP('',(#366,#367,#368,#369));
#1398=EDGE_LOOP('',(#370,#371,#372,#373));
#1399=EDGE_LOOP('',(#374,#375,#376,#377));
#1400=EDGE_LOOP('',(#378,#379,#380,#381));
#1401=EDGE_LOOP('',(#382,#383,#384,#385));
#1402=EDGE_LOOP('',(#386,#387,#388,#389));
#1403=EDGE_LOOP('',(#390,#391,#392,#393));
#1404=EDGE_LOOP('',(#394,#395,#396,#397));
#1405=EDGE_LOOP('',(#398,#399,#400,#401,#402));
#1406=EDGE_LOOP('',(#403,#404,#405,#406));
#1407=EDGE_LOOP('',(#407,#408,#409,#410,#411));
#1408=EDGE_LOOP('',(#412,#413,#414,#415));
#1409=EDGE_LOOP('',(#416,#417,#418,#419));
#1410=EDGE_LOOP('',(#420,#421,#422,#423));
#1411=EDGE_LOOP('',(#424,#425,#426,#427));
#1412=EDGE_LOOP('',(#428,#429,#430,#431));
#1413=EDGE_LOOP('',(#432,#433,#434,#435));
#1414=EDGE_LOOP('',(#436,#437,#438,#439));
#1415=EDGE_LOOP('',(#440,#441,#442,#443));
#1416=EDGE_LOOP('',(#444,#445,#446,#447));
#1417=EDGE_LOOP('',(#448,#449,#450,#451));
#1418=EDGE_LOOP('',(#452,#453,#454,#455));
#1419=EDGE_LOOP('',(#456,#457,#458,#459));
#1420=EDGE_LOOP('',(#460,#461,#462,#463));
#1421=EDGE_LOOP('',(#464,#465,#466,#467));
#1422=EDGE_LOOP('',(#468,#469,#470,#471));
#1423=EDGE_LOOP('',(#472,#473,#474,#475));
#1424=EDGE_LOOP('',(#476,#477,#478,#479));
#1425=EDGE_LOOP('',(#480,#481,#482,#483));
#1426=EDGE_LOOP('',(#484,#485,#486,#487));
#1427=EDGE_LOOP('',(#488,#489,#490,#491));
#1428=EDGE_LOOP('',(#492,#493,#494,#495));
#1429=EDGE_LOOP('',(#496,#497,#498,#499));
#1430=EDGE_LOOP('',(#500,#501,#502,#503));
#1431=EDGE_LOOP('',(#504,#505,#506,#507));
#1432=EDGE_LOOP('',(#508,#509,#510,#511));
#1433=EDGE_LOOP('',(#512,#513,#514,#515));
#1434=EDGE_LOOP('',(#516,#517,#518,#519));
#1435=EDGE_LOOP('',(#520,#521,#522,#523));
#1436=EDGE_LOOP('',(#524,#525,#526,#527));
#1437=EDGE_LOOP('',(#528,#529,#530,#531));
#1438=FACE_BOUND('',#1345,.T.);
#1439=FACE_BOUND('',#1346,.T.);
#1440=FACE_BOUND('',#1347,.T.);
#1441=FACE_BOUND('',#1348,.T.);
#1442=FACE_BOUND('',#1349,.T.);
#1443=FACE_BOUND('',#1350,.T.);
#1444=FACE_BOUND('',#1351,.T.);
#1445=FACE_BOUND('',#1352,.T.);
#1446=FACE_BOUND('',#1353,.T.);
#1447=FACE_BOUND('',#1354,.T.);
#1448=FACE_BOUND('',#1355,.T.);
#1449=FACE_BOUND('',#1356,.T.);
#1450=FACE_BOUND('',#1357,.T.);
#1451=FACE_BOUND('',#1358,.T.);
#1452=FACE_BOUND('',#1359,.T.);
#1453=FACE_BOUND('',#1360,.T.);
#1454=FACE_BOUND('',#1361,.T.);
#1455=FACE_BOUND('',#1362,.T.);
#1456=FACE_BOUND('',#1363,.T.);
#1457=FACE_BOUND('',#1364,.T.);
#1458=FACE_BOUND('',#1365,.T.);
#1459=FACE_BOUND('',#1366,.T.);
#1460=FACE_BOUND('',#1367,.T.);
#1461=FACE_BOUND('',#1368,.T.);
#1462=FACE_BOUND('',#1369,.T.);
#1463=FACE_BOUND('',#1370,.T.);
#1464=FACE_BOUND('',#1371,.T.);
#1465=FACE_BOUND('',#1372,.T.);
#1466=FACE_BOUND('',#1373,.T.);
#1467=FACE_BOUND('',#1374,.T.);
#1468=FACE_BOUND('',#1375,.T.);
#1469=FACE_BOUND('',#1376,.T.);
#1470=FACE_BOUND('',#1377,.T.);
#1471=FACE_BOUND('',#1378,.T.);
#1472=FACE_BOUND('',#1379,.T.);
#1473=FACE_BOUND('',#1380,.T.);
#1474=FACE_BOUND('',#1381,.T.);
#1475=FACE_BOUND('',#1382,.T.);
#1476=FACE_BOUND('',#1383,.T.);
#1477=FACE_BOUND('',#1384,.T.);
#1478=FACE_BOUND('',#1385,.T.);
#1479=FACE_BOUND('',#1386,.T.);
#1480=FACE_BOUND('',#1387,.T.);
#1481=FACE_BOUND('',#1388,.T.);
#1482=FACE_BOUND('',#1389,.T.);
#1483=FACE_BOUND('',#1390,.T.);
#1484=FACE_BOUND('',#1391,.T.);
#1485=FACE_BOUND('',#1392,.T.);
#1486=FACE_BOUND('',#1393,.T.);
#1487=FACE_BOUND('',#1394,.T.);
#1488=FACE_BOUND('',#1395,.T.);
#1489=FACE_BOUND('',#1396,.T.);
#1490=FACE_BOUND('',#1397,.T.);
#1491=FACE_BOUND('',#1398,.T.);
#1492=FACE_BOUND('',#1399,.T.);
#1493=FACE_BOUND('',#1400,.T.);
#1494=FACE_BOUND('',#1401,.T.);
#1495=FACE_BOUND('',#1402,.T.);
#1496=FACE_BOUND('',#1403,.T.);
#1497=FACE_BOUND('',#1404,.T.);
#1498=FACE_BOUND('',#1405,.T.);
#1499=FACE_BOUND('',#1406,.T.);
#1500=FACE_BOUND('',#1407,.T.);
#1501=FACE_BOUND('',#1408,.T.);
#1502=FACE_BOUND('',#1409,.T.);
#1503=FACE_BOUND('',#1410,.T.);
#1504=FACE_BOUND('',#1411,.T.);
#1505=FACE_BOUND('',#1412,.T.);
#1506=FACE_BOUND('',#1413,.T.);
#1507=FACE_BOUND('',#1414,.T.);
#1508=FACE_BOUND('',#1415,.T.);
#1509=FACE_BOUND('',#1416,.T.);
#1510=FACE_BOUND('',#1417,.T.);
#1511=FACE_BOUND('',#1418,.T.);
#1512=FACE_BOUND('',#1419,.T.);
#1513=FACE_BOUND('',#1420,.T.);
#1514=FACE_BOUND('',#1421,.T.);
#1515=FACE_BOUND('',#1422,.T.);
#1516=FACE_BOUND('',#1423,.T.);
#1517=FACE_BOUND('',#1424,.T.);
#1518=FACE_BOUND('',#1425,.T.);
#1519=FACE_BOUND('',#1426,.T.);
#1520=FACE_BOUND('',#1427,.T.);
#1521=FACE_BOUND('',#1428,.T.);
#1522=FACE_BOUND('',#1429,.T.);
#1523=FACE_BOUND('',#1430,.T.);
#1524=FACE_BOUND('',#1431,.T.);
#1525=FACE_BOUND('',#1432,.T.);
#1526=FACE_BOUND('',#1433,.T.);
#1527=FACE_BOUND('',#1434,.T.);
#1528=FACE_BOUND('',#1435,.T.);
#1529=FACE_BOUND('',#1436,.T.);
#1530=FACE_BOUND('',#1437,.T.);
#1531=PLANE('',#1710);
#1532=PLANE('',#1711);
#1533=PLANE('',#1712);
#1534=PLANE('',#1713);
#1535=PLANE('',#1725);
#1536=PLANE('',#1729);
#1537=PLANE('',#1733);
#1538=PLANE('',#1737);
#1539=PLANE('',#1738);
#1540=PLANE('',#1743);
#1541=PLANE('',#1744);
#1542=PLANE('',#1745);
#1543=PLANE('',#1746);
#1544=PLANE('',#1747);
#1545=PLANE('',#1748);
#1546=PLANE('',#1749);
#1547=PLANE('',#1750);
#1548=PLANE('',#1751);
#1549=PLANE('',#1752);
#1550=PLANE('',#1753);
#1551=PLANE('',#1754);
#1552=PLANE('',#1755);
#1553=PLANE('',#1756);
#1554=PLANE('',#1757);
#1555=PLANE('',#1758);
#1556=PLANE('',#1759);
#1557=PLANE('',#1760);
#1558=PLANE('',#1761);
#1559=PLANE('',#1762);
#1560=PLANE('',#1763);
#1561=PLANE('',#1772);
#1562=PLANE('',#1775);
#1563=PLANE('',#1776);
#1564=PLANE('',#1777);
#1565=PLANE('',#1778);
#1566=PLANE('',#1779);
#1567=PLANE('',#1780);
#1568=PLANE('',#1781);
#1569=PLANE('',#1782);
#1570=PLANE('',#1783);
#1571=PLANE('',#1784);
#1572=PLANE('',#1785);
#1573=PLANE('',#1786);
#1574=PLANE('',#1787);
#1575=PLANE('',#1788);
#1576=PLANE('',#1789);
#1577=PLANE('',#1790);
#1578=PLANE('',#1791);
#1579=PLANE('',#1792);
#1580=PLANE('',#1793);
#1581=PLANE('',#1794);
#1582=PLANE('',#1795);
#1583=PLANE('',#1796);
#1584=PLANE('',#1797);
#1585=PLANE('',#1798);
#1586=PLANE('',#1799);
#1587=PLANE('',#1800);
#1588=PLANE('',#1801);
#1589=PLANE('',#1802);
#1590=PLANE('',#1803);
#1591=PLANE('',#1804);
#1592=PLANE('',#1805);
#1593=PLANE('',#1806);
#1594=PLANE('',#1807);
#1595=PLANE('',#1808);
#1596=PLANE('',#1809);
#1597=PLANE('',#1810);
#1598=PLANE('',#1812);
#1599=PLANE('',#1814);
#1600=PLANE('',#1816);
#1601=PLANE('',#1818);
#1602=PLANE('',#1819);
#1603=PLANE('',#1822);
#1604=PLANE('',#1823);
#1605=PLANE('',#1826);
#1606=ADVANCED_FACE('',(#1438),#1531,.F.);
#1607=ADVANCED_FACE('',(#1439),#1532,.T.);
#1608=ADVANCED_FACE('',(#1440),#1533,.T.);
#1609=ADVANCED_FACE('',(#1441),#1534,.T.);
#1610=ADVANCED_FACE('',(#1442),#22,.T.);
#1611=ADVANCED_FACE('',(#1443),#1535,.T.);
#1612=ADVANCED_FACE('',(#1444),#23,.T.);
#1613=ADVANCED_FACE('',(#1445),#1536,.F.);
#1614=ADVANCED_FACE('',(#1446),#24,.T.);
#1615=ADVANCED_FACE('',(#1447),#1537,.F.);
#1616=ADVANCED_FACE('',(#1448),#25,.T.);
#1617=ADVANCED_FACE('',(#1449),#1538,.T.);
#1618=ADVANCED_FACE('',(#1450,#1451,#1452),#1539,.F.);
#1619=ADVANCED_FACE('',(#1453),#1540,.T.);
#1620=ADVANCED_FACE('',(#1454),#1541,.F.);
#1621=ADVANCED_FACE('',(#1455),#1542,.T.);
#1622=ADVANCED_FACE('',(#1456),#1543,.F.);
#1623=ADVANCED_FACE('',(#1457),#1544,.F.);
#1624=ADVANCED_FACE('',(#1458),#1545,.T.);
#1625=ADVANCED_FACE('',(#1459),#1546,.F.);
#1626=ADVANCED_FACE('',(#1460),#1547,.F.);
#1627=ADVANCED_FACE('',(#1461),#1548,.T.);
#1628=ADVANCED_FACE('',(#1462),#1549,.F.);
#1629=ADVANCED_FACE('',(#1463),#1550,.F.);
#1630=ADVANCED_FACE('',(#1464),#1551,.F.);
#1631=ADVANCED_FACE('',(#1465),#1552,.F.);
#1632=ADVANCED_FACE('',(#1466),#1553,.F.);
#1633=ADVANCED_FACE('',(#1467),#1554,.T.);
#1634=ADVANCED_FACE('',(#1468),#1555,.T.);
#1635=ADVANCED_FACE('',(#1469),#1556,.T.);
#1636=ADVANCED_FACE('',(#1470),#1557,.T.);
#1637=ADVANCED_FACE('',(#1471),#1558,.T.);
#1638=ADVANCED_FACE('',(#1472),#1559,.T.);
#1639=ADVANCED_FACE('',(#1473),#1560,.T.);
#1640=ADVANCED_FACE('',(#1474),#26,.T.);
#1641=ADVANCED_FACE('',(#1475),#27,.T.);
#1642=ADVANCED_FACE('',(#1476),#28,.F.);
#1643=ADVANCED_FACE('',(#1477),#1561,.T.);
#1644=ADVANCED_FACE('',(#1478),#29,.F.);
#1645=ADVANCED_FACE('',(#1479),#1562,.T.);
#1646=ADVANCED_FACE('',(#1480),#1563,.T.);
#1647=ADVANCED_FACE('',(#1481),#1564,.F.);
#1648=ADVANCED_FACE('',(#1482),#1565,.F.);
#1649=ADVANCED_FACE('',(#1483),#1566,.F.);
#1650=ADVANCED_FACE('',(#1484),#1567,.T.);
#1651=ADVANCED_FACE('',(#1485),#1568,.T.);
#1652=ADVANCED_FACE('',(#1486),#1569,.T.);
#1653=ADVANCED_FACE('',(#1487),#1570,.T.);
#1654=ADVANCED_FACE('',(#1488),#1571,.F.);
#1655=ADVANCED_FACE('',(#1489),#1572,.T.);
#1656=ADVANCED_FACE('',(#1490),#1573,.F.);
#1657=ADVANCED_FACE('',(#1491),#1574,.T.);
#1658=ADVANCED_FACE('',(#1492),#1575,.F.);
#1659=ADVANCED_FACE('',(#1493),#1576,.F.);
#1660=ADVANCED_FACE('',(#1494),#1577,.T.);
#1661=ADVANCED_FACE('',(#1495),#1578,.T.);
#1662=ADVANCED_FACE('',(#1496),#1579,.T.);
#1663=ADVANCED_FACE('',(#1497),#1580,.T.);
#1664=ADVANCED_FACE('',(#1498),#1581,.T.);
#1665=ADVANCED_FACE('',(#1499),#1582,.T.);
#1666=ADVANCED_FACE('',(#1500),#1583,.F.);
#1667=ADVANCED_FACE('',(#1501),#1584,.F.);
#1668=ADVANCED_FACE('',(#1502),#1585,.T.);
#1669=ADVANCED_FACE('',(#1503),#1586,.F.);
#1670=ADVANCED_FACE('',(#1504),#1587,.T.);
#1671=ADVANCED_FACE('',(#1505),#1588,.F.);
#1672=ADVANCED_FACE('',(#1506),#1589,.F.);
#1673=ADVANCED_FACE('',(#1507),#1590,.T.);
#1674=ADVANCED_FACE('',(#1508),#1591,.F.);
#1675=ADVANCED_FACE('',(#1509),#1592,.T.);
#1676=ADVANCED_FACE('',(#1510),#1593,.F.);
#1677=ADVANCED_FACE('',(#1511),#1594,.T.);
#1678=ADVANCED_FACE('',(#1512),#1595,.T.);
#1679=ADVANCED_FACE('',(#1513),#1596,.F.);
#1680=ADVANCED_FACE('',(#1514),#1597,.F.);
#1681=ADVANCED_FACE('',(#1515),#12,.T.);
#1682=ADVANCED_FACE('',(#1516),#1598,.T.);
#1683=ADVANCED_FACE('',(#1517),#13,.T.);
#1684=ADVANCED_FACE('',(#1518),#1599,.T.);
#1685=ADVANCED_FACE('',(#1519),#14,.T.);
#1686=ADVANCED_FACE('',(#1520),#1600,.F.);
#1687=ADVANCED_FACE('',(#1521),#15,.T.);
#1688=ADVANCED_FACE('',(#1522),#1601,.F.);
#1689=ADVANCED_FACE('',(#1523),#1602,.F.);
#1690=ADVANCED_FACE('',(#1524),#16,.T.);
#1691=ADVANCED_FACE('',(#1525),#17,.T.);
#1692=ADVANCED_FACE('',(#1526),#1603,.F.);
#1693=ADVANCED_FACE('',(#1527),#1604,.T.);
#1694=ADVANCED_FACE('',(#1528),#18,.T.);
#1695=ADVANCED_FACE('',(#1529),#19,.T.);
#1696=ADVANCED_FACE('',(#1530),#1605,.T.);
#1697=CLOSED_SHELL('',(#1606,#1607,#1608,#1609,#1610,#1611,#1612,#1613,
#1614,#1615,#1616,#1617,#1618,#1619,#1620,#1621,#1622,#1623,#1624,#1625,
#1626,#1627,#1628,#1629,#1630,#1631,#1632,#1633,#1634,#1635,#1636,#1637,
#1638,#1639,#1640,#1641,#1642,#1643,#1644,#1645,#1646,#1647,#1648,#1649,
#1650,#1651,#1652,#1653,#1654,#1655,#1656,#1657,#1658,#1659,#1660,#1661,
#1662,#1663,#1664,#1665,#1666,#1667,#1668,#1669,#1670,#1671,#1672,#1673,
#1674,#1675,#1676,#1677,#1678,#1679,#1680,#1681,#1682,#1683,#1684,#1685,
#1686,#1687,#1688,#1689,#1690,#1691,#1692,#1693,#1694,#1695,#1696));
#1698=STYLED_ITEM('',(#1699),#1706);
#1699=PRESENTATION_STYLE_ASSIGNMENT((#1700));
#1700=SURFACE_STYLE_USAGE(.BOTH.,#1701);
#1701=SURFACE_SIDE_STYLE('',(#1702));
#1702=SURFACE_STYLE_FILL_AREA(#1703);
#1703=FILL_AREA_STYLE('',(#1704));
#1704=FILL_AREA_STYLE_COLOUR('',#1705);
#1705=COLOUR_RGB('',0.615686274509804,0.811764705882353,0.929411764705882);
#1706=MANIFOLD_SOLID_BREP('Slide Mount',#1697);
#1707=SHAPE_DEFINITION_REPRESENTATION(#2761,#1708);
#1708=SHAPE_REPRESENTATION('Slide Mount',(#1709),#2756);
#1709=AXIS2_PLACEMENT_3D('',#2276,#1827,#1828);
#1710=AXIS2_PLACEMENT_3D('',#2277,#1829,#1830);
#1711=AXIS2_PLACEMENT_3D('',#2286,#1835,#1836);
#1712=AXIS2_PLACEMENT_3D('',#2303,#1845,#1846);
#1713=AXIS2_PLACEMENT_3D('',#2312,#1851,#1852);
#1714=AXIS2_PLACEMENT_3D('',#2313,#1853,#1854);
#1715=AXIS2_PLACEMENT_3D('',#2318,#1856,#1857);
#1716=AXIS2_PLACEMENT_3D('',#2340,#1869,#1870);
#1717=AXIS2_PLACEMENT_3D('',#2344,#1872,#1873);
#1718=AXIS2_PLACEMENT_3D('',#2369,#1886,#1887);
#1719=AXIS2_PLACEMENT_3D('',#2373,#1889,#1890);
#1720=AXIS2_PLACEMENT_3D('',#2377,#1892,#1893);
#1721=AXIS2_PLACEMENT_3D('',#2381,#1895,#1896);
#1722=AXIS2_PLACEMENT_3D('',#2384,#1898,#1899);
#1723=AXIS2_PLACEMENT_3D('',#2388,#1901,#1902);
#1724=AXIS2_PLACEMENT_3D('',#2392,#1904,#1905);
#1725=AXIS2_PLACEMENT_3D('',#2393,#1906,#1907);
#1726=AXIS2_PLACEMENT_3D('',#2407,#1915,#1916);
#1727=AXIS2_PLACEMENT_3D('',#2411,#1918,#1919);
#1728=AXIS2_PLACEMENT_3D('',#2412,#1920,#1921);
#1729=AXIS2_PLACEMENT_3D('',#2413,#1922,#1923);
#1730=AXIS2_PLACEMENT_3D('',#2419,#1927,#1928);
#1731=AXIS2_PLACEMENT_3D('',#2423,#1930,#1931);
#1732=AXIS2_PLACEMENT_3D('',#2424,#1932,#1933);
#1733=AXIS2_PLACEMENT_3D('',#2425,#1934,#1935);
#1734=AXIS2_PLACEMENT_3D('',#2431,#1939,#1940);
#1735=AXIS2_PLACEMENT_3D('',#2435,#1942,#1943);
#1736=AXIS2_PLACEMENT_3D('',#2436,#1944,#1945);
#1737=AXIS2_PLACEMENT_3D('',#2437,#1946,#1947);
#1738=AXIS2_PLACEMENT_3D('',#2440,#1950,#1951);
#1739=AXIS2_PLACEMENT_3D('',#2441,#1952,#1953);
#1740=AXIS2_PLACEMENT_3D('',#2446,#1955,#1956);
#1741=AXIS2_PLACEMENT_3D('',#2450,#1958,#1959);
#1742=AXIS2_PLACEMENT_3D('',#2454,#1961,#1962);
#1743=AXIS2_PLACEMENT_3D('',#2502,#1987,#1988);
#1744=AXIS2_PLACEMENT_3D('',#2511,#1994,#1995);
#1745=AXIS2_PLACEMENT_3D('',#2516,#1999,#2000);
#1746=AXIS2_PLACEMENT_3D('',#2518,#2002,#2003);
#1747=AXIS2_PLACEMENT_3D('',#2520,#2005,#2006);
#1748=AXIS2_PLACEMENT_3D('',#2522,#2008,#2009);
#1749=AXIS2_PLACEMENT_3D('',#2524,#2011,#2012);
#1750=AXIS2_PLACEMENT_3D('',#2534,#2018,#2019);
#1751=AXIS2_PLACEMENT_3D('',#2540,#2023,#2024);
#1752=AXIS2_PLACEMENT_3D('',#2547,#2029,#2030);
#1753=AXIS2_PLACEMENT_3D('',#2550,#2033,#2034);
#1754=AXIS2_PLACEMENT_3D('',#2556,#2038,#2039);
#1755=AXIS2_PLACEMENT_3D('',#2563,#2044,#2045);
#1756=AXIS2_PLACEMENT_3D('',#2572,#2051,#2052);
#1757=AXIS2_PLACEMENT_3D('',#2576,#2055,#2056);
#1758=AXIS2_PLACEMENT_3D('',#2578,#2058,#2059);
#1759=AXIS2_PLACEMENT_3D('',#2580,#2061,#2062);
#1760=AXIS2_PLACEMENT_3D('',#2581,#2063,#2064);
#1761=AXIS2_PLACEMENT_3D('',#2585,#2067,#2068);
#1762=AXIS2_PLACEMENT_3D('',#2587,#2070,#2071);
#1763=AXIS2_PLACEMENT_3D('',#2591,#2074,#2075);
#1764=AXIS2_PLACEMENT_3D('',#2593,#2077,#2078);
#1765=AXIS2_PLACEMENT_3D('',#2594,#2079,#2080);
#1766=AXIS2_PLACEMENT_3D('',#2595,#2081,#2082);
#1767=AXIS2_PLACEMENT_3D('',#2596,#2083,#2084);
#1768=AXIS2_PLACEMENT_3D('',#2597,#2085,#2086);
#1769=AXIS2_PLACEMENT_3D('',#2598,#2087,#2088);
#1770=AXIS2_PLACEMENT_3D('',#2599,#2089,#2090);
#1771=AXIS2_PLACEMENT_3D('',#2602,#2092,#2093);
#1772=AXIS2_PLACEMENT_3D('',#2603,#2094,#2095);
#1773=AXIS2_PLACEMENT_3D('',#2607,#2098,#2099);
#1774=AXIS2_PLACEMENT_3D('',#2608,#2100,#2101);
#1775=AXIS2_PLACEMENT_3D('',#2609,#2102,#2103);
#1776=AXIS2_PLACEMENT_3D('',#2612,#2106,#2107);
#1777=AXIS2_PLACEMENT_3D('',#2621,#2112,#2113);
#1778=AXIS2_PLACEMENT_3D('',#2624,#2116,#2117);
#1779=AXIS2_PLACEMENT_3D('',#2626,#2119,#2120);
#1780=AXIS2_PLACEMENT_3D('',#2628,#2122,#2123);
#1781=AXIS2_PLACEMENT_3D('',#2629,#2124,#2125);
#1782=AXIS2_PLACEMENT_3D('',#2638,#2130,#2131);
#1783=AXIS2_PLACEMENT_3D('',#2644,#2135,#2136);
#1784=AXIS2_PLACEMENT_3D('',#2647,#2139,#2140);
#1785=AXIS2_PLACEMENT_3D('',#2649,#2142,#2143);
#1786=AXIS2_PLACEMENT_3D('',#2651,#2145,#2146);
#1787=AXIS2_PLACEMENT_3D('',#2652,#2147,#2148);
#1788=AXIS2_PLACEMENT_3D('',#2661,#2153,#2154);
#1789=AXIS2_PLACEMENT_3D('',#2664,#2157,#2158);
#1790=AXIS2_PLACEMENT_3D('',#2666,#2160,#2161);
#1791=AXIS2_PLACEMENT_3D('',#2668,#2163,#2164);
#1792=AXIS2_PLACEMENT_3D('',#2669,#2165,#2166);
#1793=AXIS2_PLACEMENT_3D('',#2678,#2171,#2172);
#1794=AXIS2_PLACEMENT_3D('',#2684,#2176,#2177);
#1795=AXIS2_PLACEMENT_3D('',#2687,#2180,#2181);
#1796=AXIS2_PLACEMENT_3D('',#2689,#2183,#2184);
#1797=AXIS2_PLACEMENT_3D('',#2691,#2186,#2187);
#1798=AXIS2_PLACEMENT_3D('',#2692,#2188,#2189);
#1799=AXIS2_PLACEMENT_3D('',#2696,#2192,#2193);
#1800=AXIS2_PLACEMENT_3D('',#2698,#2195,#2196);
#1801=AXIS2_PLACEMENT_3D('',#2702,#2199,#2200);
#1802=AXIS2_PLACEMENT_3D('',#2704,#2202,#2203);
#1803=AXIS2_PLACEMENT_3D('',#2706,#2205,#2206);
#1804=AXIS2_PLACEMENT_3D('',#2707,#2207,#2208);
#1805=AXIS2_PLACEMENT_3D('',#2711,#2211,#2212);
#1806=AXIS2_PLACEMENT_3D('',#2713,#2214,#2215);
#1807=AXIS2_PLACEMENT_3D('',#2717,#2218,#2219);
#1808=AXIS2_PLACEMENT_3D('',#2719,#2221,#2222);
#1809=AXIS2_PLACEMENT_3D('',#2721,#2224,#2225);
#1810=AXIS2_PLACEMENT_3D('',#2722,#2226,#2227);
#1811=AXIS2_PLACEMENT_3D('',#2724,#2229,#2230);
#1812=AXIS2_PLACEMENT_3D('',#2726,#2232,#2233);
#1813=AXIS2_PLACEMENT_3D('',#2728,#2235,#2236);
#1814=AXIS2_PLACEMENT_3D('',#2730,#2238,#2239);
#1815=AXIS2_PLACEMENT_3D('',#2732,#2241,#2242);
#1816=AXIS2_PLACEMENT_3D('',#2734,#2244,#2245);
#1817=AXIS2_PLACEMENT_3D('',#2736,#2247,#2248);
#1818=AXIS2_PLACEMENT_3D('',#2738,#2250,#2251);
#1819=AXIS2_PLACEMENT_3D('',#2739,#2252,#2253);
#1820=AXIS2_PLACEMENT_3D('',#2742,#2256,#2257);
#1821=AXIS2_PLACEMENT_3D('',#2744,#2259,#2260);
#1822=AXIS2_PLACEMENT_3D('',#2746,#2262,#2263);
#1823=AXIS2_PLACEMENT_3D('',#2748,#2265,#2266);
#1824=AXIS2_PLACEMENT_3D('',#2750,#2268,#2269);
#1825=AXIS2_PLACEMENT_3D('',#2752,#2271,#2272);
#1826=AXIS2_PLACEMENT_3D('',#2754,#2274,#2275);
#1827=DIRECTION('',(0.,0.,1.));
#1828=DIRECTION('',(1.,0.,0.));
#1829=DIRECTION('',(1.,3.07030703712709E-16,0.));
#1830=DIRECTION('',(-3.07030703712709E-16,1.,0.));
#1831=DIRECTION('',(3.07030703712709E-16,-1.,0.));
#1832=DIRECTION('',(0.,0.,-1.));
#1833=DIRECTION('',(-3.07030703712709E-16,1.,0.));
#1834=DIRECTION('',(0.,0.,-1.));
#1835=DIRECTION('',(1.,3.24247378687253E-16,0.));
#1836=DIRECTION('',(-3.24247378687253E-16,1.,0.));
#1837=DIRECTION('',(0.,0.,-1.));
#1838=DIRECTION('',(3.24247378687253E-16,-1.,0.));
#1839=DIRECTION('',(0.,0.,-1.));
#1840=DIRECTION('',(-3.24247378687253E-16,1.,0.));
#1841=DIRECTION('',(0.,0.,-1.));
#1842=DIRECTION('',(3.24247378687253E-16,-1.,0.));
#1843=DIRECTION('',(0.,0.,-1.));
#1844=DIRECTION('',(3.07030703712709E-16,-1.,-6.57092225748791E-17));
#1845=DIRECTION('',(1.,3.07030703712709E-16,0.));
#1846=DIRECTION('',(-3.07030703712709E-16,1.,0.));
#1847=DIRECTION('',(0.,0.,-1.));
#1848=DIRECTION('',(3.07030703712709E-16,-1.,-1.27929459880295E-16));
#1849=DIRECTION('',(0.,0.,-1.));
#1850=DIRECTION('',(-3.07030703712709E-16,1.,0.));
#1851=DIRECTION('',(0.,0.,1.));
#1852=DIRECTION('',(1.,0.,0.));
#1853=DIRECTION('',(0.,0.,1.));
#1854=DIRECTION('',(1.,0.,0.));
#1855=DIRECTION('',(1.,4.03424064180653E-16,0.));
#1856=DIRECTION('',(0.,0.,1.));
#1857=DIRECTION('',(1.,0.,0.));
#1858=DIRECTION('',(-3.24247378687253E-16,1.,0.));
#1859=DIRECTION('',(-1.,0.,0.));
#1860=DIRECTION('',(-4.33680868994202E-16,1.,0.));
#1861=DIRECTION('',(1.,0.,0.));
#1862=DIRECTION('',(-2.58913951638329E-16,1.,0.));
#1863=DIRECTION('',(-1.,0.,0.));
#1864=DIRECTION('',(1.,0.,0.));
#1865=DIRECTION('',(0.707106781186549,-0.707106781186546,0.));
#1866=DIRECTION('',(-5.4780741346636E-16,1.,0.));
#1867=DIRECTION('',(0.707106781186549,0.707106781186546,0.));
#1868=DIRECTION('',(1.,1.92747052886312E-15,0.));
#1869=DIRECTION('',(0.,0.,1.));
#1870=DIRECTION('',(1.,0.,0.));
#1871=DIRECTION('',(-1.,-2.82068857882408E-16,0.));
#1872=DIRECTION('',(0.,0.,1.));
#1873=DIRECTION('',(1.,0.,0.));
#1874=DIRECTION('',(0.,1.,0.));
#1875=DIRECTION('',(1.,0.,0.));
#1876=DIRECTION('',(-0.707106781186548,0.707106781186547,0.));
#1877=DIRECTION('',(-3.65204942310907E-16,1.,0.));
#1878=DIRECTION('',(-0.707106781186548,-0.707106781186548,0.));
#1879=DIRECTION('',(1.,1.0842021724855E-15,0.));
#1880=DIRECTION('',(-1.,0.,0.));
#1881=DIRECTION('',(-3.3848262945889E-16,1.,0.));
#1882=DIRECTION('',(1.,0.,0.));
#1883=DIRECTION('',(4.33680868994202E-16,-1.,0.));
#1884=DIRECTION('',(-1.,0.,0.));
#1885=DIRECTION('',(0.,1.,0.));
#1886=DIRECTION('',(0.,0.,1.));
#1887=DIRECTION('',(1.,0.,0.));
#1888=DIRECTION('',(1.,4.03424064180653E-16,0.));
#1889=DIRECTION('',(0.,0.,1.));
#1890=DIRECTION('',(1.,0.,0.));
#1891=DIRECTION('',(0.,1.,0.));
#1892=DIRECTION('',(0.,0.,1.));
#1893=DIRECTION('',(1.,0.,0.));
#1894=DIRECTION('',(-1.,-1.66002246504957E-16,0.));
#1895=DIRECTION('',(0.,0.,1.));
#1896=DIRECTION('',(1.,0.,0.));
#1897=DIRECTION('',(0.,-1.,0.));
#1898=DIRECTION('',(0.,0.,-1.));
#1899=DIRECTION('',(-1.,0.,0.));
#1900=DIRECTION('',(0.,0.,-1.));
#1901=DIRECTION('',(0.,0.,1.));
#1902=DIRECTION('',(1.,0.,0.));
#1903=DIRECTION('',(0.,0.,-1.));
#1904=DIRECTION('',(0.,0.,1.));
#1905=DIRECTION('',(1.,0.,0.));
#1906=DIRECTION('',(4.03424064180653E-16,-1.,0.));
#1907=DIRECTION('',(1.,4.03424064180653E-16,0.));
#1908=DIRECTION('',(0.,0.,-1.));
#1909=DIRECTION('',(-1.,-4.03424064180653E-16,0.));
#1910=DIRECTION('',(1.,4.03424064180653E-16,0.));
#1911=DIRECTION('',(0.,0.,-1.));
#1912=DIRECTION('',(-1.,-4.03424064180653E-16,0.));
#1913=DIRECTION('',(0.,0.,-1.));
#1914=DIRECTION('',(-1.,0.,0.));
#1915=DIRECTION('',(0.,0.,-1.));
#1916=DIRECTION('',(-1.,0.,0.));
#1917=DIRECTION('',(0.,0.,-1.));
#1918=DIRECTION('',(0.,0.,1.));
#1919=DIRECTION('',(1.,0.,0.));
#1920=DIRECTION('',(0.,0.,1.));
#1921=DIRECTION('',(1.,0.,0.));
#1922=DIRECTION('',(-1.,0.,0.));
#1923=DIRECTION('',(0.,0.,1.));
#1924=DIRECTION('',(0.,0.,-1.));
#1925=DIRECTION('',(0.,-1.,0.));
#1926=DIRECTION('',(0.,1.,0.));
#1927=DIRECTION('',(0.,0.,-1.));
#1928=DIRECTION('',(-1.,0.,0.));
#1929=DIRECTION('',(0.,0.,-1.));
#1930=DIRECTION('',(0.,0.,1.));
#1931=DIRECTION('',(1.,0.,0.));
#1932=DIRECTION('',(0.,0.,1.));
#1933=DIRECTION('',(1.,0.,0.));
#1934=DIRECTION('',(1.66002246504957E-16,-1.,0.));
#1935=DIRECTION('',(1.,1.66002246504957E-16,0.));
#1936=DIRECTION('',(0.,0.,-1.));
#1937=DIRECTION('',(1.,1.66002246504957E-16,0.));
#1938=DIRECTION('',(-1.,-1.66002246504957E-16,0.));
#1939=DIRECTION('',(0.,0.,-1.));
#1940=DIRECTION('',(-1.,0.,0.));
#1941=DIRECTION('',(0.,0.,-1.));
#1942=DIRECTION('',(0.,0.,1.));
#1943=DIRECTION('',(1.,0.,0.));
#1944=DIRECTION('',(0.,0.,1.));
#1945=DIRECTION('',(1.,0.,0.));
#1946=DIRECTION('',(-1.,0.,0.));
#1947=DIRECTION('',(0.,0.,1.));
#1948=DIRECTION('',(0.,1.,0.));
#1949=DIRECTION('',(0.,-1.,0.));
#1950=DIRECTION('',(0.,0.,1.));
#1951=DIRECTION('',(1.,0.,0.));
#1952=DIRECTION('',(0.,0.,1.));
#1953=DIRECTION('',(1.,0.,0.));
#1954=DIRECTION('',(-1.,-4.03424064180653E-16,0.));
#1955=DIRECTION('',(0.,0.,1.));
#1956=DIRECTION('',(1.,0.,0.));
#1957=DIRECTION('',(0.,1.,0.));
#1958=DIRECTION('',(0.,0.,1.));
#1959=DIRECTION('',(1.,0.,0.));
#1960=DIRECTION('',(1.,1.66002246504957E-16,0.));
#1961=DIRECTION('',(0.,0.,1.));
#1962=DIRECTION('',(1.,0.,0.));
#1963=DIRECTION('',(0.,-1.,0.));
#1964=DIRECTION('',(-1.,0.,0.));
#1965=DIRECTION('',(3.38482629458889E-16,-1.,0.));
#1966=DIRECTION('',(1.,1.0842021724855E-15,0.));
#1967=DIRECTION('',(-0.707106781186548,-0.707106781186548,0.));
#1968=DIRECTION('',(-3.65204942310907E-16,1.,0.));
#1969=DIRECTION('',(-0.707106781186548,0.707106781186547,0.));
#1970=DIRECTION('',(1.,0.,0.));
#1971=DIRECTION('',(3.24247378687253E-16,-1.,0.));
#1972=DIRECTION('',(-1.,0.,0.));
#1973=DIRECTION('',(3.24247378687253E-16,-1.,0.));
#1974=DIRECTION('',(1.,0.,0.));
#1975=DIRECTION('',(-4.33680868994202E-16,1.,0.));
#1976=DIRECTION('',(1.,0.,0.));
#1977=DIRECTION('',(3.24247378687253E-16,-1.,0.));
#1978=DIRECTION('',(-1.,0.,0.));
#1979=DIRECTION('',(1.,1.92747052886312E-15,0.));
#1980=DIRECTION('',(0.707106781186549,0.707106781186546,0.));
#1981=DIRECTION('',(-5.4780741346636E-16,1.,0.));
#1982=DIRECTION('',(0.707106781186549,-0.707106781186546,0.));
#1983=DIRECTION('',(1.,0.,0.));
#1984=DIRECTION('',(3.38482629458889E-16,-1.,0.));
#1985=DIRECTION('',(-1.,0.,0.));
#1986=DIRECTION('',(4.33680868994202E-16,-1.,0.));
#1987=DIRECTION('',(1.,3.38482629458889E-16,0.));
#1988=DIRECTION('',(-3.38482629458889E-16,1.,0.));
#1989=DIRECTION('',(-2.39343362604234E-16,0.707106781186547,-0.707106781186548));
#1990=DIRECTION('',(-2.39343362604234E-16,0.707106781186547,0.707106781186548));
#1991=DIRECTION('',(0.,0.,-1.));
#1992=DIRECTION('',(3.38482629458889E-16,-1.,0.));
#1993=DIRECTION('',(0.,0.,-1.));
#1994=DIRECTION('',(-1.0842021724855E-15,1.,0.));
#1995=DIRECTION('',(-1.,-1.0842021724855E-15,0.));
#1996=DIRECTION('',(1.,1.0842021724855E-15,0.));
#1997=DIRECTION('',(0.,0.,-1.));
#1998=DIRECTION('',(0.,0.,-1.));
#1999=DIRECTION('',(0.707106781186548,-0.707106781186548,0.));
#2000=DIRECTION('',(0.707106781186548,0.707106781186548,0.));
#2001=DIRECTION('',(0.,0.,-1.));
#2002=DIRECTION('',(-1.,-3.65204942310907E-16,0.));
#2003=DIRECTION('',(3.65204942310907E-16,-1.,0.));
#2004=DIRECTION('',(0.,0.,-1.));
#2005=DIRECTION('',(-0.707106781186547,-0.707106781186548,0.));
#2006=DIRECTION('',(0.707106781186548,-0.707106781186547,0.));
#2007=DIRECTION('',(0.,0.,-1.));
#2008=DIRECTION('',(0.,1.,0.));
#2009=DIRECTION('',(0.,0.,1.));
#2010=DIRECTION('',(0.,0.,-1.));
#2011=DIRECTION('',(1.,3.24247378687253E-16,0.));
#2012=DIRECTION('',(-3.24247378687253E-16,1.,0.));
#2013=DIRECTION('',(0.,-1.,0.));
#2014=DIRECTION('',(0.,0.,-1.));
#2015=DIRECTION('',(3.07030703712709E-16,-1.,1.97127667724637E-16));
#2016=DIRECTION('',(0.,0.,-1.));
#2017=DIRECTION('',(0.,0.,-1.));
#2018=DIRECTION('',(0.,-1.,0.));
#2019=DIRECTION('',(0.,0.,-1.));
#2020=DIRECTION('',(0.,0.,1.));
#2021=DIRECTION('',(-1.,0.,0.));
#2022=DIRECTION('',(0.,0.,-1.));
#2023=DIRECTION('',(1.,3.24247378687253E-16,0.));
#2024=DIRECTION('',(-3.24247378687253E-16,1.,0.));
#2025=DIRECTION('',(0.,-1.,0.));
#2026=DIRECTION('',(0.,0.,-1.));
#2027=DIRECTION('',(2.2927752025172E-16,-0.707106781186547,0.707106781186548));
#2028=DIRECTION('',(2.2927752025172E-16,-0.707106781186547,-0.707106781186548));
#2029=DIRECTION('',(0.707106781186546,0.707106781186549,0.));
#2030=DIRECTION('',(-0.707106781186549,0.707106781186546,0.));
#2031=DIRECTION('',(0.,0.,-1.));
#2032=DIRECTION('',(0.,0.,-1.));
#2033=DIRECTION('',(0.,1.,0.));
#2034=DIRECTION('',(0.,0.,1.));
#2035=DIRECTION('',(0.,0.,1.));
#2036=DIRECTION('',(1.,0.,0.));
#2037=DIRECTION('',(0.,0.,-1.));
#2038=DIRECTION('',(1.,3.38482629458889E-16,0.));
#2039=DIRECTION('',(-3.38482629458889E-16,1.,0.));
#2040=DIRECTION('',(2.58913951638329E-16,-1.,0.));
#2041=DIRECTION('',(0.,0.,-1.));
#2042=DIRECTION('',(2.39343362604234E-16,-0.707106781186547,-0.707106781186548));
#2043=DIRECTION('',(2.39343362604234E-16,-0.707106781186547,0.707106781186548));
#2044=DIRECTION('',(1.,3.24247378687253E-16,0.));
#2045=DIRECTION('',(-3.24247378687253E-16,1.,0.));
#2046=DIRECTION('',(-2.29277520251719E-16,0.707106781186547,0.707106781186548));
#2047=DIRECTION('',(-2.29277520251719E-16,0.707106781186547,-0.707106781186548));
#2048=DIRECTION('',(0.,0.,-1.));
#2049=DIRECTION('',(3.24247378687253E-16,-1.,0.));
#2050=DIRECTION('',(0.,0.,-1.));
#2051=DIRECTION('',(0.,-1.,0.));
#2052=DIRECTION('',(0.,0.,-1.));
#2053=DIRECTION('',(-1.,0.,0.));
#2054=DIRECTION('',(0.,0.,-1.));
#2055=DIRECTION('',(-1.92747052886312E-15,1.,0.));
#2056=DIRECTION('',(-1.,-1.92747052886312E-15,0.));
#2057=DIRECTION('',(0.,0.,-1.));
#2058=DIRECTION('',(-0.707106781186546,0.707106781186549,0.));
#2059=DIRECTION('',(-0.707106781186549,-0.707106781186546,0.));
#2060=DIRECTION('',(0.,0.,-1.));
#2061=DIRECTION('',(-1.,-5.4780741346636E-16,0.));
#2062=DIRECTION('',(5.4780741346636E-16,-1.,0.));
#2063=DIRECTION('',(0.,1.,0.));
#2064=DIRECTION('',(0.,0.,1.));
#2065=DIRECTION('',(0.,0.,1.));
#2066=DIRECTION('',(1.,0.,0.));
#2067=DIRECTION('',(0.,0.,1.));
#2068=DIRECTION('',(1.,0.,0.));
#2069=DIRECTION('',(3.07030703712709E-16,-1.,0.));
#2070=DIRECTION('',(0.,1.,0.));
#2071=DIRECTION('',(0.,0.,1.));
#2072=DIRECTION('',(1.,0.,0.));
#2073=DIRECTION('',(0.,0.,-1.));
#2074=DIRECTION('',(0.,0.,1.));
#2075=DIRECTION('',(1.,0.,0.));
#2076=DIRECTION('',(-3.07030703712709E-16,1.,0.));
#2077=DIRECTION('',(0.,0.,-1.));
#2078=DIRECTION('',(-1.,0.,0.));
#2079=DIRECTION('',(-2.85263891475977E-16,0.707106781186548,-0.707106781186547));
#2080=DIRECTION('',(2.85263891475976E-16,-0.707106781186547,-0.707106781186548));
#2081=DIRECTION('',(0.,0.,1.));
#2082=DIRECTION('',(1.,0.,0.));
#2083=DIRECTION('',(0.,0.,-1.));
#2084=DIRECTION('',(-1.,0.,0.));
#2085=DIRECTION('',(0.,0.,1.));
#2086=DIRECTION('',(1.,0.,0.));
#2087=DIRECTION('',(-2.85263891475976E-16,0.707106781186546,-0.70710678118655));
#2088=DIRECTION('',(2.85263891475978E-16,-0.707106781186549,-0.707106781186546));
#2089=DIRECTION('',(0.,0.,-1.));
#2090=DIRECTION('',(-1.,0.,0.));
#2091=DIRECTION('',(0.,0.,-1.));
#2092=DIRECTION('',(0.,0.,1.));
#2093=DIRECTION('',(1.,0.,0.));
#2094=DIRECTION('',(-2.82068857882407E-16,1.,0.));
#2095=DIRECTION('',(-1.,-2.82068857882408E-16,0.));
#2096=DIRECTION('',(0.,0.,-1.));
#2097=DIRECTION('',(1.,2.82068857882407E-16,0.));
#2098=DIRECTION('',(0.,0.,-1.));
#2099=DIRECTION('',(-1.,0.,0.));
#2100=DIRECTION('',(0.,0.,1.));
#2101=DIRECTION('',(1.,0.,0.));
#2102=DIRECTION('',(0.,0.,1.));
#2103=DIRECTION('',(1.,0.,0.));
#2104=DIRECTION('',(3.07030703712709E-16,-1.,0.));
#2105=DIRECTION('',(-3.07030703712709E-16,1.,0.));
#2106=DIRECTION('',(1.,3.07030703712709E-16,0.));
#2107=DIRECTION('',(-3.07030703712709E-16,1.,0.));
#2108=DIRECTION('',(3.07030703712709E-16,-1.,0.));
#2109=DIRECTION('',(0.,0.,-1.));
#2110=DIRECTION('',(-3.07030703712709E-16,1.,1.27929459880295E-16));
#2111=DIRECTION('',(0.,0.,1.));
#2112=DIRECTION('',(-0.707106781186546,-0.707106781186549,0.));
#2113=DIRECTION('',(0.,0.,-1.));
#2114=DIRECTION('',(0.577350269189627,-0.577350269189624,0.577350269189626));
#2115=DIRECTION('',(0.577350269189628,-0.577350269189625,-0.577350269189625));
#2116=DIRECTION('',(-0.707106781186546,-2.17103492627734E-16,-0.707106781186549));
#2117=DIRECTION('',(3.07030703712709E-16,-1.,0.));
#2118=DIRECTION('',(-0.577350269189628,-0.577350269189625,0.577350269189625));
#2119=DIRECTION('',(-0.707106781186547,-3.07563281222623E-16,0.707106781186548));
#2120=DIRECTION('',(3.07030703712709E-16,-1.,-1.27929459880295E-16));
#2121=DIRECTION('',(0.577350269189627,0.577350269189624,0.577350269189626));
#2122=DIRECTION('',(0.707106781186546,-0.707106781186549,0.));
#2123=DIRECTION('',(0.,0.,1.));
#2124=DIRECTION('',(8.06989953903207E-32,-2.62836890299516E-16,1.));
#2125=DIRECTION('',(0.,-1.,-2.62836890299516E-16));
#2126=DIRECTION('',(-3.07030703712709E-16,1.,2.62836890299516E-16));
#2127=DIRECTION('',(0.707106781186548,0.707106781186548,1.85853747476773E-16));
#2128=DIRECTION('',(-3.07030703712709E-16,1.,2.62836890299516E-16));
#2129=DIRECTION('',(-0.707106781186547,0.707106781186548,1.85853747476773E-16));
#2130=DIRECTION('',(1.,3.07030703712709E-16,0.));
#2131=DIRECTION('',(-3.07030703712709E-16,1.,0.));
#2132=DIRECTION('',(0.,0.,-1.));
#2133=DIRECTION('',(-3.07030703712709E-16,1.,6.57092225748791E-17));
#2134=DIRECTION('',(0.,0.,1.));
#2135=DIRECTION('',(0.707106781186548,0.707106781186547,0.));
#2136=DIRECTION('',(0.,0.,1.));
#2137=DIRECTION('',(-0.577350269189625,0.577350269189626,0.577350269189626));
#2138=DIRECTION('',(0.577350269189625,-0.577350269189626,0.577350269189626));
#2139=DIRECTION('',(-0.707106781186548,-2.63566929496927E-16,0.707106781186547));
#2140=DIRECTION('',(3.07030703712709E-16,-1.,-6.57092225748791E-17));
#2141=DIRECTION('',(0.577350269189626,0.577350269189626,0.577350269189627));
#2142=DIRECTION('',(0.707106781186548,-0.707106781186548,0.));
#2143=DIRECTION('',(0.,0.,1.));
#2144=DIRECTION('',(0.577350269189626,0.577350269189626,-0.577350269189626));
#2145=DIRECTION('',(-0.707106781186548,-2.17103492627735E-16,-0.707106781186547));
#2146=DIRECTION('',(3.07030703712709E-16,-1.,0.));
#2147=DIRECTION('',(-1.,-3.07030703712709E-16,0.));
#2148=DIRECTION('',(3.07030703712709E-16,-1.,0.));
#2149=DIRECTION('',(3.07030703712709E-16,-1.,0.));
#2150=DIRECTION('',(0.,0.,1.));
#2151=DIRECTION('',(-3.07030703712709E-16,1.,0.));
#2152=DIRECTION('',(0.,0.,-1.));
#2153=DIRECTION('',(0.707106781186549,-0.707106781186546,0.));
#2154=DIRECTION('',(0.,0.,-1.));
#2155=DIRECTION('',(-0.577350269189624,-0.577350269189627,0.577350269189627));
#2156=DIRECTION('',(0.577350269189623,0.577350269189626,0.577350269189628));
#2157=DIRECTION('',(0.70710678118655,2.17103492627735E-16,-0.707106781186545));
#2158=DIRECTION('',(3.07030703712709E-16,-1.,0.));
#2159=DIRECTION('',(-0.577350269189623,0.577350269189626,-0.577350269189628));
#2160=DIRECTION('',(-0.707106781186549,-2.17103492627735E-16,-0.707106781186546));
#2161=DIRECTION('',(-3.07030703712709E-16,1.,0.));
#2162=DIRECTION('',(-0.577350269189624,0.577350269189627,0.577350269189627));
#2163=DIRECTION('',(-0.707106781186549,-0.707106781186546,0.));
#2164=DIRECTION('',(0.,0.,1.));
#2165=DIRECTION('',(-8.06989953903207E-32,2.62836890299516E-16,1.));
#2166=DIRECTION('',(0.,-1.,2.62836890299516E-16));
#2167=DIRECTION('',(3.07030703712709E-16,-1.,2.62836890299516E-16));
#2168=DIRECTION('',(-0.707106781186548,0.707106781186548,-1.85853747476773E-16));
#2169=DIRECTION('',(3.07030703712709E-16,-1.,2.62836890299516E-16));
#2170=DIRECTION('',(-0.707106781186548,-0.707106781186548,1.85853747476773E-16));
#2171=DIRECTION('',(-1.,-3.07030703712709E-16,0.));
#2172=DIRECTION('',(3.07030703712709E-16,-1.,0.));
#2173=DIRECTION('',(3.07030703712709E-16,-1.,1.97127667724637E-16));
#2174=DIRECTION('',(0.,0.,1.));
#2175=DIRECTION('',(0.,0.,-1.));
#2176=DIRECTION('',(-0.707106781186548,0.707106781186548,0.));
#2177=DIRECTION('',(0.,0.,1.));
#2178=DIRECTION('',(-0.577350269189625,-0.577350269189625,-0.577350269189627));
#2179=DIRECTION('',(-0.577350269189626,-0.577350269189626,0.577350269189626));
#2180=DIRECTION('',(-0.707106781186547,-3.56493803235314E-16,-0.707106781186548));
#2181=DIRECTION('',(-3.07030703712709E-16,1.,-1.97127667724637E-16));
#2182=DIRECTION('',(0.577350269189626,-0.577350269189626,-0.577350269189625));
#2183=DIRECTION('',(0.707106781186548,0.707106781186548,0.));
#2184=DIRECTION('',(0.,0.,-1.));
#2185=DIRECTION('',(-0.577350269189625,0.577350269189625,-0.577350269189627));
#2186=DIRECTION('',(0.707106781186548,2.17103492627735E-16,-0.707106781186547));
#2187=DIRECTION('',(3.07030703712709E-16,-1.,0.));
#2188=DIRECTION('',(0.,0.707106781186548,-0.707106781186547));
#2189=DIRECTION('',(-1.,0.,0.));
#2190=DIRECTION('',(-1.,0.,0.));
#2191=DIRECTION('',(0.577350269189625,-0.577350269189625,-0.577350269189627));
#2192=DIRECTION('',(0.,-0.707106781186548,-0.707106781186547));
#2193=DIRECTION('',(1.,0.,0.));
#2194=DIRECTION('',(-0.577350269189625,0.577350269189625,-0.577350269189627));
#2195=DIRECTION('',(-0.707106781186549,-3.06658683336675E-16,-0.707106781186547));
#2196=DIRECTION('',(4.33680868994202E-16,-1.,0.));
#2197=DIRECTION('',(-0.577350269189625,-0.577350269189626,0.577350269189627));
#2198=DIRECTION('',(4.33680868994202E-16,-1.,0.));
#2199=DIRECTION('',(0.,0.707106781186548,0.707106781186547));
#2200=DIRECTION('',(1.,0.,0.));
#2201=DIRECTION('',(1.,0.,0.));
#2202=DIRECTION('',(0.707106781186549,3.06658683336675E-16,-0.707106781186547));
#2203=DIRECTION('',(-4.33680868994202E-16,1.,0.));
#2204=DIRECTION('',(0.577350269189625,0.577350269189626,0.577350269189627));
#2205=DIRECTION('',(0.,-0.707106781186548,0.707106781186547));
#2206=DIRECTION('',(-1.,0.,0.));
#2207=DIRECTION('',(0.,0.707106781186548,0.707106781186547));
#2208=DIRECTION('',(1.,0.,0.));
#2209=DIRECTION('',(1.,0.,0.));
#2210=DIRECTION('',(-0.577350269189626,0.577350269189625,-0.577350269189626));
#2211=DIRECTION('',(0.,-0.707106781186548,0.707106781186547));
#2212=DIRECTION('',(-1.,0.,0.));
#2213=DIRECTION('',(0.577350269189626,-0.577350269189625,-0.577350269189626));
#2214=DIRECTION('',(-0.707106781186548,-3.06658683336675E-16,0.707106781186547));
#2215=DIRECTION('',(-4.33680868994202E-16,1.,0.));
#2216=DIRECTION('',(-4.33680868994202E-16,1.,0.));
#2217=DIRECTION('',(0.577350269189626,0.577350269189625,0.577350269189626));
#2218=DIRECTION('',(0.707106781186548,3.06658683336675E-16,0.707106781186547));
#2219=DIRECTION('',(4.33680868994202E-16,-1.,0.));
#2220=DIRECTION('',(-0.577350269189626,-0.577350269189625,0.577350269189626));
#2221=DIRECTION('',(0.,0.707106781186548,-0.707106781186547));
#2222=DIRECTION('',(-1.,0.,0.));
#2223=DIRECTION('',(-1.,0.,0.));
#2224=DIRECTION('',(0.,-0.707106781186548,-0.707106781186547));
#2225=DIRECTION('',(1.,0.,0.));
#2226=DIRECTION('',(-2.85263891475976E-16,0.707106781186546,-0.70710678118655));
#2227=DIRECTION('',(-1.,-4.03424064180653E-16,0.));
#2228=DIRECTION('',(0.,-0.707106781186549,-0.707106781186546));
#2229=DIRECTION('',(0.,0.,-1.));
#2230=DIRECTION('',(-1.,0.,0.));
#2231=DIRECTION('',(0.707106781186547,0.,-0.707106781186548));
#2232=DIRECTION('',(0.707106781186548,0.,0.707106781186547));
#2233=DIRECTION('',(0.,-1.,0.));
#2234=DIRECTION('',(0.707106781186547,0.,-0.707106781186548));
#2235=DIRECTION('',(0.,0.,-1.));
#2236=DIRECTION('',(-1.,0.,0.));
#2237=DIRECTION('',(0.,0.707106781186547,-0.707106781186548));
#2238=DIRECTION('',(-1.17381314195856E-16,0.707106781186548,0.707106781186547));
#2239=DIRECTION('',(1.,1.66002246504957E-16,0.));
#2240=DIRECTION('',(0.,0.707106781186547,-0.707106781186548));
#2241=DIRECTION('',(0.,0.,-1.));
#2242=DIRECTION('',(-1.,0.,0.));
#2243=DIRECTION('',(-0.707106781186547,0.,-0.707106781186548));
#2244=DIRECTION('',(0.707106781186548,0.,-0.707106781186547));
#2245=DIRECTION('',(0.,1.,0.));
#2246=DIRECTION('',(-0.707106781186547,0.,-0.707106781186548));
#2247=DIRECTION('',(0.,0.,-1.));
#2248=DIRECTION('',(-1.,0.,0.));
#2249=DIRECTION('',(0.,-0.707106781186547,-0.707106781186548));
#2250=DIRECTION('',(-2.85263891475977E-16,0.707106781186548,-0.707106781186547));
#2251=DIRECTION('',(-1.,-4.03424064180653E-16,0.));
#2252=DIRECTION('',(1.17381314195856E-16,-0.707106781186548,0.707106781186547));
#2253=DIRECTION('',(-1.,-1.66002246504957E-16,0.));
#2254=DIRECTION('',(0.,-0.707106781186547,-0.707106781186548));
#2255=DIRECTION('',(0.,0.707106781186547,0.707106781186548));
#2256=DIRECTION('',(0.,0.,1.));
#2257=DIRECTION('',(1.,0.,0.));
#2258=DIRECTION('',(0.707106781186547,0.,0.707106781186548));
#2259=DIRECTION('',(0.,0.,1.));
#2260=DIRECTION('',(1.,0.,0.));
#2261=DIRECTION('',(0.707106781186547,0.,-0.707106781186548));
#2262=DIRECTION('',(-0.707106781186548,0.,0.707106781186547));
#2263=DIRECTION('',(0.,1.,0.));
#2264=DIRECTION('',(0.707106781186547,0.,0.707106781186548));
#2265=DIRECTION('',(-0.707106781186548,0.,-0.707106781186547));
#2266=DIRECTION('',(0.,-1.,0.));
#2267=DIRECTION('',(0.707106781186547,0.,-0.707106781186548));
#2268=DIRECTION('',(0.,0.,1.));
#2269=DIRECTION('',(1.,0.,0.));
#2270=DIRECTION('',(0.,-0.707106781186547,0.707106781186548));
#2271=DIRECTION('',(0.,0.,1.));
#2272=DIRECTION('',(1.,0.,0.));
#2273=DIRECTION('',(0.,0.707106781186547,-0.707106781186548));
#2274=DIRECTION('',(2.85263891475977E-16,-0.707106781186548,-0.707106781186547));
#2275=DIRECTION('',(1.,4.03424064180653E-16,0.));
#2276=CARTESIAN_POINT('',(0.,0.,0.));
#2277=CARTESIAN_POINT('',(0.0173,0.00625,0.0062));
#2278=CARTESIAN_POINT('',(0.0173,0.00625,0.0031));
#2279=CARTESIAN_POINT('',(0.0173,0.0232,0.0031));
#2280=CARTESIAN_POINT('',(0.0173,-0.0107,0.0031));
#2281=CARTESIAN_POINT('',(0.0173,0.0232,0.0062));
#2282=CARTESIAN_POINT('',(0.0173,0.0232,0.0016));
#2283=CARTESIAN_POINT('',(0.0173,5.31163117422987E-18,0.0016));
#2284=CARTESIAN_POINT('',(0.0173,-0.0107,0.0016));
#2285=CARTESIAN_POINT('',(0.0173,-0.0107,0.0062));
#2286=CARTESIAN_POINT('',(-0.0173,-0.01685,0.0016));
#2287=CARTESIAN_POINT('',(-0.0173,-0.0181,0.00415));
#2288=CARTESIAN_POINT('',(-0.0173,-0.0181,0.0062));
#2289=CARTESIAN_POINT('',(-0.0173,-0.0181,0.0029));
#2290=CARTESIAN_POINT('',(-0.0173,-0.01685,0.0062));
#2291=CARTESIAN_POINT('',(-0.0173,-0.0236,0.0062));
#2292=CARTESIAN_POINT('',(-0.0173,-0.0236,0.0062));
#2293=CARTESIAN_POINT('',(-0.0173,-0.0236,0.0016));
#2294=CARTESIAN_POINT('',(-0.0173,-5.60947965128948E-18,0.0016));
#2295=CARTESIAN_POINT('',(-0.0173,-0.0222,0.0016));
#2296=CARTESIAN_POINT('',(-0.0173,-0.0222,0.0016));
#2297=CARTESIAN_POINT('',(-0.0173,-0.0222,0.));
#2298=CARTESIAN_POINT('',(-0.0173,-0.01685,0.));
#2299=CARTESIAN_POINT('',(-0.0173,-0.0115,0.));
#2300=CARTESIAN_POINT('',(-0.0173,-0.0115,0.0016));
#2301=CARTESIAN_POINT('',(-0.0173,-0.0115,0.0029));
#2302=CARTESIAN_POINT('',(-0.0173,-0.0148,0.0029));
#2303=CARTESIAN_POINT('',(-0.0173,0.00625,0.0062));
#2304=CARTESIAN_POINT('',(-0.0173,0.0232,0.0062));
#2305=CARTESIAN_POINT('',(-0.0173,0.0232,0.0031));
#2306=CARTESIAN_POINT('',(-0.0173,0.0232,0.0016));
#2307=CARTESIAN_POINT('',(-0.0173,0.00625,0.0031));
#2308=CARTESIAN_POINT('',(-0.0173,-0.0107,0.0031));
#2309=CARTESIAN_POINT('',(-0.0173,-0.0107,0.0062));
#2310=CARTESIAN_POINT('',(-0.0173,-0.0107,0.0016));
#2311=CARTESIAN_POINT('',(-0.0173,-5.31163117422987E-18,0.0016));
#2312=CARTESIAN_POINT('',(0.,0.,0.0016));
#2313=CARTESIAN_POINT('',(-0.0209,-0.0242,0.0016));
#2314=CARTESIAN_POINT('',(-0.0263,-0.0242,0.0016));
#2315=CARTESIAN_POINT('',(-0.0209,-0.0296,0.0016));
#2316=CARTESIAN_POINT('',(1.19413522997473E-17,-0.0296,0.0016));
#2317=CARTESIAN_POINT('',(-0.0150495454169734,-0.0296,0.0016));
#2318=CARTESIAN_POINT('',(-0.0123,-0.0236,0.0016));
#2319=CARTESIAN_POINT('',(-0.0189,-0.0236,0.0016));
#2320=CARTESIAN_POINT('',(-0.0189,-6.12827545718909E-18,0.0016));
#2321=CARTESIAN_POINT('',(-0.0189,-0.023,0.0016));
#2322=CARTESIAN_POINT('',(0.,-0.023,0.0016));
#2323=CARTESIAN_POINT('',(-0.0245,-0.023,0.0016));
#2324=CARTESIAN_POINT('',(-0.0245,0.0098,0.0016));
#2325=CARTESIAN_POINT('',(-0.0245,0.0106,0.0016));
#2326=CARTESIAN_POINT('',(-0.0189,0.0106,0.0016));
#2327=CARTESIAN_POINT('',(-0.0189,0.0106,0.0016));
#2328=CARTESIAN_POINT('',(-0.0189,-4.89347368596443E-18,0.0016));
#2329=CARTESIAN_POINT('',(-0.0189,0.0232,0.0016));
#2330=CARTESIAN_POINT('',(0.,0.0232,0.0016));
#2331=CARTESIAN_POINT('',(-0.0181,-0.0107,0.0016));
#2332=CARTESIAN_POINT('',(-0.0155,-0.0107,0.0016));
#2333=CARTESIAN_POINT('',(-0.015,-0.0112,0.0016));
#2334=CARTESIAN_POINT('',(-0.0145,-0.0117,0.0016));
#2335=CARTESIAN_POINT('',(-0.0145,-0.01645,0.0016));
#2336=CARTESIAN_POINT('',(-0.0145,-0.0212,0.0016));
#2337=CARTESIAN_POINT('',(-0.015,-0.0217,0.0016));
#2338=CARTESIAN_POINT('',(-0.0155,-0.0222,0.0016));
#2339=CARTESIAN_POINT('',(-0.0164,-0.0222,0.0016));
#2340=CARTESIAN_POINT('',(-0.0123,-0.0236,0.0016));
#2341=CARTESIAN_POINT('',(-0.0123,-0.0286,0.0016));
#2342=CARTESIAN_POINT('',(8.06716933543686E-18,-0.0286,0.0016));
#2343=CARTESIAN_POINT('',(0.0123,-0.0286,0.0016));
#2344=CARTESIAN_POINT('',(0.0123,-0.0236,0.0016));
#2345=CARTESIAN_POINT('',(0.0173,-0.0236,0.0016));
#2346=CARTESIAN_POINT('',(0.0173,0.,0.0016));
#2347=CARTESIAN_POINT('',(0.0173,-0.0222,0.0016));
#2348=CARTESIAN_POINT('',(0.0164,-0.0222,0.0016));
#2349=CARTESIAN_POINT('',(0.0155,-0.0222,0.0016));
#2350=CARTESIAN_POINT('',(0.015,-0.0217,0.0016));
#2351=CARTESIAN_POINT('',(0.0145,-0.0212,0.0016));
#2352=CARTESIAN_POINT('',(0.0145,-0.01645,0.0016));
#2353=CARTESIAN_POINT('',(0.0145,-0.0117,0.0016));
#2354=CARTESIAN_POINT('',(0.015,-0.0112,0.0016));
#2355=CARTESIAN_POINT('',(0.0155,-0.0107,0.0016));
#2356=CARTESIAN_POINT('',(0.0181,-0.0107,0.0016));
#2357=CARTESIAN_POINT('',(0.,0.0232,0.0016));
#2358=CARTESIAN_POINT('',(0.0189,0.0232,0.0016));
#2359=CARTESIAN_POINT('',(0.0189,6.39732169677301E-18,0.0016));
#2360=CARTESIAN_POINT('',(0.0189,0.0106,0.0016));
#2361=CARTESIAN_POINT('',(0.0237,0.0106,0.0016));
#2362=CARTESIAN_POINT('',(0.0245,0.0106,0.0016));
#2363=CARTESIAN_POINT('',(0.0245,1.06251812903579E-17,0.0016));
#2364=CARTESIAN_POINT('',(0.0245,-0.023,0.0016));
#2365=CARTESIAN_POINT('',(0.,-0.023,0.0016));
#2366=CARTESIAN_POINT('',(0.0189,-0.023,0.0016));
#2367=CARTESIAN_POINT('',(0.0189,0.,0.0016));
#2368=CARTESIAN_POINT('',(0.0189,-0.0236,0.0016));
#2369=CARTESIAN_POINT('',(0.0123,-0.0236,0.0016));
#2370=CARTESIAN_POINT('',(0.0150495454169735,-0.0296,0.0016));
#2371=CARTESIAN_POINT('',(1.19413522997473E-17,-0.0296,0.0016));
#2372=CARTESIAN_POINT('',(0.0209,-0.0296,0.0016));
#2373=CARTESIAN_POINT('',(0.0209,-0.0242,0.0016));
#2374=CARTESIAN_POINT('',(0.0263,-0.0242,0.0016));
#2375=CARTESIAN_POINT('',(0.0263,0.0242,0.0016));
#2376=CARTESIAN_POINT('',(0.0263,0.0242,0.0016));
#2377=CARTESIAN_POINT('',(0.0209,0.0242,0.0016));
#2378=CARTESIAN_POINT('',(0.0209,0.0296,0.0016));
#2379=CARTESIAN_POINT('',(-0.0209,0.0296,0.0016));
#2380=CARTESIAN_POINT('',(-0.0209,0.0296,0.0016));
#2381=CARTESIAN_POINT('',(-0.0209,0.0242,0.0016));
#2382=CARTESIAN_POINT('',(-0.0263,0.0242,0.0016));
#2383=CARTESIAN_POINT('',(-0.0263,0.,0.0016));
#2384=CARTESIAN_POINT('',(-0.0209,-0.0242,0.0016));
#2385=CARTESIAN_POINT('',(-0.0209,-0.0302,0.0016));
#2386=CARTESIAN_POINT('',(-0.0209,-0.0302,0.001));
#2387=CARTESIAN_POINT('',(-0.0209,-0.0302,0.0006));
#2388=CARTESIAN_POINT('',(-0.0209,-0.0242,0.001));
#2389=CARTESIAN_POINT('',(-0.0269,-0.0242,0.001));
#2390=CARTESIAN_POINT('',(-0.0269,-0.0242,0.0016));
#2391=CARTESIAN_POINT('',(-0.0269,-0.0242,0.0006));
#2392=CARTESIAN_POINT('',(-0.0209,-0.0242,0.0006));
#2393=CARTESIAN_POINT('',(0.0166,-0.0302,0.0016));
#2394=CARTESIAN_POINT('',(-0.0123,-0.0302,0.0062));
#2395=CARTESIAN_POINT('',(-0.0123,-0.0302,0.0062));
#2396=CARTESIAN_POINT('',(-0.0123,-0.0302,0.001));
#2397=CARTESIAN_POINT('',(0.0166,-0.0302,0.001));
#2398=CARTESIAN_POINT('',(0.0209,-0.0302,0.0006));
#2399=CARTESIAN_POINT('',(0.0209,-0.0302,0.0006));
#2400=CARTESIAN_POINT('',(0.0209,-0.0302,0.0016));
#2401=CARTESIAN_POINT('',(0.0209,-0.0302,0.001));
#2402=CARTESIAN_POINT('',(0.0166,-0.0302,0.001));
#2403=CARTESIAN_POINT('',(0.0123,-0.0302,0.001));
#2404=CARTESIAN_POINT('',(0.0123,-0.0302,0.0062));
#2405=CARTESIAN_POINT('',(0.0123,-0.0302,0.0062));
#2406=CARTESIAN_POINT('',(5.20417042793042E-18,-0.0302,0.0062));
#2407=CARTESIAN_POINT('',(0.0209,-0.0242,0.0016));
#2408=CARTESIAN_POINT('',(0.0269,-0.0242,0.0016));
#2409=CARTESIAN_POINT('',(0.0269,-0.0242,0.001));
#2410=CARTESIAN_POINT('',(0.0269,-0.0242,0.0006));
#2411=CARTESIAN_POINT('',(0.0209,-0.0242,0.001));
#2412=CARTESIAN_POINT('',(0.0209,-0.0242,0.0006));
#2413=CARTESIAN_POINT('',(0.0269,3.46944695195361E-18,0.0016));
#2414=CARTESIAN_POINT('',(0.0269,0.0242,0.0016));
#2415=CARTESIAN_POINT('',(0.0269,0.0242,0.001));
#2416=CARTESIAN_POINT('',(0.0269,0.0242,0.0006));
#2417=CARTESIAN_POINT('',(0.0269,-0.0242,0.001));
#2418=CARTESIAN_POINT('',(0.0269,3.46944695195361E-18,0.0006));
#2419=CARTESIAN_POINT('',(0.0209,0.0242,0.0016));
#2420=CARTESIAN_POINT('',(0.0209,0.0302,0.0016));
#2421=CARTESIAN_POINT('',(0.0209,0.0302,0.001));
#2422=CARTESIAN_POINT('',(0.0209,0.0302,0.0006));
#2423=CARTESIAN_POINT('',(0.0209,0.0242,0.001));
#2424=CARTESIAN_POINT('',(0.0209,0.0242,0.0006));
#2425=CARTESIAN_POINT('',(0.,0.0302,0.0016));
#2426=CARTESIAN_POINT('',(-0.0209,0.0302,0.0016));
#2427=CARTESIAN_POINT('',(-0.0209,0.0302,0.001));
#2428=CARTESIAN_POINT('',(-0.0209,0.0302,0.0006));
#2429=CARTESIAN_POINT('',(0.0209,0.0302,0.001));
#2430=CARTESIAN_POINT('',(0.,0.0302,0.0006));
#2431=CARTESIAN_POINT('',(-0.0209,0.0242,0.0016));
#2432=CARTESIAN_POINT('',(-0.0269,0.0242,0.0016));
#2433=CARTESIAN_POINT('',(-0.0269,0.0242,0.001));
#2434=CARTESIAN_POINT('',(-0.0269,0.0242,0.0006));
#2435=CARTESIAN_POINT('',(-0.0209,0.0242,0.001));
#2436=CARTESIAN_POINT('',(-0.0209,0.0242,0.0006));
#2437=CARTESIAN_POINT('',(-0.0269,-3.46944695195361E-18,0.0016));
#2438=CARTESIAN_POINT('',(-0.0269,-3.46944695195361E-18,0.001));
#2439=CARTESIAN_POINT('',(-0.0269,-0.0242,0.0006));
#2440=CARTESIAN_POINT('',(0.,0.,0.));
#2441=CARTESIAN_POINT('',(0.0209,-0.0242,0.));
#2442=CARTESIAN_POINT('',(0.0263,-0.0242,0.));
#2443=CARTESIAN_POINT('',(0.0209,-0.0296,0.));
#2444=CARTESIAN_POINT('',(-0.0209,-0.0296,0.));
#2445=CARTESIAN_POINT('',(-0.0209,-0.0296,0.));
#2446=CARTESIAN_POINT('',(-0.0209,-0.0242,0.));
#2447=CARTESIAN_POINT('',(-0.0263,-0.0242,0.));
#2448=CARTESIAN_POINT('',(-0.0263,0.0242,0.));
#2449=CARTESIAN_POINT('',(-0.0263,0.0242,0.));
#2450=CARTESIAN_POINT('',(-0.0209,0.0242,0.));
#2451=CARTESIAN_POINT('',(-0.0209,0.0296,0.));
#2452=CARTESIAN_POINT('',(-4.91366649654675E-18,0.0296,0.));
#2453=CARTESIAN_POINT('',(0.0209,0.0296,0.));
#2454=CARTESIAN_POINT('',(0.0209,0.0242,0.));
#2455=CARTESIAN_POINT('',(0.0263,0.0242,0.));
#2456=CARTESIAN_POINT('',(0.0263,0.,0.));
#2457=CARTESIAN_POINT('',(0.,0.0106,0.));
#2458=CARTESIAN_POINT('',(0.0245,0.0106,0.));
#2459=CARTESIAN_POINT('',(0.0189,0.0106,0.));
#2460=CARTESIAN_POINT('',(0.0189,-0.000449999999999994,0.));
#2461=CARTESIAN_POINT('',(0.0189,-0.0107,0.));
#2462=CARTESIAN_POINT('',(0.0181,-0.0107,0.));
#2463=CARTESIAN_POINT('',(0.0155,-0.0107,0.));
#2464=CARTESIAN_POINT('',(0.015,-0.0112,0.));
#2465=CARTESIAN_POINT('',(0.0145,-0.0117,0.));
#2466=CARTESIAN_POINT('',(0.0145,-0.01645,0.));
#2467=CARTESIAN_POINT('',(0.0145,-0.0212,0.));
#2468=CARTESIAN_POINT('',(0.015,-0.0217,0.));
#2469=CARTESIAN_POINT('',(0.0155,-0.0222,0.));
#2470=CARTESIAN_POINT('',(0.0164,-0.0222,0.));
#2471=CARTESIAN_POINT('',(0.0173,-0.0222,0.));
#2472=CARTESIAN_POINT('',(0.0173,-0.01685,0.));
#2473=CARTESIAN_POINT('',(0.0173,-0.0115,0.));
#2474=CARTESIAN_POINT('',(0.0181,-0.0115,0.));
#2475=CARTESIAN_POINT('',(0.0189,-0.0115,0.));
#2476=CARTESIAN_POINT('',(0.0189,-0.01685,0.));
#2477=CARTESIAN_POINT('',(0.0189,-0.023,0.));
#2478=CARTESIAN_POINT('',(0.0237,-0.023,0.));
#2479=CARTESIAN_POINT('',(0.0245,-0.023,0.));
#2480=CARTESIAN_POINT('',(0.0245,0.0098,0.));
#2481=CARTESIAN_POINT('',(-0.0189,-0.023,0.));
#2482=CARTESIAN_POINT('',(-0.0245,-0.023,0.));
#2483=CARTESIAN_POINT('',(-0.0189,-0.023,0.));
#2484=CARTESIAN_POINT('',(-0.0189,-0.01685,0.));
#2485=CARTESIAN_POINT('',(-0.0189,-0.0115,0.));
#2486=CARTESIAN_POINT('',(-0.0181,-0.0115,0.));
#2487=CARTESIAN_POINT('',(-0.0164,-0.0222,0.));
#2488=CARTESIAN_POINT('',(-0.0155,-0.0222,0.));
#2489=CARTESIAN_POINT('',(-0.015,-0.0217,0.));
#2490=CARTESIAN_POINT('',(-0.0145,-0.0212,0.));
#2491=CARTESIAN_POINT('',(-0.0145,-0.01645,0.));
#2492=CARTESIAN_POINT('',(-0.0145,-0.0117,0.));
#2493=CARTESIAN_POINT('',(-0.015,-0.0112,0.));
#2494=CARTESIAN_POINT('',(-0.0155,-0.0107,0.));
#2495=CARTESIAN_POINT('',(-0.0181,-0.0107,0.));
#2496=CARTESIAN_POINT('',(-0.0189,-0.0107,0.));
#2497=CARTESIAN_POINT('',(-0.0189,-0.00045,0.));
#2498=CARTESIAN_POINT('',(-0.0189,0.0106,0.));
#2499=CARTESIAN_POINT('',(0.,0.0106,0.));
#2500=CARTESIAN_POINT('',(-0.0245,0.0106,0.));
#2501=CARTESIAN_POINT('',(-0.0245,-1.06251812903579E-17,0.));
#2502=CARTESIAN_POINT('',(0.0189,-0.000449999999999994,0.0016));
#2503=CARTESIAN_POINT('',(0.0189,0.0098,0.0008));
#2504=CARTESIAN_POINT('',(0.0189,0.0098,0.0008));
#2505=CARTESIAN_POINT('',(0.0189,0.0106,0.0016));
#2506=CARTESIAN_POINT('',(0.0189,0.0232,0.0062));
#2507=CARTESIAN_POINT('',(0.0189,0.0232,0.0062));
#2508=CARTESIAN_POINT('',(0.0189,-0.000449999999999994,0.0062));
#2509=CARTESIAN_POINT('',(0.0189,-0.0107,0.0062));
#2510=CARTESIAN_POINT('',(0.0189,-0.0107,0.0016));
#2511=CARTESIAN_POINT('',(0.0181,-0.0107,0.0016));
#2512=CARTESIAN_POINT('',(0.0181,-0.0107,0.0062));
#2513=CARTESIAN_POINT('',(0.0173,-0.0107,0.0062));
#2514=CARTESIAN_POINT('',(0.0173,-0.0107,0.0031));
#2515=CARTESIAN_POINT('',(0.0155,-0.0107,0.0016));
#2516=CARTESIAN_POINT('',(0.015,-0.0112,0.0016));
#2517=CARTESIAN_POINT('',(0.0145,-0.0117,0.0016));
#2518=CARTESIAN_POINT('',(0.0145,-0.01645,0.0016));
#2519=CARTESIAN_POINT('',(0.0145,-0.0212,0.0016));
#2520=CARTESIAN_POINT('',(0.015,-0.0217,0.0016));
#2521=CARTESIAN_POINT('',(0.0155,-0.0222,0.0016));
#2522=CARTESIAN_POINT('',(0.0164,-0.0222,0.0016));
#2523=CARTESIAN_POINT('',(0.0173,-0.0222,0.0016));
#2524=CARTESIAN_POINT('',(0.0173,-0.01685,0.0016));
#2525=CARTESIAN_POINT('',(0.0173,-0.0229,0.0062));
#2526=CARTESIAN_POINT('',(0.0173,-0.0181,0.0062));
#2527=CARTESIAN_POINT('',(0.0173,-0.0236,0.0062));
#2528=CARTESIAN_POINT('',(0.0173,-0.0181,0.00415));
#2529=CARTESIAN_POINT('',(0.0173,-0.0181,0.0029));
#2530=CARTESIAN_POINT('',(0.0173,-0.0148,0.0029));
#2531=CARTESIAN_POINT('',(0.0173,-0.0115,0.0029));
#2532=CARTESIAN_POINT('',(0.0173,-0.0115,0.0016));
#2533=CARTESIAN_POINT('',(0.0173,-0.0236,0.0062));
#2534=CARTESIAN_POINT('',(0.0181,-0.0115,0.0016));
#2535=CARTESIAN_POINT('',(0.0173,-0.0115,0.0054));
#2536=CARTESIAN_POINT('',(0.0173,-0.0115,0.0062));
#2537=CARTESIAN_POINT('',(0.0181,-0.0115,0.0062));
#2538=CARTESIAN_POINT('',(0.0189,-0.0115,0.0062));
#2539=CARTESIAN_POINT('',(0.0189,-0.0115,0.0016));
#2540=CARTESIAN_POINT('',(0.0189,-0.01685,0.0016));
#2541=CARTESIAN_POINT('',(0.0189,-0.0229,0.0062));
#2542=CARTESIAN_POINT('',(0.0189,-0.0236,0.0062));
#2543=CARTESIAN_POINT('',(0.0189,-0.0236,0.0062));
#2544=CARTESIAN_POINT('',(0.0189,-0.0222,0.0008));
#2545=CARTESIAN_POINT('',(0.0189,-0.0222,0.0008));
#2546=CARTESIAN_POINT('',(0.0189,-0.023,3.06413772859455E-18));
#2547=CARTESIAN_POINT('',(-0.015,-0.0112,0.0016));
#2548=CARTESIAN_POINT('',(-0.0145,-0.0117,0.0016));
#2549=CARTESIAN_POINT('',(-0.0155,-0.0107,0.0016));
#2550=CARTESIAN_POINT('',(-0.0181,-0.0107,0.0016));
#2551=CARTESIAN_POINT('',(-0.0173,-0.0107,0.0062));
#2552=CARTESIAN_POINT('',(-0.0173,-0.0107,0.0062));
#2553=CARTESIAN_POINT('',(-0.0181,-0.0107,0.0062));
#2554=CARTESIAN_POINT('',(-0.0189,-0.0107,0.0062));
#2555=CARTESIAN_POINT('',(-0.0189,-0.0107,0.0016));
#2556=CARTESIAN_POINT('',(-0.0189,-0.00045,0.0016));
#2557=CARTESIAN_POINT('',(-0.0189,0.0165,0.0062));
#2558=CARTESIAN_POINT('',(-0.0189,0.0232,0.0062));
#2559=CARTESIAN_POINT('',(-0.0189,0.0232,0.0062));
#2560=CARTESIAN_POINT('',(-0.0189,0.005075,-0.003925));
#2561=CARTESIAN_POINT('',(-0.0189,0.0098,0.0008));
#2562=CARTESIAN_POINT('',(-0.0189,0.004275,0.006325));
#2563=CARTESIAN_POINT('',(-0.0189,-0.01685,0.0016));
#2564=CARTESIAN_POINT('',(-0.0189,-0.019125,0.003875));
#2565=CARTESIAN_POINT('',(-0.0189,-0.0222,0.0008));
#2566=CARTESIAN_POINT('',(-0.0189,-0.019925,-0.001475));
#2567=CARTESIAN_POINT('',(-0.0189,-0.0236,0.0062));
#2568=CARTESIAN_POINT('',(-0.0189,-0.0236,0.0062));
#2569=CARTESIAN_POINT('',(-0.0189,-0.01685,0.0062));
#2570=CARTESIAN_POINT('',(-0.0189,-0.0115,0.0062));
#2571=CARTESIAN_POINT('',(-0.0189,-0.0115,0.0016));
#2572=CARTESIAN_POINT('',(-0.0181,-0.0115,0.0016));
#2573=CARTESIAN_POINT('',(-0.0181,-0.0115,0.0062));
#2574=CARTESIAN_POINT('',(-0.0173,-0.0115,0.0062));
#2575=CARTESIAN_POINT('',(-0.0173,-0.0115,0.0029));
#2576=CARTESIAN_POINT('',(-0.0164,-0.0222,0.0016));
#2577=CARTESIAN_POINT('',(-0.0155,-0.0222,0.0016));
#2578=CARTESIAN_POINT('',(-0.015,-0.0217,0.0016));
#2579=CARTESIAN_POINT('',(-0.0145,-0.0212,0.0016));
#2580=CARTESIAN_POINT('',(-0.0145,-0.01645,0.0016));
#2581=CARTESIAN_POINT('',(0.0181,0.0232,0.0062));
#2582=CARTESIAN_POINT('',(0.0173,0.0232,0.0062));
#2583=CARTESIAN_POINT('',(0.0173,0.0232,0.0062));
#2584=CARTESIAN_POINT('',(0.0181,0.0232,0.0062));
#2585=CARTESIAN_POINT('',(0.,0.,0.0062));
#2586=CARTESIAN_POINT('',(0.0173,5.31163117422987E-18,0.0062));
#2587=CARTESIAN_POINT('',(-0.0181,0.0232,0.0062));
#2588=CARTESIAN_POINT('',(-0.0181,0.0232,0.0062));
#2589=CARTESIAN_POINT('',(-0.0173,0.0232,0.0062));
#2590=CARTESIAN_POINT('',(-0.0173,0.0232,0.0062));
#2591=CARTESIAN_POINT('',(0.,0.,0.0062));
#2592=CARTESIAN_POINT('',(-0.0173,-5.31163117422987E-18,0.0062));
#2593=CARTESIAN_POINT('',(-0.0123,-0.0236,0.0062));
#2594=CARTESIAN_POINT('',(-0.0123,-0.0236,0.0076));
#2595=CARTESIAN_POINT('',(-0.0123,-0.0236,0.0062));
#2596=CARTESIAN_POINT('',(0.0123,-0.0236,0.0062));
#2597=CARTESIAN_POINT('',(0.0123,-0.0236,0.0062));
#2598=CARTESIAN_POINT('',(0.0123,-0.0236,0.0076));
#2599=CARTESIAN_POINT('',(0.0123,-0.0236,0.0062));
#2600=CARTESIAN_POINT('',(0.0123,-0.0286,0.0062));
#2601=CARTESIAN_POINT('',(0.0123,-0.0286,0.0062));
#2602=CARTESIAN_POINT('',(0.0123,-0.0236,0.0062));
#2603=CARTESIAN_POINT('',(6.93889390390723E-18,-0.0286,0.0062));
#2604=CARTESIAN_POINT('',(-0.0123,-0.0286,0.0062));
#2605=CARTESIAN_POINT('',(-0.0123,-0.0286,0.0062));
#2606=CARTESIAN_POINT('',(6.93889390390723E-18,-0.0286,0.0062));
#2607=CARTESIAN_POINT('',(-0.0123,-0.0236,0.0062));
#2608=CARTESIAN_POINT('',(-0.0123,-0.0236,0.0062));
#2609=CARTESIAN_POINT('',(0.,0.,0.0062));
#2610=CARTESIAN_POINT('',(0.0173,5.31163117422987E-18,0.0062));
#2611=CARTESIAN_POINT('',(-0.0173,-5.31163117422987E-18,0.0062));
#2612=CARTESIAN_POINT('',(-0.0166,0.00255,0.0039));
#2613=CARTESIAN_POINT('',(-0.0166,0.00255,0.0055));
#2614=CARTESIAN_POINT('',(-0.0166,0.0225,0.0055));
#2615=CARTESIAN_POINT('',(-0.0166,-0.01,0.0055));
#2616=CARTESIAN_POINT('',(-0.0166,-0.01,0.0031));
#2617=CARTESIAN_POINT('',(-0.0166,-0.01,0.0038));
#2618=CARTESIAN_POINT('',(-0.0166,0.00255,0.0038));
#2619=CARTESIAN_POINT('',(-0.0166,0.0225,0.0038));
#2620=CARTESIAN_POINT('',(-0.0166,0.0225,0.0039));
#2621=CARTESIAN_POINT('',(-0.0173,0.0232,0.0062));
#2622=CARTESIAN_POINT('',(-0.01165,0.01755,0.00875));
#2623=CARTESIAN_POINT('',(-0.0173,0.0232,0.0062));
#2624=CARTESIAN_POINT('',(-0.0166,0.00255,0.0055));
#2625=CARTESIAN_POINT('',(-0.0124166666666667,-0.00581666666666668,0.00131666666666668));
#2626=CARTESIAN_POINT('',(-0.0173,0.00625,0.0031));
#2627=CARTESIAN_POINT('',(-0.01165,-0.00505,0.00875));
#2628=CARTESIAN_POINT('',(-0.0166,-0.01,0.0039));
#2629=CARTESIAN_POINT('',(-0.0157,-0.0148,0.0054));
#2630=CARTESIAN_POINT('',(-0.0165,-0.0148,0.0054));
#2631=CARTESIAN_POINT('',(-0.0165,-0.0173,0.0054));
#2632=CARTESIAN_POINT('',(-0.0165,-0.0123,0.0054));
#2633=CARTESIAN_POINT('',(-0.01485,-0.01565,0.0054));
#2634=CARTESIAN_POINT('',(-0.0157,-0.0165,0.0054));
#2635=CARTESIAN_POINT('',(-0.0157,-0.0148,0.0054));
#2636=CARTESIAN_POINT('',(-0.0157,-0.0131,0.0054));
#2637=CARTESIAN_POINT('',(-0.01485,-0.01395,0.0054));
#2638=CARTESIAN_POINT('',(-0.0157,0.00255,0.0039));
#2639=CARTESIAN_POINT('',(-0.0157,-0.0165,0.0029));
#2640=CARTESIAN_POINT('',(-0.0157,-0.0165,0.0045));
#2641=CARTESIAN_POINT('',(-0.0157,0.00255,0.0045));
#2642=CARTESIAN_POINT('',(-0.0157,-0.0131,0.0045));
#2643=CARTESIAN_POINT('',(-0.0157,-0.0131,0.0054));
#2644=CARTESIAN_POINT('',(-0.0173,-0.0115,0.0016));
#2645=CARTESIAN_POINT('',(-0.0157666666666667,-0.0130333333333333,0.00466666666666667));
#2646=CARTESIAN_POINT('',(-0.0177333333333334,-0.0110666666666667,0.00246666666666667));
#2647=CARTESIAN_POINT('',(-0.0173,-0.0148,0.0029));
#2648=CARTESIAN_POINT('',(-0.0162,-0.017,0.004));
#2649=CARTESIAN_POINT('',(-0.0157,-0.0165,0.0039));
#2650=CARTESIAN_POINT('',(-0.0154666666666666,-0.0162666666666667,0.00436666666666666));
#2651=CARTESIAN_POINT('',(-0.0165,0.00255,0.0054));
#2652=CARTESIAN_POINT('',(0.0166,0.00255,0.0039));
#2653=CARTESIAN_POINT('',(0.0166,-0.0107,0.0038));
#2654=CARTESIAN_POINT('',(0.0166,0.0225,0.0038));
#2655=CARTESIAN_POINT('',(0.0166,-0.01,0.0038));
#2656=CARTESIAN_POINT('',(0.0166,-0.01,0.0062));
#2657=CARTESIAN_POINT('',(0.0166,-0.01,0.0055));
#2658=CARTESIAN_POINT('',(0.0166,0.00255,0.0055));
#2659=CARTESIAN_POINT('',(0.0166,0.0225,0.0055));
#2660=CARTESIAN_POINT('',(0.0166,0.0225,0.0039));
#2661=CARTESIAN_POINT('',(0.0166,0.0225,0.0039));
#2662=CARTESIAN_POINT('',(0.00995,0.01585,0.01045));
#2663=CARTESIAN_POINT('',(0.0160666666666666,0.0219666666666667,0.00496666666666666));
#2664=CARTESIAN_POINT('',(0.0173,5.31163117422987E-18,0.0062));
#2665=CARTESIAN_POINT('',(0.0137333333333333,-0.00713333333333332,0.00263333333333331));
#2666=CARTESIAN_POINT('',(0.0166,0.00255,0.0038));
#2667=CARTESIAN_POINT('',(0.0124166666666667,-0.00581666666666665,0.00798333333333335));
#2668=CARTESIAN_POINT('',(0.0173,-0.0107,0.0016));
#2669=CARTESIAN_POINT('',(0.0157,-0.0148,0.0054));
#2670=CARTESIAN_POINT('',(0.0157,-0.0148,0.0054));
#2671=CARTESIAN_POINT('',(0.0157,-0.0131,0.0054));
#2672=CARTESIAN_POINT('',(0.0157,-0.0165,0.0054));
#2673=CARTESIAN_POINT('',(0.01485,-0.01565,0.0054));
#2674=CARTESIAN_POINT('',(0.0165,-0.0173,0.0054));
#2675=CARTESIAN_POINT('',(0.0165,-0.0148,0.0054));
#2676=CARTESIAN_POINT('',(0.0165,-0.0123,0.0054));
#2677=CARTESIAN_POINT('',(0.01485,-0.01395,0.0054));
#2678=CARTESIAN_POINT('',(0.0157,0.00255,0.0039));
#2679=CARTESIAN_POINT('',(0.0157,-0.0181,0.0045));
#2680=CARTESIAN_POINT('',(0.0157,-0.0131,0.0045));
#2681=CARTESIAN_POINT('',(0.0157,-0.0165,0.0045));
#2682=CARTESIAN_POINT('',(0.0157,-0.0165,0.0039));
#2683=CARTESIAN_POINT('',(0.0157,-0.0131,0.0029));
#2684=CARTESIAN_POINT('',(0.0157,-0.0131,0.0039));
#2685=CARTESIAN_POINT('',(0.0154666666666666,-0.0133333333333333,0.00436666666666666));
#2686=CARTESIAN_POINT('',(0.0159,-0.0129,0.0043));
#2687=CARTESIAN_POINT('',(0.0157,0.00255,0.0045));
#2688=CARTESIAN_POINT('',(0.00935,-0.01015,0.01085));
#2689=CARTESIAN_POINT('',(0.0173,-0.0181,0.00415));
#2690=CARTESIAN_POINT('',(0.0166166666666667,-0.0174166666666666,0.00551666666666667));
#2691=CARTESIAN_POINT('',(0.0173,5.31163117422987E-18,0.0062));
#2692=CARTESIAN_POINT('',(0.,-0.023,0.));
#2693=CARTESIAN_POINT('',(0.0189,-0.0222,0.0008));
#2694=CARTESIAN_POINT('',(0.0237,-0.0222,0.0008));
#2695=CARTESIAN_POINT('',(0.0168333333333333,-0.0153333333333333,0.00766666666666668));
#2696=CARTESIAN_POINT('',(0.0227,-0.0222,0.0008));
#2697=CARTESIAN_POINT('',(0.0183666666666667,-0.0168666666666667,-0.00453333333333334));
#2698=CARTESIAN_POINT('',(0.0245,1.06251812903579E-17,0.));
#2699=CARTESIAN_POINT('',(0.0229,0.009,0.0016));
#2700=CARTESIAN_POINT('',(0.0237,0.0098,0.0008));
#2701=CARTESIAN_POINT('',(0.0237,-0.0222,0.0008));
#2702=CARTESIAN_POINT('',(0.0213,0.0098,0.0008));
#2703=CARTESIAN_POINT('',(0.0213,0.0098,0.0008));
#2704=CARTESIAN_POINT('',(0.0237,-0.0062,0.0008));
#2705=CARTESIAN_POINT('',(0.0163333333333334,0.00243333333333336,-0.00656666666666667));
#2706=CARTESIAN_POINT('',(0.,0.0106,0.0016));
#2707=CARTESIAN_POINT('',(-0.0213,0.0098,0.0008));
#2708=CARTESIAN_POINT('',(-0.0213,0.0098,0.0008));
#2709=CARTESIAN_POINT('',(-0.0237,0.0098,0.0008));
#2710=CARTESIAN_POINT('',(-0.0183666666666666,0.00446666666666668,0.00613333333333333));
#2711=CARTESIAN_POINT('',(0.,0.0106,0.0016));
#2712=CARTESIAN_POINT('',(-0.0209666666666667,0.00706666666666667,-0.00193333333333333));
#2713=CARTESIAN_POINT('',(-0.0237,-0.0062,0.0008));
#2714=CARTESIAN_POINT('',(-0.0237,-0.0062,0.0008));
#2715=CARTESIAN_POINT('',(-0.0237,-0.0222,0.0008));
#2716=CARTESIAN_POINT('',(-0.0163333333333334,-0.0148333333333333,0.00816666666666667));
#2717=CARTESIAN_POINT('',(-0.0245,-1.06251812903579E-17,0.0016));
#2718=CARTESIAN_POINT('',(-0.0225666666666667,-0.0210666666666667,-0.000333333333333333));
#2719=CARTESIAN_POINT('',(0.,-0.023,0.));
#2720=CARTESIAN_POINT('',(-0.0237,-0.0222,0.0008));
#2721=CARTESIAN_POINT('',(-0.0203,-0.0222,0.0008));
#2722=CARTESIAN_POINT('',(0.0166,-0.0302,0.001));
#2723=CARTESIAN_POINT('',(0.0209,-0.0296,0.0016));
#2724=CARTESIAN_POINT('',(0.0209,-0.0242,0.0016));
#2725=CARTESIAN_POINT('',(0.0263,-0.0242,0.0016));
#2726=CARTESIAN_POINT('',(0.0263,0.,0.0016));
#2727=CARTESIAN_POINT('',(0.0263,0.0242,0.0016));
#2728=CARTESIAN_POINT('',(0.0209,0.0242,0.0016));
#2729=CARTESIAN_POINT('',(0.0209,0.0296,0.0016));
#2730=CARTESIAN_POINT('',(-4.91366649654675E-18,0.0296,0.0016));
#2731=CARTESIAN_POINT('',(-0.0209,0.0296,0.0016));
#2732=CARTESIAN_POINT('',(-0.0209,0.0242,0.0016));
#2733=CARTESIAN_POINT('',(-0.0263,0.0242,0.0016));
#2734=CARTESIAN_POINT('',(-0.0269,-3.46944695195361E-18,0.001));
#2735=CARTESIAN_POINT('',(-0.0263,-0.0242,0.0016));
#2736=CARTESIAN_POINT('',(-0.0209,-0.0242,0.0016));
#2737=CARTESIAN_POINT('',(-0.0209,-0.0296,0.0016));
#2738=CARTESIAN_POINT('',(0.0166,-0.0302,0.001));
#2739=CARTESIAN_POINT('',(0.,0.0302,0.0006));
#2740=CARTESIAN_POINT('',(-0.0209,0.0302,0.0006));
#2741=CARTESIAN_POINT('',(0.0209,0.0296,0.));
#2742=CARTESIAN_POINT('',(0.0209,0.0242,0.0006));
#2743=CARTESIAN_POINT('',(0.0263,0.0242,0.));
#2744=CARTESIAN_POINT('',(-0.0209,0.0242,0.0006));
#2745=CARTESIAN_POINT('',(-0.0269,0.0242,0.0006));
#2746=CARTESIAN_POINT('',(0.0269,3.46944695195361E-18,0.0006));
#2747=CARTESIAN_POINT('',(0.0263,-0.0242,0.));
#2748=CARTESIAN_POINT('',(-0.0263,0.,0.));
#2749=CARTESIAN_POINT('',(-0.0269,-0.0242,0.0006));
#2750=CARTESIAN_POINT('',(0.0209,-0.0242,0.0006));
#2751=CARTESIAN_POINT('',(0.0209,-0.0296,0.));
#2752=CARTESIAN_POINT('',(-0.0209,-0.0242,0.0006));
#2753=CARTESIAN_POINT('',(-0.0209,-0.0302,0.0006));
#2754=CARTESIAN_POINT('',(1.19413522997473E-17,-0.0296,0.));
#2755=MECHANICAL_DESIGN_GEOMETRIC_PRESENTATION_REPRESENTATION('',(#1698),
#2756);
#2756=(
GEOMETRIC_REPRESENTATION_CONTEXT(3)
GLOBAL_UNCERTAINTY_ASSIGNED_CONTEXT((#2757))
GLOBAL_UNIT_ASSIGNED_CONTEXT((#2760,#2759,#2758))
REPRESENTATION_CONTEXT('Slide Mount','TOP_LEVEL_ASSEMBLY_PART')
);
#2757=UNCERTAINTY_MEASURE_WITH_UNIT(LENGTH_MEASURE(1.E-8),#2760,
'DISTANCE_ACCURACY_VALUE','Maximum Tolerance applied to model');
#2758=(
NAMED_UNIT(*)
SI_UNIT($,.STERADIAN.)
SOLID_ANGLE_UNIT()
);
#2759=(
NAMED_UNIT(*)
PLANE_ANGLE_UNIT()
SI_UNIT($,.RADIAN.)
);
#2760=(
LENGTH_UNIT()
NAMED_UNIT(*)
SI_UNIT($,.METRE.)
);
#2761=PRODUCT_DEFINITION_SHAPE('','',#2762);
#2762=PRODUCT_DEFINITION('','',#2764,#2763);
#2763=PRODUCT_DEFINITION_CONTEXT('',#2770,'design');
#2764=PRODUCT_DEFINITION_FORMATION_WITH_SPECIFIED_SOURCE('','',#2766,
 .NOT_KNOWN.);
#2765=PRODUCT_RELATED_PRODUCT_CATEGORY('','',(#2766));
#2766=PRODUCT('Slide Mount','Slide Mount','Slide Mount',(#2768));
#2767=PRODUCT_CATEGORY('','');
#2768=PRODUCT_CONTEXT('',#2770,'mechanical');
#2769=APPLICATION_PROTOCOL_DEFINITION('international standard',
'ap242_managed_model_based_3d_engineering',2020,#2770);
#2770=APPLICATION_CONTEXT('managed model based 3d engineering');
ENDSEC;
END-ISO-10303-21;
