ISO-10303-21;
HEADER;
/* Generated by software containing ST-Developer
 * from STEP Tools, Inc. (www.steptools.com) 
 */
/* OPTION: using custom renumber hook */

FILE_DESCRIPTION(
/* description */ ('STEP AP242 Edition 2',
'CAx-IF Rec.Pracs.---Representation and Presentation of Product Manufa
cturing Information (PMI)---4.0---2014-10-13',
'CAx-IF Rec.Pracs.---3D Tessellated Geometry---0.4---2014-09-14','2;1',
'CAx-IF Rec.Pracs.---User Defined Attributes---1.5---2016-08-15'),
/* implementation_level */ '2;1');

FILE_NAME(
/* name */ 'Charger Dock - Dock Top',
/* time_stamp */ '2026-06-13T00:55:05Z',
/* author */ (''),
/* organization */ (''),
/* preprocessor_version */ 'ST-DEVELOPER v20',
/* originating_system */ 'ONSHAPE BY PTC INC, 1.216',
/* authorisation */ '  ');

FILE_SCHEMA (('AP242_MANAGED_MODEL_BASED_3D_ENGINEERING_MIM_LF { 1 0 10303 442 3 1 4 }'));
ENDSEC;

DATA;
#10=SHAPE_REPRESENTATION_RELATIONSHIP('','',#5541,#11);
#11=ADVANCED_BREP_SHAPE_REPRESENTATION('',(#5539),#9393);
#12=CONICAL_SURFACE('',#6047,0.0008,0.785398163397449);
#13=CONICAL_SURFACE('',#6050,0.0008,0.785398163397448);
#14=CONICAL_SURFACE('',#6051,0.000800000000000016,0.785398163397448);
#15=CONICAL_SURFACE('',#6054,0.0008,0.785398163397448);
#16=CONICAL_SURFACE('',#6055,0.0008,0.785398163397449);
#17=CONICAL_SURFACE('',#6058,0.0008,0.785398163397448);
#18=CONICAL_SURFACE('',#6059,0.000800000000000016,0.785398163397448);
#19=CONICAL_SURFACE('',#6062,0.0008,0.785398163397448);
#20=CONICAL_SURFACE('',#6063,0.0008,0.785398163397449);
#21=CONICAL_SURFACE('',#6066,0.0008,0.785398163397448);
#22=CONICAL_SURFACE('',#6067,0.000800000000000016,0.785398163397448);
#23=CONICAL_SURFACE('',#6070,0.0008,0.785398163397448);
#24=CONICAL_SURFACE('',#6071,0.0008,0.785398163397449);
#25=CONICAL_SURFACE('',#6074,0.0008,0.785398163397448);
#26=CONICAL_SURFACE('',#6075,0.000800000000000016,0.785398163397448);
#27=CONICAL_SURFACE('',#6078,0.0008,0.785398163397448);
#28=CONICAL_SURFACE('',#6079,0.0008,0.785398163397448);
#29=CONICAL_SURFACE('',#6082,0.0008,0.785398163397448);
#30=CONICAL_SURFACE('',#6083,0.000800000000000016,0.785398163397448);
#31=CONICAL_SURFACE('',#6086,0.0008,0.785398163397448);
#32=CONICAL_SURFACE('',#6087,0.0008,0.785398163397448);
#33=CONICAL_SURFACE('',#6090,0.0008,0.785398163397448);
#34=CONICAL_SURFACE('',#6091,0.000800000000000016,0.785398163397448);
#35=CONICAL_SURFACE('',#6094,0.0008,0.785398163397448);
#36=CONICAL_SURFACE('',#6095,0.0008,0.785398163397448);
#37=CONICAL_SURFACE('',#6098,0.0008,0.785398163397448);
#38=CONICAL_SURFACE('',#6099,0.000800000000000016,0.785398163397448);
#39=CONICAL_SURFACE('',#6102,0.0008,0.785398163397448);
#40=CONICAL_SURFACE('',#6103,0.0008,0.785398163397448);
#41=CONICAL_SURFACE('',#6106,0.0008,0.785398163397448);
#42=CONICAL_SURFACE('',#6107,0.000800000000000016,0.785398163397448);
#43=CONICAL_SURFACE('',#6110,0.0008,0.785398163397448);
#44=CONICAL_SURFACE('',#6111,0.004,0.78539816339745);
#45=CONICAL_SURFACE('',#6114,0.004,0.785398163397452);
#46=CONICAL_SURFACE('',#6115,0.004,0.78539816339745);
#47=CONICAL_SURFACE('',#6118,0.004,0.785398163397448);
#48=CYLINDRICAL_SURFACE('',#5641,0.0015);
#49=CYLINDRICAL_SURFACE('',#5646,0.0015);
#50=CYLINDRICAL_SURFACE('',#5648,0.0015);
#51=CYLINDRICAL_SURFACE('',#5655,0.005);
#52=CYLINDRICAL_SURFACE('',#5658,0.005);
#53=CYLINDRICAL_SURFACE('',#5661,0.005);
#54=CYLINDRICAL_SURFACE('',#5664,0.005);
#55=CYLINDRICAL_SURFACE('',#5666,0.00085);
#56=CYLINDRICAL_SURFACE('',#5669,0.00085);
#57=CYLINDRICAL_SURFACE('',#5672,0.00085);
#58=CYLINDRICAL_SURFACE('',#5675,0.00085);
#59=CYLINDRICAL_SURFACE('',#5678,0.00085);
#60=CYLINDRICAL_SURFACE('',#5681,0.00085);
#61=CYLINDRICAL_SURFACE('',#5684,0.003);
#62=CYLINDRICAL_SURFACE('',#5687,0.003);
#63=CYLINDRICAL_SURFACE('',#5690,0.003);
#64=CYLINDRICAL_SURFACE('',#5693,0.003);
#65=CYLINDRICAL_SURFACE('',#5724,0.0015);
#66=CYLINDRICAL_SURFACE('',#5726,0.0015);
#67=CYLINDRICAL_SURFACE('',#5729,0.0015);
#68=CYLINDRICAL_SURFACE('',#5735,0.0015);
#69=CYLINDRICAL_SURFACE('',#5737,0.0015);
#70=CYLINDRICAL_SURFACE('',#5739,0.0015);
#71=CYLINDRICAL_SURFACE('',#5741,0.0015);
#72=CYLINDRICAL_SURFACE('',#5747,0.0015);
#73=CYLINDRICAL_SURFACE('',#5753,0.0015);
#74=CYLINDRICAL_SURFACE('',#5755,0.0015);
#75=CYLINDRICAL_SURFACE('',#5758,0.0015);
#76=CYLINDRICAL_SURFACE('',#5764,0.0015);
#77=CYLINDRICAL_SURFACE('',#5766,0.0015);
#78=CYLINDRICAL_SURFACE('',#5768,0.0015);
#79=CYLINDRICAL_SURFACE('',#5770,0.0015);
#80=CYLINDRICAL_SURFACE('',#5776,0.0015);
#81=CYLINDRICAL_SURFACE('',#5782,0.0015);
#82=CYLINDRICAL_SURFACE('',#5784,0.0015);
#83=CYLINDRICAL_SURFACE('',#5787,0.0015);
#84=CYLINDRICAL_SURFACE('',#5793,0.0015);
#85=CYLINDRICAL_SURFACE('',#5795,0.0015);
#86=CYLINDRICAL_SURFACE('',#5797,0.0015);
#87=CYLINDRICAL_SURFACE('',#5799,0.0015);
#88=CYLINDRICAL_SURFACE('',#5805,0.0015);
#89=CYLINDRICAL_SURFACE('',#5807,0.0015);
#90=CYLINDRICAL_SURFACE('',#5809,0.0015);
#91=CYLINDRICAL_SURFACE('',#5811,0.0018);
#92=CYLINDRICAL_SURFACE('',#5816,0.0014);
#93=CYLINDRICAL_SURFACE('',#5819,0.0014);
#94=CYLINDRICAL_SURFACE('',#5822,0.0014);
#95=CYLINDRICAL_SURFACE('',#5825,0.0014);
#96=CYLINDRICAL_SURFACE('',#5833,0.0008);
#97=CYLINDRICAL_SURFACE('',#5836,0.000800000000000016);
#98=CYLINDRICAL_SURFACE('',#5839,0.0008);
#99=CYLINDRICAL_SURFACE('',#5842,0.0008);
#100=CYLINDRICAL_SURFACE('',#5845,0.0014);
#101=CYLINDRICAL_SURFACE('',#5848,0.0014);
#102=CYLINDRICAL_SURFACE('',#5851,0.0014);
#103=CYLINDRICAL_SURFACE('',#5854,0.0014);
#104=CYLINDRICAL_SURFACE('',#5862,0.0008);
#105=CYLINDRICAL_SURFACE('',#5865,0.000800000000000016);
#106=CYLINDRICAL_SURFACE('',#5868,0.0008);
#107=CYLINDRICAL_SURFACE('',#5871,0.0008);
#108=CYLINDRICAL_SURFACE('',#5874,0.0014);
#109=CYLINDRICAL_SURFACE('',#5877,0.0014);
#110=CYLINDRICAL_SURFACE('',#5880,0.0014);
#111=CYLINDRICAL_SURFACE('',#5883,0.0014);
#112=CYLINDRICAL_SURFACE('',#5891,0.0008);
#113=CYLINDRICAL_SURFACE('',#5894,0.000800000000000016);
#114=CYLINDRICAL_SURFACE('',#5897,0.0008);
#115=CYLINDRICAL_SURFACE('',#5900,0.0008);
#116=CYLINDRICAL_SURFACE('',#5903,0.0014);
#117=CYLINDRICAL_SURFACE('',#5906,0.0014);
#118=CYLINDRICAL_SURFACE('',#5909,0.0014);
#119=CYLINDRICAL_SURFACE('',#5912,0.0014);
#120=CYLINDRICAL_SURFACE('',#5920,0.0008);
#121=CYLINDRICAL_SURFACE('',#5923,0.000800000000000016);
#122=CYLINDRICAL_SURFACE('',#5926,0.0008);
#123=CYLINDRICAL_SURFACE('',#5929,0.0008);
#124=CYLINDRICAL_SURFACE('',#5932,0.0014);
#125=CYLINDRICAL_SURFACE('',#5935,0.0014);
#126=CYLINDRICAL_SURFACE('',#5938,0.0014);
#127=CYLINDRICAL_SURFACE('',#5941,0.0014);
#128=CYLINDRICAL_SURFACE('',#5949,0.0008);
#129=CYLINDRICAL_SURFACE('',#5952,0.000800000000000016);
#130=CYLINDRICAL_SURFACE('',#5955,0.0008);
#131=CYLINDRICAL_SURFACE('',#5958,0.0008);
#132=CYLINDRICAL_SURFACE('',#5961,0.0014);
#133=CYLINDRICAL_SURFACE('',#5964,0.0014);
#134=CYLINDRICAL_SURFACE('',#5967,0.0014);
#135=CYLINDRICAL_SURFACE('',#5970,0.0014);
#136=CYLINDRICAL_SURFACE('',#5978,0.0008);
#137=CYLINDRICAL_SURFACE('',#5981,0.000800000000000016);
#138=CYLINDRICAL_SURFACE('',#5984,0.0008);
#139=CYLINDRICAL_SURFACE('',#5987,0.0008);
#140=CYLINDRICAL_SURFACE('',#5990,0.0014);
#141=CYLINDRICAL_SURFACE('',#5993,0.0014);
#142=CYLINDRICAL_SURFACE('',#5996,0.0014);
#143=CYLINDRICAL_SURFACE('',#5999,0.0014);
#144=CYLINDRICAL_SURFACE('',#6007,0.0008);
#145=CYLINDRICAL_SURFACE('',#6010,0.000800000000000016);
#146=CYLINDRICAL_SURFACE('',#6013,0.0008);
#147=CYLINDRICAL_SURFACE('',#6016,0.0008);
#148=CYLINDRICAL_SURFACE('',#6019,0.0014);
#149=CYLINDRICAL_SURFACE('',#6022,0.0014);
#150=CYLINDRICAL_SURFACE('',#6025,0.0014);
#151=CYLINDRICAL_SURFACE('',#6028,0.0014);
#152=CYLINDRICAL_SURFACE('',#6036,0.0008);
#153=CYLINDRICAL_SURFACE('',#6039,0.000800000000000016);
#154=CYLINDRICAL_SURFACE('',#6042,0.0008);
#155=CYLINDRICAL_SURFACE('',#6045,0.0008);
#156=SPHERICAL_SURFACE('',#5637,0.0015);
#157=SPHERICAL_SURFACE('',#5643,0.0015);
#158=SPHERICAL_SURFACE('',#5731,0.0015);
#159=SPHERICAL_SURFACE('',#5733,0.0015);
#160=SPHERICAL_SURFACE('',#5743,0.0015);
#161=SPHERICAL_SURFACE('',#5745,0.0015);
#162=SPHERICAL_SURFACE('',#5760,0.0015);
#163=SPHERICAL_SURFACE('',#5762,0.0015);
#164=SPHERICAL_SURFACE('',#5772,0.0015);
#165=SPHERICAL_SURFACE('',#5774,0.0015);
#166=SPHERICAL_SURFACE('',#5789,0.0015);
#167=SPHERICAL_SURFACE('',#5791,0.0015);
#168=SPHERICAL_SURFACE('',#5801,0.0015);
#169=SPHERICAL_SURFACE('',#5803,0.0015);
#170=CIRCLE('',#5544,0.0014);
#171=CIRCLE('',#5545,0.0014);
#172=CIRCLE('',#5546,0.0014);
#173=CIRCLE('',#5547,0.0014);
#174=CIRCLE('',#5548,0.0014);
#175=CIRCLE('',#5549,0.0014);
#176=CIRCLE('',#5550,0.0014);
#177=CIRCLE('',#5551,0.0014);
#178=CIRCLE('',#5552,0.0014);
#179=CIRCLE('',#5553,0.0014);
#180=CIRCLE('',#5554,0.0014);
#181=CIRCLE('',#5555,0.0014);
#182=CIRCLE('',#5556,0.0014);
#183=CIRCLE('',#5557,0.0014);
#184=CIRCLE('',#5558,0.0014);
#185=CIRCLE('',#5559,0.0014);
#186=CIRCLE('',#5560,0.0015);
#187=CIRCLE('',#5561,0.0015);
#188=CIRCLE('',#5562,0.0015);
#189=CIRCLE('',#5563,0.0015);
#190=CIRCLE('',#5564,0.0015);
#191=CIRCLE('',#5565,0.0015);
#192=CIRCLE('',#5566,0.0015);
#193=CIRCLE('',#5567,0.0015);
#194=CIRCLE('',#5568,0.00085);
#195=CIRCLE('',#5569,0.00085);
#196=CIRCLE('',#5570,0.00085);
#197=CIRCLE('',#5571,0.00085);
#198=CIRCLE('',#5572,0.00085);
#199=CIRCLE('',#5573,0.00085);
#200=CIRCLE('',#5574,0.005);
#201=CIRCLE('',#5575,0.005);
#202=CIRCLE('',#5576,0.005);
#203=CIRCLE('',#5577,0.005);
#204=CIRCLE('',#5578,0.0015);
#205=CIRCLE('',#5579,0.0015);
#206=CIRCLE('',#5580,0.0015);
#207=CIRCLE('',#5581,0.0015);
#208=CIRCLE('',#5582,0.0015);
#209=CIRCLE('',#5583,0.0015);
#210=CIRCLE('',#5584,0.0014);
#211=CIRCLE('',#5585,0.0014);
#212=CIRCLE('',#5586,0.0014);
#213=CIRCLE('',#5587,0.0014);
#214=CIRCLE('',#5588,0.0014);
#215=CIRCLE('',#5589,0.0014);
#216=CIRCLE('',#5590,0.0014);
#217=CIRCLE('',#5591,0.0014);
#218=CIRCLE('',#5592,0.0014);
#219=CIRCLE('',#5593,0.0014);
#220=CIRCLE('',#5594,0.0014);
#221=CIRCLE('',#5595,0.0014);
#222=CIRCLE('',#5596,0.0014);
#223=CIRCLE('',#5597,0.0014);
#224=CIRCLE('',#5598,0.0014);
#225=CIRCLE('',#5599,0.0014);
#226=CIRCLE('',#5601,0.004);
#227=CIRCLE('',#5602,0.004);
#228=CIRCLE('',#5603,0.004);
#229=CIRCLE('',#5604,0.004);
#230=CIRCLE('',#5605,0.0028);
#231=CIRCLE('',#5606,0.0028);
#232=CIRCLE('',#5607,0.0028);
#233=CIRCLE('',#5608,0.0028);
#234=CIRCLE('',#5609,0.0028);
#235=CIRCLE('',#5610,0.0028);
#236=CIRCLE('',#5611,0.0028);
#237=CIRCLE('',#5612,0.0028);
#238=CIRCLE('',#5613,0.0028);
#239=CIRCLE('',#5614,0.0028);
#240=CIRCLE('',#5615,0.0028);
#241=CIRCLE('',#5616,0.0028);
#242=CIRCLE('',#5617,0.0028);
#243=CIRCLE('',#5618,0.0028);
#244=CIRCLE('',#5619,0.0028);
#245=CIRCLE('',#5620,0.0028);
#246=CIRCLE('',#5621,0.0028);
#247=CIRCLE('',#5622,0.0028);
#248=CIRCLE('',#5623,0.0028);
#249=CIRCLE('',#5624,0.0028);
#250=CIRCLE('',#5625,0.0028);
#251=CIRCLE('',#5626,0.0028);
#252=CIRCLE('',#5627,0.0028);
#253=CIRCLE('',#5628,0.0028);
#254=CIRCLE('',#5629,0.0028);
#255=CIRCLE('',#5630,0.0028);
#256=CIRCLE('',#5631,0.0028);
#257=CIRCLE('',#5632,0.0028);
#258=CIRCLE('',#5633,0.0028);
#259=CIRCLE('',#5634,0.0028);
#260=CIRCLE('',#5635,0.0028);
#261=CIRCLE('',#5636,0.0028);
#262=CIRCLE('',#5638,0.0015);
#263=CIRCLE('',#5639,0.0015);
#264=CIRCLE('',#5640,0.0015);
#265=CIRCLE('',#5642,0.0015);
#266=CIRCLE('',#5644,0.0015);
#267=CIRCLE('',#5645,0.0015);
#268=CIRCLE('',#5647,0.0015);
#269=CIRCLE('',#5649,0.0015);
#270=CIRCLE('',#5651,0.003);
#271=CIRCLE('',#5652,0.003);
#272=CIRCLE('',#5653,0.003);
#273=CIRCLE('',#5654,0.003);
#274=CIRCLE('',#5656,0.005);
#275=CIRCLE('',#5659,0.005);
#276=CIRCLE('',#5662,0.005);
#277=CIRCLE('',#5665,0.005);
#278=CIRCLE('',#5667,0.00085);
#279=CIRCLE('',#5670,0.00085);
#280=CIRCLE('',#5673,0.00085);
#281=CIRCLE('',#5676,0.00085);
#282=CIRCLE('',#5679,0.00085);
#283=CIRCLE('',#5682,0.00085);
#284=CIRCLE('',#5685,0.003);
#285=CIRCLE('',#5688,0.003);
#286=CIRCLE('',#5691,0.003);
#287=CIRCLE('',#5694,0.003);
#288=CIRCLE('',#5705,0.0018);
#289=CIRCLE('',#5725,0.0015);
#290=CIRCLE('',#5727,0.0015);
#291=CIRCLE('',#5728,0.0015);
#292=CIRCLE('',#5730,0.0015);
#293=CIRCLE('',#5732,0.0015);
#294=CIRCLE('',#5734,0.0015);
#295=CIRCLE('',#5736,0.0015);
#296=CIRCLE('',#5738,0.0015);
#297=CIRCLE('',#5740,0.0015);
#298=CIRCLE('',#5742,0.0015);
#299=CIRCLE('',#5744,0.0015);
#300=CIRCLE('',#5746,0.0015);
#301=CIRCLE('',#5754,0.0015);
#302=CIRCLE('',#5756,0.0015);
#303=CIRCLE('',#5757,0.0015);
#304=CIRCLE('',#5759,0.0015);
#305=CIRCLE('',#5761,0.0015);
#306=CIRCLE('',#5763,0.0015);
#307=CIRCLE('',#5765,0.0015);
#308=CIRCLE('',#5767,0.0015);
#309=CIRCLE('',#5769,0.0015);
#310=CIRCLE('',#5771,0.0015);
#311=CIRCLE('',#5773,0.0015);
#312=CIRCLE('',#5775,0.0015);
#313=CIRCLE('',#5783,0.0015);
#314=CIRCLE('',#5785,0.0015);
#315=CIRCLE('',#5786,0.0015);
#316=CIRCLE('',#5788,0.0015);
#317=CIRCLE('',#5790,0.0015);
#318=CIRCLE('',#5792,0.0015);
#319=CIRCLE('',#5794,0.0015);
#320=CIRCLE('',#5796,0.0015);
#321=CIRCLE('',#5798,0.0015);
#322=CIRCLE('',#5800,0.0015);
#323=CIRCLE('',#5802,0.0015);
#324=CIRCLE('',#5804,0.0015);
#325=CIRCLE('',#5812,0.0018);
#326=CIRCLE('',#5817,0.0014);
#327=CIRCLE('',#5820,0.0014);
#328=CIRCLE('',#5823,0.0014);
#329=CIRCLE('',#5826,0.0014);
#330=CIRCLE('',#5828,0.0008);
#331=CIRCLE('',#5829,0.0008);
#332=CIRCLE('',#5830,0.000800000000000016);
#333=CIRCLE('',#5831,0.0008);
#334=CIRCLE('',#5834,0.0008);
#335=CIRCLE('',#5837,0.000800000000000016);
#336=CIRCLE('',#5840,0.0008);
#337=CIRCLE('',#5843,0.0008);
#338=CIRCLE('',#5846,0.0014);
#339=CIRCLE('',#5849,0.0014);
#340=CIRCLE('',#5852,0.0014);
#341=CIRCLE('',#5855,0.0014);
#342=CIRCLE('',#5857,0.0008);
#343=CIRCLE('',#5858,0.0008);
#344=CIRCLE('',#5859,0.000800000000000016);
#345=CIRCLE('',#5860,0.0008);
#346=CIRCLE('',#5863,0.0008);
#347=CIRCLE('',#5866,0.000800000000000016);
#348=CIRCLE('',#5869,0.0008);
#349=CIRCLE('',#5872,0.0008);
#350=CIRCLE('',#5875,0.0014);
#351=CIRCLE('',#5878,0.0014);
#352=CIRCLE('',#5881,0.0014);
#353=CIRCLE('',#5884,0.0014);
#354=CIRCLE('',#5886,0.0008);
#355=CIRCLE('',#5887,0.0008);
#356=CIRCLE('',#5888,0.000800000000000016);
#357=CIRCLE('',#5889,0.0008);
#358=CIRCLE('',#5892,0.0008);
#359=CIRCLE('',#5895,0.000800000000000016);
#360=CIRCLE('',#5898,0.0008);
#361=CIRCLE('',#5901,0.0008);
#362=CIRCLE('',#5904,0.0014);
#363=CIRCLE('',#5907,0.0014);
#364=CIRCLE('',#5910,0.0014);
#365=CIRCLE('',#5913,0.0014);
#366=CIRCLE('',#5915,0.0008);
#367=CIRCLE('',#5916,0.0008);
#368=CIRCLE('',#5917,0.000800000000000016);
#369=CIRCLE('',#5918,0.0008);
#370=CIRCLE('',#5921,0.0008);
#371=CIRCLE('',#5924,0.000800000000000016);
#372=CIRCLE('',#5927,0.0008);
#373=CIRCLE('',#5930,0.0008);
#374=CIRCLE('',#5933,0.0014);
#375=CIRCLE('',#5936,0.0014);
#376=CIRCLE('',#5939,0.0014);
#377=CIRCLE('',#5942,0.0014);
#378=CIRCLE('',#5944,0.0008);
#379=CIRCLE('',#5945,0.0008);
#380=CIRCLE('',#5946,0.000800000000000016);
#381=CIRCLE('',#5947,0.0008);
#382=CIRCLE('',#5950,0.0008);
#383=CIRCLE('',#5953,0.000800000000000016);
#384=CIRCLE('',#5956,0.0008);
#385=CIRCLE('',#5959,0.0008);
#386=CIRCLE('',#5962,0.0014);
#387=CIRCLE('',#5965,0.0014);
#388=CIRCLE('',#5968,0.0014);
#389=CIRCLE('',#5971,0.0014);
#390=CIRCLE('',#5973,0.0008);
#391=CIRCLE('',#5974,0.0008);
#392=CIRCLE('',#5975,0.000800000000000016);
#393=CIRCLE('',#5976,0.0008);
#394=CIRCLE('',#5979,0.0008);
#395=CIRCLE('',#5982,0.000800000000000016);
#396=CIRCLE('',#5985,0.0008);
#397=CIRCLE('',#5988,0.0008);
#398=CIRCLE('',#5991,0.0014);
#399=CIRCLE('',#5994,0.0014);
#400=CIRCLE('',#5997,0.0014);
#401=CIRCLE('',#6000,0.0014);
#402=CIRCLE('',#6002,0.0008);
#403=CIRCLE('',#6003,0.0008);
#404=CIRCLE('',#6004,0.000800000000000016);
#405=CIRCLE('',#6005,0.0008);
#406=CIRCLE('',#6008,0.0008);
#407=CIRCLE('',#6011,0.000800000000000016);
#408=CIRCLE('',#6014,0.0008);
#409=CIRCLE('',#6017,0.0008);
#410=CIRCLE('',#6020,0.0014);
#411=CIRCLE('',#6023,0.0014);
#412=CIRCLE('',#6026,0.0014);
#413=CIRCLE('',#6029,0.0014);
#414=CIRCLE('',#6031,0.0008);
#415=CIRCLE('',#6032,0.0008);
#416=CIRCLE('',#6033,0.000800000000000016);
#417=CIRCLE('',#6034,0.0008);
#418=CIRCLE('',#6037,0.0008);
#419=CIRCLE('',#6040,0.000800000000000016);
#420=CIRCLE('',#6043,0.0008);
#421=CIRCLE('',#6046,0.0008);
#422=ORIENTED_EDGE('',*,*,#1982,.T.);
#423=ORIENTED_EDGE('',*,*,#1983,.F.);
#424=ORIENTED_EDGE('',*,*,#1984,.T.);
#425=ORIENTED_EDGE('',*,*,#1985,.F.);
#426=ORIENTED_EDGE('',*,*,#1986,.F.);
#427=ORIENTED_EDGE('',*,*,#1987,.F.);
#428=ORIENTED_EDGE('',*,*,#1988,.F.);
#429=ORIENTED_EDGE('',*,*,#1989,.F.);
#430=ORIENTED_EDGE('',*,*,#1990,.T.);
#431=ORIENTED_EDGE('',*,*,#1991,.F.);
#432=ORIENTED_EDGE('',*,*,#1992,.T.);
#433=ORIENTED_EDGE('',*,*,#1993,.F.);
#434=ORIENTED_EDGE('',*,*,#1994,.F.);
#435=ORIENTED_EDGE('',*,*,#1995,.F.);
#436=ORIENTED_EDGE('',*,*,#1996,.F.);
#437=ORIENTED_EDGE('',*,*,#1997,.F.);
#438=ORIENTED_EDGE('',*,*,#1998,.T.);
#439=ORIENTED_EDGE('',*,*,#1999,.F.);
#440=ORIENTED_EDGE('',*,*,#2000,.T.);
#441=ORIENTED_EDGE('',*,*,#2001,.F.);
#442=ORIENTED_EDGE('',*,*,#2002,.F.);
#443=ORIENTED_EDGE('',*,*,#2003,.F.);
#444=ORIENTED_EDGE('',*,*,#2004,.F.);
#445=ORIENTED_EDGE('',*,*,#2005,.F.);
#446=ORIENTED_EDGE('',*,*,#2006,.T.);
#447=ORIENTED_EDGE('',*,*,#2007,.F.);
#448=ORIENTED_EDGE('',*,*,#2008,.T.);
#449=ORIENTED_EDGE('',*,*,#2009,.F.);
#450=ORIENTED_EDGE('',*,*,#2010,.F.);
#451=ORIENTED_EDGE('',*,*,#2011,.F.);
#452=ORIENTED_EDGE('',*,*,#2012,.F.);
#453=ORIENTED_EDGE('',*,*,#2013,.F.);
#454=ORIENTED_EDGE('',*,*,#2014,.F.);
#455=ORIENTED_EDGE('',*,*,#2015,.F.);
#456=ORIENTED_EDGE('',*,*,#2016,.F.);
#457=ORIENTED_EDGE('',*,*,#2017,.T.);
#458=ORIENTED_EDGE('',*,*,#2018,.F.);
#459=ORIENTED_EDGE('',*,*,#2019,.T.);
#460=ORIENTED_EDGE('',*,*,#2020,.F.);
#461=ORIENTED_EDGE('',*,*,#2021,.F.);
#462=ORIENTED_EDGE('',*,*,#2022,.F.);
#463=ORIENTED_EDGE('',*,*,#2023,.F.);
#464=ORIENTED_EDGE('',*,*,#2024,.F.);
#465=ORIENTED_EDGE('',*,*,#2025,.T.);
#466=ORIENTED_EDGE('',*,*,#2026,.F.);
#467=ORIENTED_EDGE('',*,*,#2027,.T.);
#468=ORIENTED_EDGE('',*,*,#2028,.F.);
#469=ORIENTED_EDGE('',*,*,#2029,.F.);
#470=ORIENTED_EDGE('',*,*,#2030,.T.);
#471=ORIENTED_EDGE('',*,*,#2031,.T.);
#472=ORIENTED_EDGE('',*,*,#2032,.F.);
#473=ORIENTED_EDGE('',*,*,#2033,.F.);
#474=ORIENTED_EDGE('',*,*,#2034,.F.);
#475=ORIENTED_EDGE('',*,*,#2035,.F.);
#476=ORIENTED_EDGE('',*,*,#2036,.F.);
#477=ORIENTED_EDGE('',*,*,#2037,.F.);
#478=ORIENTED_EDGE('',*,*,#2038,.F.);
#479=ORIENTED_EDGE('',*,*,#2039,.F.);
#480=ORIENTED_EDGE('',*,*,#2040,.F.);
#481=ORIENTED_EDGE('',*,*,#2041,.T.);
#482=ORIENTED_EDGE('',*,*,#2042,.F.);
#483=ORIENTED_EDGE('',*,*,#2043,.T.);
#484=ORIENTED_EDGE('',*,*,#2044,.F.);
#485=ORIENTED_EDGE('',*,*,#2045,.F.);
#486=ORIENTED_EDGE('',*,*,#2046,.F.);
#487=ORIENTED_EDGE('',*,*,#2047,.F.);
#488=ORIENTED_EDGE('',*,*,#2048,.T.);
#489=ORIENTED_EDGE('',*,*,#2049,.F.);
#490=ORIENTED_EDGE('',*,*,#2050,.T.);
#491=ORIENTED_EDGE('',*,*,#2051,.F.);
#492=ORIENTED_EDGE('',*,*,#2052,.F.);
#493=ORIENTED_EDGE('',*,*,#2053,.F.);
#494=ORIENTED_EDGE('',*,*,#2054,.F.);
#495=ORIENTED_EDGE('',*,*,#2055,.F.);
#496=ORIENTED_EDGE('',*,*,#2056,.T.);
#497=ORIENTED_EDGE('',*,*,#2057,.T.);
#498=ORIENTED_EDGE('',*,*,#2058,.F.);
#499=ORIENTED_EDGE('',*,*,#2059,.F.);
#500=ORIENTED_EDGE('',*,*,#2060,.F.);
#501=ORIENTED_EDGE('',*,*,#2061,.F.);
#502=ORIENTED_EDGE('',*,*,#2062,.F.);
#503=ORIENTED_EDGE('',*,*,#2063,.T.);
#504=ORIENTED_EDGE('',*,*,#2064,.F.);
#505=ORIENTED_EDGE('',*,*,#2065,.T.);
#506=ORIENTED_EDGE('',*,*,#2066,.F.);
#507=ORIENTED_EDGE('',*,*,#2067,.F.);
#508=ORIENTED_EDGE('',*,*,#2068,.F.);
#509=ORIENTED_EDGE('',*,*,#2069,.F.);
#510=ORIENTED_EDGE('',*,*,#2070,.F.);
#511=ORIENTED_EDGE('',*,*,#2071,.F.);
#512=ORIENTED_EDGE('',*,*,#2072,.T.);
#513=ORIENTED_EDGE('',*,*,#2073,.T.);
#514=ORIENTED_EDGE('',*,*,#2074,.F.);
#515=ORIENTED_EDGE('',*,*,#2075,.T.);
#516=ORIENTED_EDGE('',*,*,#2076,.T.);
#517=ORIENTED_EDGE('',*,*,#2077,.F.);
#518=ORIENTED_EDGE('',*,*,#2078,.T.);
#519=ORIENTED_EDGE('',*,*,#2079,.F.);
#520=ORIENTED_EDGE('',*,*,#2080,.F.);
#521=ORIENTED_EDGE('',*,*,#2081,.F.);
#522=ORIENTED_EDGE('',*,*,#2082,.F.);
#523=ORIENTED_EDGE('',*,*,#2083,.F.);
#524=ORIENTED_EDGE('',*,*,#2084,.T.);
#525=ORIENTED_EDGE('',*,*,#2085,.F.);
#526=ORIENTED_EDGE('',*,*,#2086,.T.);
#527=ORIENTED_EDGE('',*,*,#2087,.F.);
#528=ORIENTED_EDGE('',*,*,#2088,.F.);
#529=ORIENTED_EDGE('',*,*,#2089,.F.);
#530=ORIENTED_EDGE('',*,*,#2090,.F.);
#531=ORIENTED_EDGE('',*,*,#2091,.F.);
#532=ORIENTED_EDGE('',*,*,#2092,.T.);
#533=ORIENTED_EDGE('',*,*,#2093,.F.);
#534=ORIENTED_EDGE('',*,*,#2094,.T.);
#535=ORIENTED_EDGE('',*,*,#2095,.F.);
#536=ORIENTED_EDGE('',*,*,#2096,.F.);
#537=ORIENTED_EDGE('',*,*,#2097,.F.);
#538=ORIENTED_EDGE('',*,*,#2098,.F.);
#539=ORIENTED_EDGE('',*,*,#2099,.F.);
#540=ORIENTED_EDGE('',*,*,#2100,.T.);
#541=ORIENTED_EDGE('',*,*,#2101,.F.);
#542=ORIENTED_EDGE('',*,*,#2102,.T.);
#543=ORIENTED_EDGE('',*,*,#2103,.F.);
#544=ORIENTED_EDGE('',*,*,#2104,.F.);
#545=ORIENTED_EDGE('',*,*,#2105,.F.);
#546=ORIENTED_EDGE('',*,*,#2106,.F.);
#547=ORIENTED_EDGE('',*,*,#2107,.F.);
#548=ORIENTED_EDGE('',*,*,#2108,.T.);
#549=ORIENTED_EDGE('',*,*,#2109,.T.);
#550=ORIENTED_EDGE('',*,*,#2110,.T.);
#551=ORIENTED_EDGE('',*,*,#2111,.T.);
#552=ORIENTED_EDGE('',*,*,#2112,.T.);
#553=ORIENTED_EDGE('',*,*,#2113,.T.);
#554=ORIENTED_EDGE('',*,*,#2114,.T.);
#555=ORIENTED_EDGE('',*,*,#2115,.T.);
#556=ORIENTED_EDGE('',*,*,#2116,.T.);
#557=ORIENTED_EDGE('',*,*,#2117,.T.);
#558=ORIENTED_EDGE('',*,*,#2118,.T.);
#559=ORIENTED_EDGE('',*,*,#2119,.T.);
#560=ORIENTED_EDGE('',*,*,#2120,.T.);
#561=ORIENTED_EDGE('',*,*,#2121,.T.);
#562=ORIENTED_EDGE('',*,*,#2122,.T.);
#563=ORIENTED_EDGE('',*,*,#2123,.T.);
#564=ORIENTED_EDGE('',*,*,#2124,.T.);
#565=ORIENTED_EDGE('',*,*,#2125,.T.);
#566=ORIENTED_EDGE('',*,*,#2126,.T.);
#567=ORIENTED_EDGE('',*,*,#2127,.T.);
#568=ORIENTED_EDGE('',*,*,#2128,.T.);
#569=ORIENTED_EDGE('',*,*,#2129,.T.);
#570=ORIENTED_EDGE('',*,*,#2130,.T.);
#571=ORIENTED_EDGE('',*,*,#2131,.T.);
#572=ORIENTED_EDGE('',*,*,#2132,.T.);
#573=ORIENTED_EDGE('',*,*,#2133,.T.);
#574=ORIENTED_EDGE('',*,*,#2134,.T.);
#575=ORIENTED_EDGE('',*,*,#2135,.T.);
#576=ORIENTED_EDGE('',*,*,#2136,.T.);
#577=ORIENTED_EDGE('',*,*,#2137,.T.);
#578=ORIENTED_EDGE('',*,*,#2138,.T.);
#579=ORIENTED_EDGE('',*,*,#2139,.T.);
#580=ORIENTED_EDGE('',*,*,#2140,.T.);
#581=ORIENTED_EDGE('',*,*,#2141,.T.);
#582=ORIENTED_EDGE('',*,*,#2142,.T.);
#583=ORIENTED_EDGE('',*,*,#2143,.T.);
#584=ORIENTED_EDGE('',*,*,#2144,.T.);
#585=ORIENTED_EDGE('',*,*,#2145,.T.);
#586=ORIENTED_EDGE('',*,*,#2146,.T.);
#587=ORIENTED_EDGE('',*,*,#2147,.T.);
#588=ORIENTED_EDGE('',*,*,#2148,.T.);
#589=ORIENTED_EDGE('',*,*,#2149,.T.);
#590=ORIENTED_EDGE('',*,*,#2150,.T.);
#591=ORIENTED_EDGE('',*,*,#2151,.T.);
#592=ORIENTED_EDGE('',*,*,#2152,.T.);
#593=ORIENTED_EDGE('',*,*,#2153,.T.);
#594=ORIENTED_EDGE('',*,*,#2154,.T.);
#595=ORIENTED_EDGE('',*,*,#2155,.T.);
#596=ORIENTED_EDGE('',*,*,#2156,.T.);
#597=ORIENTED_EDGE('',*,*,#2157,.T.);
#598=ORIENTED_EDGE('',*,*,#2158,.T.);
#599=ORIENTED_EDGE('',*,*,#2159,.T.);
#600=ORIENTED_EDGE('',*,*,#2160,.T.);
#601=ORIENTED_EDGE('',*,*,#2161,.T.);
#602=ORIENTED_EDGE('',*,*,#2162,.T.);
#603=ORIENTED_EDGE('',*,*,#2163,.T.);
#604=ORIENTED_EDGE('',*,*,#2164,.T.);
#605=ORIENTED_EDGE('',*,*,#2165,.T.);
#606=ORIENTED_EDGE('',*,*,#2166,.T.);
#607=ORIENTED_EDGE('',*,*,#2167,.T.);
#608=ORIENTED_EDGE('',*,*,#2168,.T.);
#609=ORIENTED_EDGE('',*,*,#2169,.T.);
#610=ORIENTED_EDGE('',*,*,#2170,.T.);
#611=ORIENTED_EDGE('',*,*,#2171,.T.);
#612=ORIENTED_EDGE('',*,*,#2172,.T.);
#613=ORIENTED_EDGE('',*,*,#2173,.T.);
#614=ORIENTED_EDGE('',*,*,#2174,.T.);
#615=ORIENTED_EDGE('',*,*,#2175,.T.);
#616=ORIENTED_EDGE('',*,*,#2176,.T.);
#617=ORIENTED_EDGE('',*,*,#2177,.T.);
#618=ORIENTED_EDGE('',*,*,#2178,.T.);
#619=ORIENTED_EDGE('',*,*,#2179,.T.);
#620=ORIENTED_EDGE('',*,*,#2180,.F.);
#621=ORIENTED_EDGE('',*,*,#2181,.T.);
#622=ORIENTED_EDGE('',*,*,#2182,.F.);
#623=ORIENTED_EDGE('',*,*,#2181,.F.);
#624=ORIENTED_EDGE('',*,*,#2183,.F.);
#625=ORIENTED_EDGE('',*,*,#2184,.T.);
#626=ORIENTED_EDGE('',*,*,#2185,.F.);
#627=ORIENTED_EDGE('',*,*,#2184,.F.);
#628=ORIENTED_EDGE('',*,*,#2186,.T.);
#629=ORIENTED_EDGE('',*,*,#2187,.F.);
#630=ORIENTED_EDGE('',*,*,#2186,.F.);
#631=ORIENTED_EDGE('',*,*,#2188,.F.);
#632=ORIENTED_EDGE('',*,*,#2189,.F.);
#633=ORIENTED_EDGE('',*,*,#2190,.F.);
#634=ORIENTED_EDGE('',*,*,#2191,.F.);
#635=ORIENTED_EDGE('',*,*,#2180,.T.);
#636=ORIENTED_EDGE('',*,*,#2192,.F.);
#637=ORIENTED_EDGE('',*,*,#2193,.F.);
#638=ORIENTED_EDGE('',*,*,#2194,.F.);
#639=ORIENTED_EDGE('',*,*,#2195,.T.);
#640=ORIENTED_EDGE('',*,*,#2196,.T.);
#641=ORIENTED_EDGE('',*,*,#2044,.T.);
#642=ORIENTED_EDGE('',*,*,#2197,.F.);
#643=ORIENTED_EDGE('',*,*,#2198,.T.);
#644=ORIENTED_EDGE('',*,*,#2199,.F.);
#645=ORIENTED_EDGE('',*,*,#2200,.F.);
#646=ORIENTED_EDGE('',*,*,#2201,.F.);
#647=ORIENTED_EDGE('',*,*,#2202,.F.);
#648=ORIENTED_EDGE('',*,*,#2203,.F.);
#649=ORIENTED_EDGE('',*,*,#2052,.T.);
#650=ORIENTED_EDGE('',*,*,#2204,.F.);
#651=ORIENTED_EDGE('',*,*,#2205,.T.);
#652=ORIENTED_EDGE('',*,*,#2194,.T.);
#653=ORIENTED_EDGE('',*,*,#2051,.T.);
#654=ORIENTED_EDGE('',*,*,#2206,.F.);
#655=ORIENTED_EDGE('',*,*,#2207,.T.);
#656=ORIENTED_EDGE('',*,*,#2204,.T.);
#657=ORIENTED_EDGE('',*,*,#2050,.F.);
#658=ORIENTED_EDGE('',*,*,#2208,.F.);
#659=ORIENTED_EDGE('',*,*,#2209,.T.);
#660=ORIENTED_EDGE('',*,*,#2206,.T.);
#661=ORIENTED_EDGE('',*,*,#2049,.T.);
#662=ORIENTED_EDGE('',*,*,#2210,.F.);
#663=ORIENTED_EDGE('',*,*,#2211,.T.);
#664=ORIENTED_EDGE('',*,*,#2208,.T.);
#665=ORIENTED_EDGE('',*,*,#2048,.F.);
#666=ORIENTED_EDGE('',*,*,#2212,.F.);
#667=ORIENTED_EDGE('',*,*,#2213,.T.);
#668=ORIENTED_EDGE('',*,*,#2210,.T.);
#669=ORIENTED_EDGE('',*,*,#2047,.T.);
#670=ORIENTED_EDGE('',*,*,#2214,.F.);
#671=ORIENTED_EDGE('',*,*,#2215,.T.);
#672=ORIENTED_EDGE('',*,*,#2212,.T.);
#673=ORIENTED_EDGE('',*,*,#2046,.T.);
#674=ORIENTED_EDGE('',*,*,#2196,.F.);
#675=ORIENTED_EDGE('',*,*,#2216,.T.);
#676=ORIENTED_EDGE('',*,*,#2214,.T.);
#677=ORIENTED_EDGE('',*,*,#2045,.T.);
#678=ORIENTED_EDGE('',*,*,#2217,.T.);
#679=ORIENTED_EDGE('',*,*,#2034,.T.);
#680=ORIENTED_EDGE('',*,*,#2217,.F.);
#681=ORIENTED_EDGE('',*,*,#2218,.T.);
#682=ORIENTED_EDGE('',*,*,#2035,.T.);
#683=ORIENTED_EDGE('',*,*,#2218,.F.);
#684=ORIENTED_EDGE('',*,*,#2219,.T.);
#685=ORIENTED_EDGE('',*,*,#2036,.T.);
#686=ORIENTED_EDGE('',*,*,#2219,.F.);
#687=ORIENTED_EDGE('',*,*,#2220,.T.);
#688=ORIENTED_EDGE('',*,*,#2037,.T.);
#689=ORIENTED_EDGE('',*,*,#2220,.F.);
#690=ORIENTED_EDGE('',*,*,#2221,.T.);
#691=ORIENTED_EDGE('',*,*,#2038,.T.);
#692=ORIENTED_EDGE('',*,*,#2221,.F.);
#693=ORIENTED_EDGE('',*,*,#2222,.T.);
#694=ORIENTED_EDGE('',*,*,#2039,.T.);
#695=ORIENTED_EDGE('',*,*,#2222,.F.);
#696=ORIENTED_EDGE('',*,*,#2203,.T.);
#697=ORIENTED_EDGE('',*,*,#2223,.F.);
#698=ORIENTED_EDGE('',*,*,#2224,.F.);
#699=ORIENTED_EDGE('',*,*,#2053,.T.);
#700=ORIENTED_EDGE('',*,*,#2202,.T.);
#701=ORIENTED_EDGE('',*,*,#2225,.F.);
#702=ORIENTED_EDGE('',*,*,#2226,.F.);
#703=ORIENTED_EDGE('',*,*,#2223,.T.);
#704=ORIENTED_EDGE('',*,*,#2201,.T.);
#705=ORIENTED_EDGE('',*,*,#2227,.F.);
#706=ORIENTED_EDGE('',*,*,#2228,.F.);
#707=ORIENTED_EDGE('',*,*,#2225,.T.);
#708=ORIENTED_EDGE('',*,*,#2200,.T.);
#709=ORIENTED_EDGE('',*,*,#2229,.F.);
#710=ORIENTED_EDGE('',*,*,#2230,.F.);
#711=ORIENTED_EDGE('',*,*,#2227,.T.);
#712=ORIENTED_EDGE('',*,*,#2199,.T.);
#713=ORIENTED_EDGE('',*,*,#2231,.F.);
#714=ORIENTED_EDGE('',*,*,#2232,.F.);
#715=ORIENTED_EDGE('',*,*,#2229,.T.);
#716=ORIENTED_EDGE('',*,*,#2198,.F.);
#717=ORIENTED_EDGE('',*,*,#2233,.F.);
#718=ORIENTED_EDGE('',*,*,#2234,.T.);
#719=ORIENTED_EDGE('',*,*,#2231,.T.);
#720=ORIENTED_EDGE('',*,*,#2197,.T.);
#721=ORIENTED_EDGE('',*,*,#2043,.F.);
#722=ORIENTED_EDGE('',*,*,#2235,.F.);
#723=ORIENTED_EDGE('',*,*,#2233,.T.);
#724=ORIENTED_EDGE('',*,*,#2236,.F.);
#725=ORIENTED_EDGE('',*,*,#2237,.F.);
#726=ORIENTED_EDGE('',*,*,#2238,.T.);
#727=ORIENTED_EDGE('',*,*,#2239,.T.);
#728=ORIENTED_EDGE('',*,*,#2240,.T.);
#729=ORIENTED_EDGE('',*,*,#2054,.T.);
#730=ORIENTED_EDGE('',*,*,#2224,.T.);
#731=ORIENTED_EDGE('',*,*,#2226,.T.);
#732=ORIENTED_EDGE('',*,*,#2228,.T.);
#733=ORIENTED_EDGE('',*,*,#2230,.T.);
#734=ORIENTED_EDGE('',*,*,#2232,.T.);
#735=ORIENTED_EDGE('',*,*,#2234,.F.);
#736=ORIENTED_EDGE('',*,*,#2235,.T.);
#737=ORIENTED_EDGE('',*,*,#2042,.T.);
#738=ORIENTED_EDGE('',*,*,#2040,.T.);
#739=ORIENTED_EDGE('',*,*,#2241,.F.);
#740=ORIENTED_EDGE('',*,*,#2242,.F.);
#741=ORIENTED_EDGE('',*,*,#2243,.F.);
#742=ORIENTED_EDGE('',*,*,#2244,.T.);
#743=ORIENTED_EDGE('',*,*,#2245,.T.);
#744=ORIENTED_EDGE('',*,*,#2245,.F.);
#745=ORIENTED_EDGE('',*,*,#2246,.T.);
#746=ORIENTED_EDGE('',*,*,#2236,.T.);
#747=ORIENTED_EDGE('',*,*,#2041,.F.);
#748=ORIENTED_EDGE('',*,*,#2055,.T.);
#749=ORIENTED_EDGE('',*,*,#2240,.F.);
#750=ORIENTED_EDGE('',*,*,#2247,.F.);
#751=ORIENTED_EDGE('',*,*,#2241,.T.);
#752=ORIENTED_EDGE('',*,*,#2248,.F.);
#753=ORIENTED_EDGE('',*,*,#2242,.T.);
#754=ORIENTED_EDGE('',*,*,#2247,.T.);
#755=ORIENTED_EDGE('',*,*,#2239,.F.);
#756=ORIENTED_EDGE('',*,*,#2249,.F.);
#757=ORIENTED_EDGE('',*,*,#2243,.T.);
#758=ORIENTED_EDGE('',*,*,#2248,.T.);
#759=ORIENTED_EDGE('',*,*,#2238,.F.);
#760=ORIENTED_EDGE('',*,*,#2237,.T.);
#761=ORIENTED_EDGE('',*,*,#2246,.F.);
#762=ORIENTED_EDGE('',*,*,#2244,.F.);
#763=ORIENTED_EDGE('',*,*,#2249,.T.);
#764=ORIENTED_EDGE('',*,*,#2250,.T.);
#765=ORIENTED_EDGE('',*,*,#2251,.T.);
#766=ORIENTED_EDGE('',*,*,#2192,.T.);
#767=ORIENTED_EDGE('',*,*,#2252,.T.);
#768=ORIENTED_EDGE('',*,*,#2073,.F.);
#769=ORIENTED_EDGE('',*,*,#2253,.F.);
#770=ORIENTED_EDGE('',*,*,#2072,.F.);
#771=ORIENTED_EDGE('',*,*,#2254,.F.);
#772=ORIENTED_EDGE('',*,*,#2255,.T.);
#773=ORIENTED_EDGE('',*,*,#2253,.T.);
#774=ORIENTED_EDGE('',*,*,#2256,.F.);
#775=ORIENTED_EDGE('',*,*,#2071,.T.);
#776=ORIENTED_EDGE('',*,*,#2257,.F.);
#777=ORIENTED_EDGE('',*,*,#2258,.F.);
#778=ORIENTED_EDGE('',*,*,#2254,.T.);
#779=ORIENTED_EDGE('',*,*,#2070,.T.);
#780=ORIENTED_EDGE('',*,*,#2259,.F.);
#781=ORIENTED_EDGE('',*,*,#2260,.F.);
#782=ORIENTED_EDGE('',*,*,#2257,.T.);
#783=ORIENTED_EDGE('',*,*,#2261,.F.);
#784=ORIENTED_EDGE('',*,*,#2190,.T.);
#785=ORIENTED_EDGE('',*,*,#2262,.T.);
#786=ORIENTED_EDGE('',*,*,#2263,.F.);
#787=ORIENTED_EDGE('',*,*,#2259,.T.);
#788=ORIENTED_EDGE('',*,*,#2069,.T.);
#789=ORIENTED_EDGE('',*,*,#2263,.T.);
#790=ORIENTED_EDGE('',*,*,#2264,.T.);
#791=ORIENTED_EDGE('',*,*,#2250,.F.);
#792=ORIENTED_EDGE('',*,*,#2255,.F.);
#793=ORIENTED_EDGE('',*,*,#2258,.T.);
#794=ORIENTED_EDGE('',*,*,#2260,.T.);
#795=ORIENTED_EDGE('',*,*,#2030,.F.);
#796=ORIENTED_EDGE('',*,*,#2265,.F.);
#797=ORIENTED_EDGE('',*,*,#2266,.T.);
#798=ORIENTED_EDGE('',*,*,#2267,.T.);
#799=ORIENTED_EDGE('',*,*,#2033,.T.);
#800=ORIENTED_EDGE('',*,*,#2268,.F.);
#801=ORIENTED_EDGE('',*,*,#2269,.F.);
#802=ORIENTED_EDGE('',*,*,#2265,.T.);
#803=ORIENTED_EDGE('',*,*,#2032,.T.);
#804=ORIENTED_EDGE('',*,*,#2270,.F.);
#805=ORIENTED_EDGE('',*,*,#2271,.F.);
#806=ORIENTED_EDGE('',*,*,#2268,.T.);
#807=ORIENTED_EDGE('',*,*,#2031,.F.);
#808=ORIENTED_EDGE('',*,*,#2267,.F.);
#809=ORIENTED_EDGE('',*,*,#2272,.T.);
#810=ORIENTED_EDGE('',*,*,#2270,.T.);
#811=ORIENTED_EDGE('',*,*,#2266,.F.);
#812=ORIENTED_EDGE('',*,*,#2269,.T.);
#813=ORIENTED_EDGE('',*,*,#2271,.T.);
#814=ORIENTED_EDGE('',*,*,#2272,.F.);
#815=ORIENTED_EDGE('',*,*,#2056,.F.);
#816=ORIENTED_EDGE('',*,*,#2273,.F.);
#817=ORIENTED_EDGE('',*,*,#2274,.T.);
#818=ORIENTED_EDGE('',*,*,#2275,.T.);
#819=ORIENTED_EDGE('',*,*,#2059,.T.);
#820=ORIENTED_EDGE('',*,*,#2276,.F.);
#821=ORIENTED_EDGE('',*,*,#2277,.F.);
#822=ORIENTED_EDGE('',*,*,#2273,.T.);
#823=ORIENTED_EDGE('',*,*,#2058,.T.);
#824=ORIENTED_EDGE('',*,*,#2278,.F.);
#825=ORIENTED_EDGE('',*,*,#2279,.F.);
#826=ORIENTED_EDGE('',*,*,#2276,.T.);
#827=ORIENTED_EDGE('',*,*,#2057,.F.);
#828=ORIENTED_EDGE('',*,*,#2275,.F.);
#829=ORIENTED_EDGE('',*,*,#2280,.T.);
#830=ORIENTED_EDGE('',*,*,#2278,.T.);
#831=ORIENTED_EDGE('',*,*,#2274,.F.);
#832=ORIENTED_EDGE('',*,*,#2277,.T.);
#833=ORIENTED_EDGE('',*,*,#2279,.T.);
#834=ORIENTED_EDGE('',*,*,#2280,.F.);
#835=ORIENTED_EDGE('',*,*,#2281,.F.);
#836=ORIENTED_EDGE('',*,*,#2282,.F.);
#837=ORIENTED_EDGE('',*,*,#2025,.F.);
#838=ORIENTED_EDGE('',*,*,#2283,.F.);
#839=ORIENTED_EDGE('',*,*,#2023,.T.);
#840=ORIENTED_EDGE('',*,*,#2284,.F.);
#841=ORIENTED_EDGE('',*,*,#2285,.F.);
#842=ORIENTED_EDGE('',*,*,#2286,.F.);
#843=ORIENTED_EDGE('',*,*,#2029,.T.);
#844=ORIENTED_EDGE('',*,*,#2287,.F.);
#845=ORIENTED_EDGE('',*,*,#2288,.F.);
#846=ORIENTED_EDGE('',*,*,#2289,.F.);
#847=ORIENTED_EDGE('',*,*,#2027,.F.);
#848=ORIENTED_EDGE('',*,*,#2290,.F.);
#849=ORIENTED_EDGE('',*,*,#2291,.F.);
#850=ORIENTED_EDGE('',*,*,#2292,.F.);
#851=ORIENTED_EDGE('',*,*,#2293,.F.);
#852=ORIENTED_EDGE('',*,*,#2294,.F.);
#853=ORIENTED_EDGE('',*,*,#2295,.F.);
#854=ORIENTED_EDGE('',*,*,#2296,.F.);
#855=ORIENTED_EDGE('',*,*,#2024,.T.);
#856=ORIENTED_EDGE('',*,*,#2286,.T.);
#857=ORIENTED_EDGE('',*,*,#2297,.T.);
#858=ORIENTED_EDGE('',*,*,#2283,.T.);
#859=ORIENTED_EDGE('',*,*,#2298,.T.);
#860=ORIENTED_EDGE('',*,*,#2295,.T.);
#861=ORIENTED_EDGE('',*,*,#2299,.T.);
#862=ORIENTED_EDGE('',*,*,#2285,.T.);
#863=ORIENTED_EDGE('',*,*,#2022,.T.);
#864=ORIENTED_EDGE('',*,*,#2289,.T.);
#865=ORIENTED_EDGE('',*,*,#2300,.T.);
#866=ORIENTED_EDGE('',*,*,#2284,.T.);
#867=ORIENTED_EDGE('',*,*,#2299,.F.);
#868=ORIENTED_EDGE('',*,*,#2301,.T.);
#869=ORIENTED_EDGE('',*,*,#2297,.F.);
#870=ORIENTED_EDGE('',*,*,#2300,.F.);
#871=ORIENTED_EDGE('',*,*,#2302,.T.);
#872=ORIENTED_EDGE('',*,*,#2298,.F.);
#873=ORIENTED_EDGE('',*,*,#2026,.T.);
#874=ORIENTED_EDGE('',*,*,#2282,.T.);
#875=ORIENTED_EDGE('',*,*,#2303,.T.);
#876=ORIENTED_EDGE('',*,*,#2290,.T.);
#877=ORIENTED_EDGE('',*,*,#2301,.F.);
#878=ORIENTED_EDGE('',*,*,#2294,.T.);
#879=ORIENTED_EDGE('',*,*,#2304,.T.);
#880=ORIENTED_EDGE('',*,*,#2281,.T.);
#881=ORIENTED_EDGE('',*,*,#2302,.F.);
#882=ORIENTED_EDGE('',*,*,#2288,.T.);
#883=ORIENTED_EDGE('',*,*,#2305,.T.);
#884=ORIENTED_EDGE('',*,*,#2296,.T.);
#885=ORIENTED_EDGE('',*,*,#2028,.T.);
#886=ORIENTED_EDGE('',*,*,#2292,.T.);
#887=ORIENTED_EDGE('',*,*,#2306,.T.);
#888=ORIENTED_EDGE('',*,*,#2287,.T.);
#889=ORIENTED_EDGE('',*,*,#2304,.F.);
#890=ORIENTED_EDGE('',*,*,#2307,.T.);
#891=ORIENTED_EDGE('',*,*,#2303,.F.);
#892=ORIENTED_EDGE('',*,*,#2306,.F.);
#893=ORIENTED_EDGE('',*,*,#2308,.T.);
#894=ORIENTED_EDGE('',*,*,#2305,.F.);
#895=ORIENTED_EDGE('',*,*,#2307,.F.);
#896=ORIENTED_EDGE('',*,*,#2293,.T.);
#897=ORIENTED_EDGE('',*,*,#2308,.F.);
#898=ORIENTED_EDGE('',*,*,#2291,.T.);
#899=ORIENTED_EDGE('',*,*,#2309,.F.);
#900=ORIENTED_EDGE('',*,*,#2310,.F.);
#901=ORIENTED_EDGE('',*,*,#2063,.F.);
#902=ORIENTED_EDGE('',*,*,#2311,.F.);
#903=ORIENTED_EDGE('',*,*,#2061,.T.);
#904=ORIENTED_EDGE('',*,*,#2312,.F.);
#905=ORIENTED_EDGE('',*,*,#2313,.F.);
#906=ORIENTED_EDGE('',*,*,#2314,.F.);
#907=ORIENTED_EDGE('',*,*,#2067,.T.);
#908=ORIENTED_EDGE('',*,*,#2315,.F.);
#909=ORIENTED_EDGE('',*,*,#2316,.F.);
#910=ORIENTED_EDGE('',*,*,#2317,.F.);
#911=ORIENTED_EDGE('',*,*,#2065,.F.);
#912=ORIENTED_EDGE('',*,*,#2318,.F.);
#913=ORIENTED_EDGE('',*,*,#2319,.F.);
#914=ORIENTED_EDGE('',*,*,#2320,.F.);
#915=ORIENTED_EDGE('',*,*,#2321,.F.);
#916=ORIENTED_EDGE('',*,*,#2322,.F.);
#917=ORIENTED_EDGE('',*,*,#2323,.F.);
#918=ORIENTED_EDGE('',*,*,#2324,.F.);
#919=ORIENTED_EDGE('',*,*,#2062,.T.);
#920=ORIENTED_EDGE('',*,*,#2314,.T.);
#921=ORIENTED_EDGE('',*,*,#2325,.T.);
#922=ORIENTED_EDGE('',*,*,#2311,.T.);
#923=ORIENTED_EDGE('',*,*,#2326,.T.);
#924=ORIENTED_EDGE('',*,*,#2323,.T.);
#925=ORIENTED_EDGE('',*,*,#2327,.T.);
#926=ORIENTED_EDGE('',*,*,#2313,.T.);
#927=ORIENTED_EDGE('',*,*,#2060,.T.);
#928=ORIENTED_EDGE('',*,*,#2317,.T.);
#929=ORIENTED_EDGE('',*,*,#2328,.T.);
#930=ORIENTED_EDGE('',*,*,#2312,.T.);
#931=ORIENTED_EDGE('',*,*,#2327,.F.);
#932=ORIENTED_EDGE('',*,*,#2329,.T.);
#933=ORIENTED_EDGE('',*,*,#2325,.F.);
#934=ORIENTED_EDGE('',*,*,#2328,.F.);
#935=ORIENTED_EDGE('',*,*,#2330,.T.);
#936=ORIENTED_EDGE('',*,*,#2326,.F.);
#937=ORIENTED_EDGE('',*,*,#2064,.T.);
#938=ORIENTED_EDGE('',*,*,#2310,.T.);
#939=ORIENTED_EDGE('',*,*,#2331,.T.);
#940=ORIENTED_EDGE('',*,*,#2318,.T.);
#941=ORIENTED_EDGE('',*,*,#2329,.F.);
#942=ORIENTED_EDGE('',*,*,#2322,.T.);
#943=ORIENTED_EDGE('',*,*,#2332,.T.);
#944=ORIENTED_EDGE('',*,*,#2309,.T.);
#945=ORIENTED_EDGE('',*,*,#2330,.F.);
#946=ORIENTED_EDGE('',*,*,#2316,.T.);
#947=ORIENTED_EDGE('',*,*,#2333,.T.);
#948=ORIENTED_EDGE('',*,*,#2324,.T.);
#949=ORIENTED_EDGE('',*,*,#2066,.T.);
#950=ORIENTED_EDGE('',*,*,#2320,.T.);
#951=ORIENTED_EDGE('',*,*,#2334,.T.);
#952=ORIENTED_EDGE('',*,*,#2315,.T.);
#953=ORIENTED_EDGE('',*,*,#2332,.F.);
#954=ORIENTED_EDGE('',*,*,#2335,.T.);
#955=ORIENTED_EDGE('',*,*,#2331,.F.);
#956=ORIENTED_EDGE('',*,*,#2334,.F.);
#957=ORIENTED_EDGE('',*,*,#2336,.T.);
#958=ORIENTED_EDGE('',*,*,#2333,.F.);
#959=ORIENTED_EDGE('',*,*,#2335,.F.);
#960=ORIENTED_EDGE('',*,*,#2321,.T.);
#961=ORIENTED_EDGE('',*,*,#2336,.F.);
#962=ORIENTED_EDGE('',*,*,#2319,.T.);
#963=ORIENTED_EDGE('',*,*,#2337,.F.);
#964=ORIENTED_EDGE('',*,*,#2338,.F.);
#965=ORIENTED_EDGE('',*,*,#2017,.F.);
#966=ORIENTED_EDGE('',*,*,#2339,.F.);
#967=ORIENTED_EDGE('',*,*,#2015,.T.);
#968=ORIENTED_EDGE('',*,*,#2340,.F.);
#969=ORIENTED_EDGE('',*,*,#2341,.F.);
#970=ORIENTED_EDGE('',*,*,#2342,.F.);
#971=ORIENTED_EDGE('',*,*,#2021,.T.);
#972=ORIENTED_EDGE('',*,*,#2343,.F.);
#973=ORIENTED_EDGE('',*,*,#2344,.F.);
#974=ORIENTED_EDGE('',*,*,#2345,.F.);
#975=ORIENTED_EDGE('',*,*,#2019,.F.);
#976=ORIENTED_EDGE('',*,*,#2346,.F.);
#977=ORIENTED_EDGE('',*,*,#2347,.F.);
#978=ORIENTED_EDGE('',*,*,#2348,.F.);
#979=ORIENTED_EDGE('',*,*,#2349,.F.);
#980=ORIENTED_EDGE('',*,*,#2350,.F.);
#981=ORIENTED_EDGE('',*,*,#2351,.F.);
#982=ORIENTED_EDGE('',*,*,#2352,.F.);
#983=ORIENTED_EDGE('',*,*,#2016,.T.);
#984=ORIENTED_EDGE('',*,*,#2342,.T.);
#985=ORIENTED_EDGE('',*,*,#2353,.T.);
#986=ORIENTED_EDGE('',*,*,#2339,.T.);
#987=ORIENTED_EDGE('',*,*,#2354,.T.);
#988=ORIENTED_EDGE('',*,*,#2351,.T.);
#989=ORIENTED_EDGE('',*,*,#2355,.T.);
#990=ORIENTED_EDGE('',*,*,#2341,.T.);
#991=ORIENTED_EDGE('',*,*,#2014,.T.);
#992=ORIENTED_EDGE('',*,*,#2345,.T.);
#993=ORIENTED_EDGE('',*,*,#2356,.T.);
#994=ORIENTED_EDGE('',*,*,#2340,.T.);
#995=ORIENTED_EDGE('',*,*,#2355,.F.);
#996=ORIENTED_EDGE('',*,*,#2357,.T.);
#997=ORIENTED_EDGE('',*,*,#2353,.F.);
#998=ORIENTED_EDGE('',*,*,#2356,.F.);
#999=ORIENTED_EDGE('',*,*,#2358,.T.);
#1000=ORIENTED_EDGE('',*,*,#2354,.F.);
#1001=ORIENTED_EDGE('',*,*,#2018,.T.);
#1002=ORIENTED_EDGE('',*,*,#2338,.T.);
#1003=ORIENTED_EDGE('',*,*,#2359,.T.);
#1004=ORIENTED_EDGE('',*,*,#2346,.T.);
#1005=ORIENTED_EDGE('',*,*,#2357,.F.);
#1006=ORIENTED_EDGE('',*,*,#2350,.T.);
#1007=ORIENTED_EDGE('',*,*,#2360,.T.);
#1008=ORIENTED_EDGE('',*,*,#2337,.T.);
#1009=ORIENTED_EDGE('',*,*,#2358,.F.);
#1010=ORIENTED_EDGE('',*,*,#2344,.T.);
#1011=ORIENTED_EDGE('',*,*,#2361,.T.);
#1012=ORIENTED_EDGE('',*,*,#2352,.T.);
#1013=ORIENTED_EDGE('',*,*,#2020,.T.);
#1014=ORIENTED_EDGE('',*,*,#2348,.T.);
#1015=ORIENTED_EDGE('',*,*,#2362,.T.);
#1016=ORIENTED_EDGE('',*,*,#2343,.T.);
#1017=ORIENTED_EDGE('',*,*,#2360,.F.);
#1018=ORIENTED_EDGE('',*,*,#2363,.T.);
#1019=ORIENTED_EDGE('',*,*,#2359,.F.);
#1020=ORIENTED_EDGE('',*,*,#2362,.F.);
#1021=ORIENTED_EDGE('',*,*,#2364,.T.);
#1022=ORIENTED_EDGE('',*,*,#2361,.F.);
#1023=ORIENTED_EDGE('',*,*,#2363,.F.);
#1024=ORIENTED_EDGE('',*,*,#2349,.T.);
#1025=ORIENTED_EDGE('',*,*,#2364,.F.);
#1026=ORIENTED_EDGE('',*,*,#2347,.T.);
#1027=ORIENTED_EDGE('',*,*,#2193,.T.);
#1028=ORIENTED_EDGE('',*,*,#2365,.T.);
#1029=ORIENTED_EDGE('',*,*,#2189,.T.);
#1030=ORIENTED_EDGE('',*,*,#2366,.F.);
#1031=ORIENTED_EDGE('',*,*,#2367,.F.);
#1032=ORIENTED_EDGE('',*,*,#2187,.T.);
#1033=ORIENTED_EDGE('',*,*,#2261,.T.);
#1034=ORIENTED_EDGE('',*,*,#2068,.T.);
#1035=ORIENTED_EDGE('',*,*,#2368,.F.);
#1036=ORIENTED_EDGE('',*,*,#2185,.T.);
#1037=ORIENTED_EDGE('',*,*,#2367,.T.);
#1038=ORIENTED_EDGE('',*,*,#2075,.F.);
#1039=ORIENTED_EDGE('',*,*,#2252,.F.);
#1040=ORIENTED_EDGE('',*,*,#2182,.T.);
#1041=ORIENTED_EDGE('',*,*,#2368,.T.);
#1042=ORIENTED_EDGE('',*,*,#2074,.T.);
#1043=ORIENTED_EDGE('',*,*,#2366,.T.);
#1044=ORIENTED_EDGE('',*,*,#2188,.T.);
#1045=ORIENTED_EDGE('',*,*,#2183,.T.);
#1046=ORIENTED_EDGE('',*,*,#2191,.T.);
#1047=ORIENTED_EDGE('',*,*,#2369,.F.);
#1048=ORIENTED_EDGE('',*,*,#2256,.T.);
#1049=ORIENTED_EDGE('',*,*,#2369,.T.);
#1050=ORIENTED_EDGE('',*,*,#2251,.F.);
#1051=ORIENTED_EDGE('',*,*,#2264,.F.);
#1052=ORIENTED_EDGE('',*,*,#2262,.F.);
#1053=ORIENTED_EDGE('',*,*,#2365,.F.);
#1054=ORIENTED_EDGE('',*,*,#2370,.T.);
#1055=ORIENTED_EDGE('',*,*,#2006,.F.);
#1056=ORIENTED_EDGE('',*,*,#2371,.F.);
#1057=ORIENTED_EDGE('',*,*,#2372,.F.);
#1058=ORIENTED_EDGE('',*,*,#2373,.T.);
#1059=ORIENTED_EDGE('',*,*,#2371,.T.);
#1060=ORIENTED_EDGE('',*,*,#2013,.T.);
#1061=ORIENTED_EDGE('',*,*,#2374,.F.);
#1062=ORIENTED_EDGE('',*,*,#2375,.T.);
#1063=ORIENTED_EDGE('',*,*,#2374,.T.);
#1064=ORIENTED_EDGE('',*,*,#2012,.T.);
#1065=ORIENTED_EDGE('',*,*,#2376,.F.);
#1066=ORIENTED_EDGE('',*,*,#2377,.T.);
#1067=ORIENTED_EDGE('',*,*,#2376,.T.);
#1068=ORIENTED_EDGE('',*,*,#2011,.T.);
#1069=ORIENTED_EDGE('',*,*,#2378,.F.);
#1070=ORIENTED_EDGE('',*,*,#2379,.T.);
#1071=ORIENTED_EDGE('',*,*,#2378,.T.);
#1072=ORIENTED_EDGE('',*,*,#2010,.T.);
#1073=ORIENTED_EDGE('',*,*,#2380,.F.);
#1074=ORIENTED_EDGE('',*,*,#2381,.T.);
#1075=ORIENTED_EDGE('',*,*,#2380,.T.);
#1076=ORIENTED_EDGE('',*,*,#2009,.T.);
#1077=ORIENTED_EDGE('',*,*,#2382,.F.);
#1078=ORIENTED_EDGE('',*,*,#2382,.T.);
#1079=ORIENTED_EDGE('',*,*,#2008,.F.);
#1080=ORIENTED_EDGE('',*,*,#2383,.F.);
#1081=ORIENTED_EDGE('',*,*,#2384,.F.);
#1082=ORIENTED_EDGE('',*,*,#2385,.T.);
#1083=ORIENTED_EDGE('',*,*,#2383,.T.);
#1084=ORIENTED_EDGE('',*,*,#2007,.T.);
#1085=ORIENTED_EDGE('',*,*,#2370,.F.);
#1086=ORIENTED_EDGE('',*,*,#2386,.T.);
#1087=ORIENTED_EDGE('',*,*,#2387,.F.);
#1088=ORIENTED_EDGE('',*,*,#2388,.F.);
#1089=ORIENTED_EDGE('',*,*,#2389,.F.);
#1090=ORIENTED_EDGE('',*,*,#2390,.F.);
#1091=ORIENTED_EDGE('',*,*,#2391,.F.);
#1092=ORIENTED_EDGE('',*,*,#2392,.T.);
#1093=ORIENTED_EDGE('',*,*,#2393,.F.);
#1094=ORIENTED_EDGE('',*,*,#2372,.T.);
#1095=ORIENTED_EDGE('',*,*,#2373,.F.);
#1096=ORIENTED_EDGE('',*,*,#2375,.F.);
#1097=ORIENTED_EDGE('',*,*,#2377,.F.);
#1098=ORIENTED_EDGE('',*,*,#2379,.F.);
#1099=ORIENTED_EDGE('',*,*,#2381,.F.);
#1100=ORIENTED_EDGE('',*,*,#2384,.T.);
#1101=ORIENTED_EDGE('',*,*,#2385,.F.);
#1102=ORIENTED_EDGE('',*,*,#2394,.F.);
#1103=ORIENTED_EDGE('',*,*,#2395,.T.);
#1104=ORIENTED_EDGE('',*,*,#2396,.T.);
#1105=ORIENTED_EDGE('',*,*,#2386,.F.);
#1106=ORIENTED_EDGE('',*,*,#2397,.F.);
#1107=ORIENTED_EDGE('',*,*,#2398,.T.);
#1108=ORIENTED_EDGE('',*,*,#2394,.T.);
#1109=ORIENTED_EDGE('',*,*,#2393,.T.);
#1110=ORIENTED_EDGE('',*,*,#2399,.F.);
#1111=ORIENTED_EDGE('',*,*,#2400,.T.);
#1112=ORIENTED_EDGE('',*,*,#2397,.T.);
#1113=ORIENTED_EDGE('',*,*,#2392,.F.);
#1114=ORIENTED_EDGE('',*,*,#2401,.F.);
#1115=ORIENTED_EDGE('',*,*,#2402,.T.);
#1116=ORIENTED_EDGE('',*,*,#2399,.T.);
#1117=ORIENTED_EDGE('',*,*,#2391,.T.);
#1118=ORIENTED_EDGE('',*,*,#2403,.F.);
#1119=ORIENTED_EDGE('',*,*,#2404,.T.);
#1120=ORIENTED_EDGE('',*,*,#2401,.T.);
#1121=ORIENTED_EDGE('',*,*,#2390,.T.);
#1122=ORIENTED_EDGE('',*,*,#2405,.F.);
#1123=ORIENTED_EDGE('',*,*,#2406,.T.);
#1124=ORIENTED_EDGE('',*,*,#2403,.T.);
#1125=ORIENTED_EDGE('',*,*,#2389,.T.);
#1126=ORIENTED_EDGE('',*,*,#2407,.F.);
#1127=ORIENTED_EDGE('',*,*,#2408,.T.);
#1128=ORIENTED_EDGE('',*,*,#2405,.T.);
#1129=ORIENTED_EDGE('',*,*,#2388,.T.);
#1130=ORIENTED_EDGE('',*,*,#2396,.F.);
#1131=ORIENTED_EDGE('',*,*,#2409,.T.);
#1132=ORIENTED_EDGE('',*,*,#2407,.T.);
#1133=ORIENTED_EDGE('',*,*,#2387,.T.);
#1134=ORIENTED_EDGE('',*,*,#2410,.T.);
#1135=ORIENTED_EDGE('',*,*,#2076,.F.);
#1136=ORIENTED_EDGE('',*,*,#2411,.F.);
#1137=ORIENTED_EDGE('',*,*,#2412,.F.);
#1138=ORIENTED_EDGE('',*,*,#2413,.T.);
#1139=ORIENTED_EDGE('',*,*,#2411,.T.);
#1140=ORIENTED_EDGE('',*,*,#2083,.T.);
#1141=ORIENTED_EDGE('',*,*,#2414,.F.);
#1142=ORIENTED_EDGE('',*,*,#2415,.T.);
#1143=ORIENTED_EDGE('',*,*,#2414,.T.);
#1144=ORIENTED_EDGE('',*,*,#2082,.T.);
#1145=ORIENTED_EDGE('',*,*,#2416,.F.);
#1146=ORIENTED_EDGE('',*,*,#2417,.T.);
#1147=ORIENTED_EDGE('',*,*,#2416,.T.);
#1148=ORIENTED_EDGE('',*,*,#2081,.T.);
#1149=ORIENTED_EDGE('',*,*,#2418,.F.);
#1150=ORIENTED_EDGE('',*,*,#2419,.T.);
#1151=ORIENTED_EDGE('',*,*,#2418,.T.);
#1152=ORIENTED_EDGE('',*,*,#2080,.T.);
#1153=ORIENTED_EDGE('',*,*,#2420,.F.);
#1154=ORIENTED_EDGE('',*,*,#2421,.T.);
#1155=ORIENTED_EDGE('',*,*,#2420,.T.);
#1156=ORIENTED_EDGE('',*,*,#2079,.T.);
#1157=ORIENTED_EDGE('',*,*,#2422,.F.);
#1158=ORIENTED_EDGE('',*,*,#2422,.T.);
#1159=ORIENTED_EDGE('',*,*,#2078,.F.);
#1160=ORIENTED_EDGE('',*,*,#2423,.F.);
#1161=ORIENTED_EDGE('',*,*,#2424,.F.);
#1162=ORIENTED_EDGE('',*,*,#2425,.T.);
#1163=ORIENTED_EDGE('',*,*,#2423,.T.);
#1164=ORIENTED_EDGE('',*,*,#2077,.T.);
#1165=ORIENTED_EDGE('',*,*,#2410,.F.);
#1166=ORIENTED_EDGE('',*,*,#2426,.T.);
#1167=ORIENTED_EDGE('',*,*,#2427,.F.);
#1168=ORIENTED_EDGE('',*,*,#2428,.F.);
#1169=ORIENTED_EDGE('',*,*,#2429,.F.);
#1170=ORIENTED_EDGE('',*,*,#2430,.F.);
#1171=ORIENTED_EDGE('',*,*,#2431,.F.);
#1172=ORIENTED_EDGE('',*,*,#2432,.T.);
#1173=ORIENTED_EDGE('',*,*,#2433,.F.);
#1174=ORIENTED_EDGE('',*,*,#2412,.T.);
#1175=ORIENTED_EDGE('',*,*,#2413,.F.);
#1176=ORIENTED_EDGE('',*,*,#2415,.F.);
#1177=ORIENTED_EDGE('',*,*,#2417,.F.);
#1178=ORIENTED_EDGE('',*,*,#2419,.F.);
#1179=ORIENTED_EDGE('',*,*,#2421,.F.);
#1180=ORIENTED_EDGE('',*,*,#2424,.T.);
#1181=ORIENTED_EDGE('',*,*,#2425,.F.);
#1182=ORIENTED_EDGE('',*,*,#2434,.F.);
#1183=ORIENTED_EDGE('',*,*,#2435,.T.);
#1184=ORIENTED_EDGE('',*,*,#2436,.T.);
#1185=ORIENTED_EDGE('',*,*,#2426,.F.);
#1186=ORIENTED_EDGE('',*,*,#2437,.F.);
#1187=ORIENTED_EDGE('',*,*,#2438,.T.);
#1188=ORIENTED_EDGE('',*,*,#2434,.T.);
#1189=ORIENTED_EDGE('',*,*,#2433,.T.);
#1190=ORIENTED_EDGE('',*,*,#2439,.F.);
#1191=ORIENTED_EDGE('',*,*,#2440,.T.);
#1192=ORIENTED_EDGE('',*,*,#2437,.T.);
#1193=ORIENTED_EDGE('',*,*,#2432,.F.);
#1194=ORIENTED_EDGE('',*,*,#2441,.F.);
#1195=ORIENTED_EDGE('',*,*,#2442,.T.);
#1196=ORIENTED_EDGE('',*,*,#2439,.T.);
#1197=ORIENTED_EDGE('',*,*,#2431,.T.);
#1198=ORIENTED_EDGE('',*,*,#2443,.F.);
#1199=ORIENTED_EDGE('',*,*,#2444,.T.);
#1200=ORIENTED_EDGE('',*,*,#2441,.T.);
#1201=ORIENTED_EDGE('',*,*,#2430,.T.);
#1202=ORIENTED_EDGE('',*,*,#2445,.F.);
#1203=ORIENTED_EDGE('',*,*,#2446,.T.);
#1204=ORIENTED_EDGE('',*,*,#2443,.T.);
#1205=ORIENTED_EDGE('',*,*,#2429,.T.);
#1206=ORIENTED_EDGE('',*,*,#2447,.F.);
#1207=ORIENTED_EDGE('',*,*,#2448,.T.);
#1208=ORIENTED_EDGE('',*,*,#2445,.T.);
#1209=ORIENTED_EDGE('',*,*,#2428,.T.);
#1210=ORIENTED_EDGE('',*,*,#2436,.F.);
#1211=ORIENTED_EDGE('',*,*,#2449,.T.);
#1212=ORIENTED_EDGE('',*,*,#2447,.T.);
#1213=ORIENTED_EDGE('',*,*,#2427,.T.);
#1214=ORIENTED_EDGE('',*,*,#2450,.T.);
#1215=ORIENTED_EDGE('',*,*,#1998,.F.);
#1216=ORIENTED_EDGE('',*,*,#2451,.F.);
#1217=ORIENTED_EDGE('',*,*,#2452,.F.);
#1218=ORIENTED_EDGE('',*,*,#2453,.T.);
#1219=ORIENTED_EDGE('',*,*,#2451,.T.);
#1220=ORIENTED_EDGE('',*,*,#2005,.T.);
#1221=ORIENTED_EDGE('',*,*,#2454,.F.);
#1222=ORIENTED_EDGE('',*,*,#2455,.T.);
#1223=ORIENTED_EDGE('',*,*,#2454,.T.);
#1224=ORIENTED_EDGE('',*,*,#2004,.T.);
#1225=ORIENTED_EDGE('',*,*,#2456,.F.);
#1226=ORIENTED_EDGE('',*,*,#2457,.T.);
#1227=ORIENTED_EDGE('',*,*,#2456,.T.);
#1228=ORIENTED_EDGE('',*,*,#2003,.T.);
#1229=ORIENTED_EDGE('',*,*,#2458,.F.);
#1230=ORIENTED_EDGE('',*,*,#2459,.T.);
#1231=ORIENTED_EDGE('',*,*,#2458,.T.);
#1232=ORIENTED_EDGE('',*,*,#2002,.T.);
#1233=ORIENTED_EDGE('',*,*,#2460,.F.);
#1234=ORIENTED_EDGE('',*,*,#2461,.T.);
#1235=ORIENTED_EDGE('',*,*,#2460,.T.);
#1236=ORIENTED_EDGE('',*,*,#2001,.T.);
#1237=ORIENTED_EDGE('',*,*,#2462,.F.);
#1238=ORIENTED_EDGE('',*,*,#2462,.T.);
#1239=ORIENTED_EDGE('',*,*,#2000,.F.);
#1240=ORIENTED_EDGE('',*,*,#2463,.F.);
#1241=ORIENTED_EDGE('',*,*,#2464,.F.);
#1242=ORIENTED_EDGE('',*,*,#2465,.T.);
#1243=ORIENTED_EDGE('',*,*,#2463,.T.);
#1244=ORIENTED_EDGE('',*,*,#1999,.T.);
#1245=ORIENTED_EDGE('',*,*,#2450,.F.);
#1246=ORIENTED_EDGE('',*,*,#2466,.T.);
#1247=ORIENTED_EDGE('',*,*,#2467,.F.);
#1248=ORIENTED_EDGE('',*,*,#2468,.F.);
#1249=ORIENTED_EDGE('',*,*,#2469,.F.);
#1250=ORIENTED_EDGE('',*,*,#2470,.F.);
#1251=ORIENTED_EDGE('',*,*,#2471,.F.);
#1252=ORIENTED_EDGE('',*,*,#2472,.T.);
#1253=ORIENTED_EDGE('',*,*,#2473,.F.);
#1254=ORIENTED_EDGE('',*,*,#2452,.T.);
#1255=ORIENTED_EDGE('',*,*,#2453,.F.);
#1256=ORIENTED_EDGE('',*,*,#2455,.F.);
#1257=ORIENTED_EDGE('',*,*,#2457,.F.);
#1258=ORIENTED_EDGE('',*,*,#2459,.F.);
#1259=ORIENTED_EDGE('',*,*,#2461,.F.);
#1260=ORIENTED_EDGE('',*,*,#2464,.T.);
#1261=ORIENTED_EDGE('',*,*,#2465,.F.);
#1262=ORIENTED_EDGE('',*,*,#2474,.F.);
#1263=ORIENTED_EDGE('',*,*,#2475,.T.);
#1264=ORIENTED_EDGE('',*,*,#2476,.T.);
#1265=ORIENTED_EDGE('',*,*,#2466,.F.);
#1266=ORIENTED_EDGE('',*,*,#2477,.F.);
#1267=ORIENTED_EDGE('',*,*,#2478,.T.);
#1268=ORIENTED_EDGE('',*,*,#2474,.T.);
#1269=ORIENTED_EDGE('',*,*,#2473,.T.);
#1270=ORIENTED_EDGE('',*,*,#2479,.F.);
#1271=ORIENTED_EDGE('',*,*,#2480,.T.);
#1272=ORIENTED_EDGE('',*,*,#2477,.T.);
#1273=ORIENTED_EDGE('',*,*,#2472,.F.);
#1274=ORIENTED_EDGE('',*,*,#2481,.F.);
#1275=ORIENTED_EDGE('',*,*,#2482,.T.);
#1276=ORIENTED_EDGE('',*,*,#2479,.T.);
#1277=ORIENTED_EDGE('',*,*,#2471,.T.);
#1278=ORIENTED_EDGE('',*,*,#2483,.F.);
#1279=ORIENTED_EDGE('',*,*,#2484,.T.);
#1280=ORIENTED_EDGE('',*,*,#2481,.T.);
#1281=ORIENTED_EDGE('',*,*,#2470,.T.);
#1282=ORIENTED_EDGE('',*,*,#2485,.F.);
#1283=ORIENTED_EDGE('',*,*,#2486,.T.);
#1284=ORIENTED_EDGE('',*,*,#2483,.T.);
#1285=ORIENTED_EDGE('',*,*,#2469,.T.);
#1286=ORIENTED_EDGE('',*,*,#2487,.F.);
#1287=ORIENTED_EDGE('',*,*,#2488,.T.);
#1288=ORIENTED_EDGE('',*,*,#2485,.T.);
#1289=ORIENTED_EDGE('',*,*,#2468,.T.);
#1290=ORIENTED_EDGE('',*,*,#2476,.F.);
#1291=ORIENTED_EDGE('',*,*,#2489,.T.);
#1292=ORIENTED_EDGE('',*,*,#2487,.T.);
#1293=ORIENTED_EDGE('',*,*,#2467,.T.);
#1294=ORIENTED_EDGE('',*,*,#2490,.T.);
#1295=ORIENTED_EDGE('',*,*,#2084,.F.);
#1296=ORIENTED_EDGE('',*,*,#2491,.F.);
#1297=ORIENTED_EDGE('',*,*,#2492,.F.);
#1298=ORIENTED_EDGE('',*,*,#2493,.T.);
#1299=ORIENTED_EDGE('',*,*,#2491,.T.);
#1300=ORIENTED_EDGE('',*,*,#2091,.T.);
#1301=ORIENTED_EDGE('',*,*,#2494,.F.);
#1302=ORIENTED_EDGE('',*,*,#2495,.T.);
#1303=ORIENTED_EDGE('',*,*,#2494,.T.);
#1304=ORIENTED_EDGE('',*,*,#2090,.T.);
#1305=ORIENTED_EDGE('',*,*,#2496,.F.);
#1306=ORIENTED_EDGE('',*,*,#2497,.T.);
#1307=ORIENTED_EDGE('',*,*,#2496,.T.);
#1308=ORIENTED_EDGE('',*,*,#2089,.T.);
#1309=ORIENTED_EDGE('',*,*,#2498,.F.);
#1310=ORIENTED_EDGE('',*,*,#2499,.T.);
#1311=ORIENTED_EDGE('',*,*,#2498,.T.);
#1312=ORIENTED_EDGE('',*,*,#2088,.T.);
#1313=ORIENTED_EDGE('',*,*,#2500,.F.);
#1314=ORIENTED_EDGE('',*,*,#2501,.T.);
#1315=ORIENTED_EDGE('',*,*,#2500,.T.);
#1316=ORIENTED_EDGE('',*,*,#2087,.T.);
#1317=ORIENTED_EDGE('',*,*,#2502,.F.);
#1318=ORIENTED_EDGE('',*,*,#2502,.T.);
#1319=ORIENTED_EDGE('',*,*,#2086,.F.);
#1320=ORIENTED_EDGE('',*,*,#2503,.F.);
#1321=ORIENTED_EDGE('',*,*,#2504,.F.);
#1322=ORIENTED_EDGE('',*,*,#2505,.T.);
#1323=ORIENTED_EDGE('',*,*,#2503,.T.);
#1324=ORIENTED_EDGE('',*,*,#2085,.T.);
#1325=ORIENTED_EDGE('',*,*,#2490,.F.);
#1326=ORIENTED_EDGE('',*,*,#2506,.T.);
#1327=ORIENTED_EDGE('',*,*,#2507,.F.);
#1328=ORIENTED_EDGE('',*,*,#2508,.F.);
#1329=ORIENTED_EDGE('',*,*,#2509,.F.);
#1330=ORIENTED_EDGE('',*,*,#2510,.F.);
#1331=ORIENTED_EDGE('',*,*,#2511,.F.);
#1332=ORIENTED_EDGE('',*,*,#2512,.T.);
#1333=ORIENTED_EDGE('',*,*,#2513,.F.);
#1334=ORIENTED_EDGE('',*,*,#2492,.T.);
#1335=ORIENTED_EDGE('',*,*,#2493,.F.);
#1336=ORIENTED_EDGE('',*,*,#2495,.F.);
#1337=ORIENTED_EDGE('',*,*,#2497,.F.);
#1338=ORIENTED_EDGE('',*,*,#2499,.F.);
#1339=ORIENTED_EDGE('',*,*,#2501,.F.);
#1340=ORIENTED_EDGE('',*,*,#2504,.T.);
#1341=ORIENTED_EDGE('',*,*,#2505,.F.);
#1342=ORIENTED_EDGE('',*,*,#2514,.F.);
#1343=ORIENTED_EDGE('',*,*,#2515,.T.);
#1344=ORIENTED_EDGE('',*,*,#2516,.T.);
#1345=ORIENTED_EDGE('',*,*,#2506,.F.);
#1346=ORIENTED_EDGE('',*,*,#2517,.F.);
#1347=ORIENTED_EDGE('',*,*,#2518,.T.);
#1348=ORIENTED_EDGE('',*,*,#2514,.T.);
#1349=ORIENTED_EDGE('',*,*,#2513,.T.);
#1350=ORIENTED_EDGE('',*,*,#2519,.F.);
#1351=ORIENTED_EDGE('',*,*,#2520,.T.);
#1352=ORIENTED_EDGE('',*,*,#2517,.T.);
#1353=ORIENTED_EDGE('',*,*,#2512,.F.);
#1354=ORIENTED_EDGE('',*,*,#2521,.F.);
#1355=ORIENTED_EDGE('',*,*,#2522,.T.);
#1356=ORIENTED_EDGE('',*,*,#2519,.T.);
#1357=ORIENTED_EDGE('',*,*,#2511,.T.);
#1358=ORIENTED_EDGE('',*,*,#2523,.F.);
#1359=ORIENTED_EDGE('',*,*,#2524,.T.);
#1360=ORIENTED_EDGE('',*,*,#2521,.T.);
#1361=ORIENTED_EDGE('',*,*,#2510,.T.);
#1362=ORIENTED_EDGE('',*,*,#2525,.F.);
#1363=ORIENTED_EDGE('',*,*,#2526,.T.);
#1364=ORIENTED_EDGE('',*,*,#2523,.T.);
#1365=ORIENTED_EDGE('',*,*,#2509,.T.);
#1366=ORIENTED_EDGE('',*,*,#2527,.F.);
#1367=ORIENTED_EDGE('',*,*,#2528,.T.);
#1368=ORIENTED_EDGE('',*,*,#2525,.T.);
#1369=ORIENTED_EDGE('',*,*,#2508,.T.);
#1370=ORIENTED_EDGE('',*,*,#2516,.F.);
#1371=ORIENTED_EDGE('',*,*,#2529,.T.);
#1372=ORIENTED_EDGE('',*,*,#2527,.T.);
#1373=ORIENTED_EDGE('',*,*,#2507,.T.);
#1374=ORIENTED_EDGE('',*,*,#2530,.T.);
#1375=ORIENTED_EDGE('',*,*,#1990,.F.);
#1376=ORIENTED_EDGE('',*,*,#2531,.F.);
#1377=ORIENTED_EDGE('',*,*,#2532,.F.);
#1378=ORIENTED_EDGE('',*,*,#2533,.T.);
#1379=ORIENTED_EDGE('',*,*,#2531,.T.);
#1380=ORIENTED_EDGE('',*,*,#1997,.T.);
#1381=ORIENTED_EDGE('',*,*,#2534,.F.);
#1382=ORIENTED_EDGE('',*,*,#2535,.T.);
#1383=ORIENTED_EDGE('',*,*,#2534,.T.);
#1384=ORIENTED_EDGE('',*,*,#1996,.T.);
#1385=ORIENTED_EDGE('',*,*,#2536,.F.);
#1386=ORIENTED_EDGE('',*,*,#2537,.T.);
#1387=ORIENTED_EDGE('',*,*,#2536,.T.);
#1388=ORIENTED_EDGE('',*,*,#1995,.T.);
#1389=ORIENTED_EDGE('',*,*,#2538,.F.);
#1390=ORIENTED_EDGE('',*,*,#2539,.T.);
#1391=ORIENTED_EDGE('',*,*,#2538,.T.);
#1392=ORIENTED_EDGE('',*,*,#1994,.T.);
#1393=ORIENTED_EDGE('',*,*,#2540,.F.);
#1394=ORIENTED_EDGE('',*,*,#2541,.T.);
#1395=ORIENTED_EDGE('',*,*,#2540,.T.);
#1396=ORIENTED_EDGE('',*,*,#1993,.T.);
#1397=ORIENTED_EDGE('',*,*,#2542,.F.);
#1398=ORIENTED_EDGE('',*,*,#2542,.T.);
#1399=ORIENTED_EDGE('',*,*,#1992,.F.);
#1400=ORIENTED_EDGE('',*,*,#2543,.F.);
#1401=ORIENTED_EDGE('',*,*,#2544,.F.);
#1402=ORIENTED_EDGE('',*,*,#2545,.T.);
#1403=ORIENTED_EDGE('',*,*,#2543,.T.);
#1404=ORIENTED_EDGE('',*,*,#1991,.T.);
#1405=ORIENTED_EDGE('',*,*,#2530,.F.);
#1406=ORIENTED_EDGE('',*,*,#2546,.T.);
#1407=ORIENTED_EDGE('',*,*,#2547,.F.);
#1408=ORIENTED_EDGE('',*,*,#2548,.F.);
#1409=ORIENTED_EDGE('',*,*,#2549,.F.);
#1410=ORIENTED_EDGE('',*,*,#2550,.F.);
#1411=ORIENTED_EDGE('',*,*,#2551,.F.);
#1412=ORIENTED_EDGE('',*,*,#2552,.T.);
#1413=ORIENTED_EDGE('',*,*,#2553,.F.);
#1414=ORIENTED_EDGE('',*,*,#2532,.T.);
#1415=ORIENTED_EDGE('',*,*,#2533,.F.);
#1416=ORIENTED_EDGE('',*,*,#2535,.F.);
#1417=ORIENTED_EDGE('',*,*,#2537,.F.);
#1418=ORIENTED_EDGE('',*,*,#2539,.F.);
#1419=ORIENTED_EDGE('',*,*,#2541,.F.);
#1420=ORIENTED_EDGE('',*,*,#2544,.T.);
#1421=ORIENTED_EDGE('',*,*,#2545,.F.);
#1422=ORIENTED_EDGE('',*,*,#2554,.F.);
#1423=ORIENTED_EDGE('',*,*,#2555,.T.);
#1424=ORIENTED_EDGE('',*,*,#2556,.T.);
#1425=ORIENTED_EDGE('',*,*,#2546,.F.);
#1426=ORIENTED_EDGE('',*,*,#2557,.F.);
#1427=ORIENTED_EDGE('',*,*,#2558,.T.);
#1428=ORIENTED_EDGE('',*,*,#2554,.T.);
#1429=ORIENTED_EDGE('',*,*,#2553,.T.);
#1430=ORIENTED_EDGE('',*,*,#2559,.F.);
#1431=ORIENTED_EDGE('',*,*,#2560,.T.);
#1432=ORIENTED_EDGE('',*,*,#2557,.T.);
#1433=ORIENTED_EDGE('',*,*,#2552,.F.);
#1434=ORIENTED_EDGE('',*,*,#2561,.F.);
#1435=ORIENTED_EDGE('',*,*,#2562,.T.);
#1436=ORIENTED_EDGE('',*,*,#2559,.T.);
#1437=ORIENTED_EDGE('',*,*,#2551,.T.);
#1438=ORIENTED_EDGE('',*,*,#2563,.F.);
#1439=ORIENTED_EDGE('',*,*,#2564,.T.);
#1440=ORIENTED_EDGE('',*,*,#2561,.T.);
#1441=ORIENTED_EDGE('',*,*,#2550,.T.);
#1442=ORIENTED_EDGE('',*,*,#2565,.F.);
#1443=ORIENTED_EDGE('',*,*,#2566,.T.);
#1444=ORIENTED_EDGE('',*,*,#2563,.T.);
#1445=ORIENTED_EDGE('',*,*,#2549,.T.);
#1446=ORIENTED_EDGE('',*,*,#2567,.F.);
#1447=ORIENTED_EDGE('',*,*,#2568,.T.);
#1448=ORIENTED_EDGE('',*,*,#2565,.T.);
#1449=ORIENTED_EDGE('',*,*,#2548,.T.);
#1450=ORIENTED_EDGE('',*,*,#2556,.F.);
#1451=ORIENTED_EDGE('',*,*,#2569,.T.);
#1452=ORIENTED_EDGE('',*,*,#2567,.T.);
#1453=ORIENTED_EDGE('',*,*,#2547,.T.);
#1454=ORIENTED_EDGE('',*,*,#2570,.T.);
#1455=ORIENTED_EDGE('',*,*,#2092,.F.);
#1456=ORIENTED_EDGE('',*,*,#2571,.F.);
#1457=ORIENTED_EDGE('',*,*,#2572,.F.);
#1458=ORIENTED_EDGE('',*,*,#2573,.T.);
#1459=ORIENTED_EDGE('',*,*,#2571,.T.);
#1460=ORIENTED_EDGE('',*,*,#2099,.T.);
#1461=ORIENTED_EDGE('',*,*,#2574,.F.);
#1462=ORIENTED_EDGE('',*,*,#2575,.T.);
#1463=ORIENTED_EDGE('',*,*,#2574,.T.);
#1464=ORIENTED_EDGE('',*,*,#2098,.T.);
#1465=ORIENTED_EDGE('',*,*,#2576,.F.);
#1466=ORIENTED_EDGE('',*,*,#2577,.T.);
#1467=ORIENTED_EDGE('',*,*,#2576,.T.);
#1468=ORIENTED_EDGE('',*,*,#2097,.T.);
#1469=ORIENTED_EDGE('',*,*,#2578,.F.);
#1470=ORIENTED_EDGE('',*,*,#2579,.T.);
#1471=ORIENTED_EDGE('',*,*,#2578,.T.);
#1472=ORIENTED_EDGE('',*,*,#2096,.T.);
#1473=ORIENTED_EDGE('',*,*,#2580,.F.);
#1474=ORIENTED_EDGE('',*,*,#2581,.T.);
#1475=ORIENTED_EDGE('',*,*,#2580,.T.);
#1476=ORIENTED_EDGE('',*,*,#2095,.T.);
#1477=ORIENTED_EDGE('',*,*,#2582,.F.);
#1478=ORIENTED_EDGE('',*,*,#2582,.T.);
#1479=ORIENTED_EDGE('',*,*,#2094,.F.);
#1480=ORIENTED_EDGE('',*,*,#2583,.F.);
#1481=ORIENTED_EDGE('',*,*,#2584,.F.);
#1482=ORIENTED_EDGE('',*,*,#2585,.T.);
#1483=ORIENTED_EDGE('',*,*,#2583,.T.);
#1484=ORIENTED_EDGE('',*,*,#2093,.T.);
#1485=ORIENTED_EDGE('',*,*,#2570,.F.);
#1486=ORIENTED_EDGE('',*,*,#2586,.T.);
#1487=ORIENTED_EDGE('',*,*,#2587,.F.);
#1488=ORIENTED_EDGE('',*,*,#2588,.F.);
#1489=ORIENTED_EDGE('',*,*,#2589,.F.);
#1490=ORIENTED_EDGE('',*,*,#2590,.F.);
#1491=ORIENTED_EDGE('',*,*,#2591,.F.);
#1492=ORIENTED_EDGE('',*,*,#2592,.T.);
#1493=ORIENTED_EDGE('',*,*,#2593,.F.);
#1494=ORIENTED_EDGE('',*,*,#2572,.T.);
#1495=ORIENTED_EDGE('',*,*,#2573,.F.);
#1496=ORIENTED_EDGE('',*,*,#2575,.F.);
#1497=ORIENTED_EDGE('',*,*,#2577,.F.);
#1498=ORIENTED_EDGE('',*,*,#2579,.F.);
#1499=ORIENTED_EDGE('',*,*,#2581,.F.);
#1500=ORIENTED_EDGE('',*,*,#2584,.T.);
#1501=ORIENTED_EDGE('',*,*,#2585,.F.);
#1502=ORIENTED_EDGE('',*,*,#2594,.F.);
#1503=ORIENTED_EDGE('',*,*,#2595,.T.);
#1504=ORIENTED_EDGE('',*,*,#2596,.T.);
#1505=ORIENTED_EDGE('',*,*,#2586,.F.);
#1506=ORIENTED_EDGE('',*,*,#2597,.F.);
#1507=ORIENTED_EDGE('',*,*,#2598,.T.);
#1508=ORIENTED_EDGE('',*,*,#2594,.T.);
#1509=ORIENTED_EDGE('',*,*,#2593,.T.);
#1510=ORIENTED_EDGE('',*,*,#2599,.F.);
#1511=ORIENTED_EDGE('',*,*,#2600,.T.);
#1512=ORIENTED_EDGE('',*,*,#2597,.T.);
#1513=ORIENTED_EDGE('',*,*,#2592,.F.);
#1514=ORIENTED_EDGE('',*,*,#2601,.F.);
#1515=ORIENTED_EDGE('',*,*,#2602,.T.);
#1516=ORIENTED_EDGE('',*,*,#2599,.T.);
#1517=ORIENTED_EDGE('',*,*,#2591,.T.);
#1518=ORIENTED_EDGE('',*,*,#2603,.F.);
#1519=ORIENTED_EDGE('',*,*,#2604,.T.);
#1520=ORIENTED_EDGE('',*,*,#2601,.T.);
#1521=ORIENTED_EDGE('',*,*,#2590,.T.);
#1522=ORIENTED_EDGE('',*,*,#2605,.F.);
#1523=ORIENTED_EDGE('',*,*,#2606,.T.);
#1524=ORIENTED_EDGE('',*,*,#2603,.T.);
#1525=ORIENTED_EDGE('',*,*,#2589,.T.);
#1526=ORIENTED_EDGE('',*,*,#2607,.F.);
#1527=ORIENTED_EDGE('',*,*,#2608,.T.);
#1528=ORIENTED_EDGE('',*,*,#2605,.T.);
#1529=ORIENTED_EDGE('',*,*,#2588,.T.);
#1530=ORIENTED_EDGE('',*,*,#2596,.F.);
#1531=ORIENTED_EDGE('',*,*,#2609,.T.);
#1532=ORIENTED_EDGE('',*,*,#2607,.T.);
#1533=ORIENTED_EDGE('',*,*,#2587,.T.);
#1534=ORIENTED_EDGE('',*,*,#2610,.T.);
#1535=ORIENTED_EDGE('',*,*,#1982,.F.);
#1536=ORIENTED_EDGE('',*,*,#2611,.F.);
#1537=ORIENTED_EDGE('',*,*,#2612,.F.);
#1538=ORIENTED_EDGE('',*,*,#2613,.T.);
#1539=ORIENTED_EDGE('',*,*,#2611,.T.);
#1540=ORIENTED_EDGE('',*,*,#1989,.T.);
#1541=ORIENTED_EDGE('',*,*,#2614,.F.);
#1542=ORIENTED_EDGE('',*,*,#2615,.T.);
#1543=ORIENTED_EDGE('',*,*,#2614,.T.);
#1544=ORIENTED_EDGE('',*,*,#1988,.T.);
#1545=ORIENTED_EDGE('',*,*,#2616,.F.);
#1546=ORIENTED_EDGE('',*,*,#2617,.T.);
#1547=ORIENTED_EDGE('',*,*,#2616,.T.);
#1548=ORIENTED_EDGE('',*,*,#1987,.T.);
#1549=ORIENTED_EDGE('',*,*,#2618,.F.);
#1550=ORIENTED_EDGE('',*,*,#2619,.T.);
#1551=ORIENTED_EDGE('',*,*,#2618,.T.);
#1552=ORIENTED_EDGE('',*,*,#1986,.T.);
#1553=ORIENTED_EDGE('',*,*,#2620,.F.);
#1554=ORIENTED_EDGE('',*,*,#2621,.T.);
#1555=ORIENTED_EDGE('',*,*,#2620,.T.);
#1556=ORIENTED_EDGE('',*,*,#1985,.T.);
#1557=ORIENTED_EDGE('',*,*,#2622,.F.);
#1558=ORIENTED_EDGE('',*,*,#2622,.T.);
#1559=ORIENTED_EDGE('',*,*,#1984,.F.);
#1560=ORIENTED_EDGE('',*,*,#2623,.F.);
#1561=ORIENTED_EDGE('',*,*,#2624,.F.);
#1562=ORIENTED_EDGE('',*,*,#2625,.T.);
#1563=ORIENTED_EDGE('',*,*,#2623,.T.);
#1564=ORIENTED_EDGE('',*,*,#1983,.T.);
#1565=ORIENTED_EDGE('',*,*,#2610,.F.);
#1566=ORIENTED_EDGE('',*,*,#2626,.T.);
#1567=ORIENTED_EDGE('',*,*,#2627,.F.);
#1568=ORIENTED_EDGE('',*,*,#2628,.F.);
#1569=ORIENTED_EDGE('',*,*,#2629,.F.);
#1570=ORIENTED_EDGE('',*,*,#2630,.F.);
#1571=ORIENTED_EDGE('',*,*,#2631,.F.);
#1572=ORIENTED_EDGE('',*,*,#2632,.T.);
#1573=ORIENTED_EDGE('',*,*,#2633,.F.);
#1574=ORIENTED_EDGE('',*,*,#2612,.T.);
#1575=ORIENTED_EDGE('',*,*,#2613,.F.);
#1576=ORIENTED_EDGE('',*,*,#2615,.F.);
#1577=ORIENTED_EDGE('',*,*,#2617,.F.);
#1578=ORIENTED_EDGE('',*,*,#2619,.F.);
#1579=ORIENTED_EDGE('',*,*,#2621,.F.);
#1580=ORIENTED_EDGE('',*,*,#2624,.T.);
#1581=ORIENTED_EDGE('',*,*,#2625,.F.);
#1582=ORIENTED_EDGE('',*,*,#2634,.F.);
#1583=ORIENTED_EDGE('',*,*,#2635,.T.);
#1584=ORIENTED_EDGE('',*,*,#2636,.T.);
#1585=ORIENTED_EDGE('',*,*,#2626,.F.);
#1586=ORIENTED_EDGE('',*,*,#2637,.F.);
#1587=ORIENTED_EDGE('',*,*,#2638,.T.);
#1588=ORIENTED_EDGE('',*,*,#2634,.T.);
#1589=ORIENTED_EDGE('',*,*,#2633,.T.);
#1590=ORIENTED_EDGE('',*,*,#2639,.F.);
#1591=ORIENTED_EDGE('',*,*,#2640,.T.);
#1592=ORIENTED_EDGE('',*,*,#2637,.T.);
#1593=ORIENTED_EDGE('',*,*,#2632,.F.);
#1594=ORIENTED_EDGE('',*,*,#2641,.F.);
#1595=ORIENTED_EDGE('',*,*,#2642,.T.);
#1596=ORIENTED_EDGE('',*,*,#2639,.T.);
#1597=ORIENTED_EDGE('',*,*,#2631,.T.);
#1598=ORIENTED_EDGE('',*,*,#2643,.F.);
#1599=ORIENTED_EDGE('',*,*,#2644,.T.);
#1600=ORIENTED_EDGE('',*,*,#2641,.T.);
#1601=ORIENTED_EDGE('',*,*,#2630,.T.);
#1602=ORIENTED_EDGE('',*,*,#2645,.F.);
#1603=ORIENTED_EDGE('',*,*,#2646,.T.);
#1604=ORIENTED_EDGE('',*,*,#2643,.T.);
#1605=ORIENTED_EDGE('',*,*,#2629,.T.);
#1606=ORIENTED_EDGE('',*,*,#2647,.F.);
#1607=ORIENTED_EDGE('',*,*,#2648,.T.);
#1608=ORIENTED_EDGE('',*,*,#2645,.T.);
#1609=ORIENTED_EDGE('',*,*,#2628,.T.);
#1610=ORIENTED_EDGE('',*,*,#2636,.F.);
#1611=ORIENTED_EDGE('',*,*,#2649,.T.);
#1612=ORIENTED_EDGE('',*,*,#2647,.T.);
#1613=ORIENTED_EDGE('',*,*,#2627,.T.);
#1614=ORIENTED_EDGE('',*,*,#2650,.T.);
#1615=ORIENTED_EDGE('',*,*,#2100,.F.);
#1616=ORIENTED_EDGE('',*,*,#2651,.F.);
#1617=ORIENTED_EDGE('',*,*,#2652,.F.);
#1618=ORIENTED_EDGE('',*,*,#2653,.T.);
#1619=ORIENTED_EDGE('',*,*,#2651,.T.);
#1620=ORIENTED_EDGE('',*,*,#2107,.T.);
#1621=ORIENTED_EDGE('',*,*,#2654,.F.);
#1622=ORIENTED_EDGE('',*,*,#2655,.T.);
#1623=ORIENTED_EDGE('',*,*,#2654,.T.);
#1624=ORIENTED_EDGE('',*,*,#2106,.T.);
#1625=ORIENTED_EDGE('',*,*,#2656,.F.);
#1626=ORIENTED_EDGE('',*,*,#2657,.T.);
#1627=ORIENTED_EDGE('',*,*,#2656,.T.);
#1628=ORIENTED_EDGE('',*,*,#2105,.T.);
#1629=ORIENTED_EDGE('',*,*,#2658,.F.);
#1630=ORIENTED_EDGE('',*,*,#2659,.T.);
#1631=ORIENTED_EDGE('',*,*,#2658,.T.);
#1632=ORIENTED_EDGE('',*,*,#2104,.T.);
#1633=ORIENTED_EDGE('',*,*,#2660,.F.);
#1634=ORIENTED_EDGE('',*,*,#2661,.T.);
#1635=ORIENTED_EDGE('',*,*,#2660,.T.);
#1636=ORIENTED_EDGE('',*,*,#2103,.T.);
#1637=ORIENTED_EDGE('',*,*,#2662,.F.);
#1638=ORIENTED_EDGE('',*,*,#2662,.T.);
#1639=ORIENTED_EDGE('',*,*,#2102,.F.);
#1640=ORIENTED_EDGE('',*,*,#2663,.F.);
#1641=ORIENTED_EDGE('',*,*,#2664,.F.);
#1642=ORIENTED_EDGE('',*,*,#2665,.T.);
#1643=ORIENTED_EDGE('',*,*,#2663,.T.);
#1644=ORIENTED_EDGE('',*,*,#2101,.T.);
#1645=ORIENTED_EDGE('',*,*,#2650,.F.);
#1646=ORIENTED_EDGE('',*,*,#2666,.T.);
#1647=ORIENTED_EDGE('',*,*,#2667,.F.);
#1648=ORIENTED_EDGE('',*,*,#2668,.F.);
#1649=ORIENTED_EDGE('',*,*,#2669,.F.);
#1650=ORIENTED_EDGE('',*,*,#2670,.F.);
#1651=ORIENTED_EDGE('',*,*,#2671,.F.);
#1652=ORIENTED_EDGE('',*,*,#2672,.T.);
#1653=ORIENTED_EDGE('',*,*,#2673,.F.);
#1654=ORIENTED_EDGE('',*,*,#2652,.T.);
#1655=ORIENTED_EDGE('',*,*,#2653,.F.);
#1656=ORIENTED_EDGE('',*,*,#2655,.F.);
#1657=ORIENTED_EDGE('',*,*,#2657,.F.);
#1658=ORIENTED_EDGE('',*,*,#2659,.F.);
#1659=ORIENTED_EDGE('',*,*,#2661,.F.);
#1660=ORIENTED_EDGE('',*,*,#2664,.T.);
#1661=ORIENTED_EDGE('',*,*,#2665,.F.);
#1662=ORIENTED_EDGE('',*,*,#2674,.F.);
#1663=ORIENTED_EDGE('',*,*,#2675,.T.);
#1664=ORIENTED_EDGE('',*,*,#2676,.T.);
#1665=ORIENTED_EDGE('',*,*,#2666,.F.);
#1666=ORIENTED_EDGE('',*,*,#2677,.F.);
#1667=ORIENTED_EDGE('',*,*,#2678,.T.);
#1668=ORIENTED_EDGE('',*,*,#2674,.T.);
#1669=ORIENTED_EDGE('',*,*,#2673,.T.);
#1670=ORIENTED_EDGE('',*,*,#2679,.F.);
#1671=ORIENTED_EDGE('',*,*,#2680,.T.);
#1672=ORIENTED_EDGE('',*,*,#2677,.T.);
#1673=ORIENTED_EDGE('',*,*,#2672,.F.);
#1674=ORIENTED_EDGE('',*,*,#2681,.F.);
#1675=ORIENTED_EDGE('',*,*,#2682,.T.);
#1676=ORIENTED_EDGE('',*,*,#2679,.T.);
#1677=ORIENTED_EDGE('',*,*,#2671,.T.);
#1678=ORIENTED_EDGE('',*,*,#2683,.F.);
#1679=ORIENTED_EDGE('',*,*,#2684,.T.);
#1680=ORIENTED_EDGE('',*,*,#2681,.T.);
#1681=ORIENTED_EDGE('',*,*,#2670,.T.);
#1682=ORIENTED_EDGE('',*,*,#2685,.F.);
#1683=ORIENTED_EDGE('',*,*,#2686,.T.);
#1684=ORIENTED_EDGE('',*,*,#2683,.T.);
#1685=ORIENTED_EDGE('',*,*,#2669,.T.);
#1686=ORIENTED_EDGE('',*,*,#2687,.F.);
#1687=ORIENTED_EDGE('',*,*,#2688,.T.);
#1688=ORIENTED_EDGE('',*,*,#2685,.T.);
#1689=ORIENTED_EDGE('',*,*,#2668,.T.);
#1690=ORIENTED_EDGE('',*,*,#2676,.F.);
#1691=ORIENTED_EDGE('',*,*,#2689,.T.);
#1692=ORIENTED_EDGE('',*,*,#2687,.T.);
#1693=ORIENTED_EDGE('',*,*,#2667,.T.);
#1694=ORIENTED_EDGE('',*,*,#2690,.F.);
#1695=ORIENTED_EDGE('',*,*,#2121,.F.);
#1696=ORIENTED_EDGE('',*,*,#2691,.F.);
#1697=ORIENTED_EDGE('',*,*,#2438,.F.);
#1698=ORIENTED_EDGE('',*,*,#2691,.T.);
#1699=ORIENTED_EDGE('',*,*,#2120,.F.);
#1700=ORIENTED_EDGE('',*,*,#2692,.F.);
#1701=ORIENTED_EDGE('',*,*,#2435,.F.);
#1702=ORIENTED_EDGE('',*,*,#2690,.T.);
#1703=ORIENTED_EDGE('',*,*,#2440,.F.);
#1704=ORIENTED_EDGE('',*,*,#2693,.F.);
#1705=ORIENTED_EDGE('',*,*,#2122,.F.);
#1706=ORIENTED_EDGE('',*,*,#2692,.T.);
#1707=ORIENTED_EDGE('',*,*,#2119,.F.);
#1708=ORIENTED_EDGE('',*,*,#2694,.F.);
#1709=ORIENTED_EDGE('',*,*,#2449,.F.);
#1710=ORIENTED_EDGE('',*,*,#2693,.T.);
#1711=ORIENTED_EDGE('',*,*,#2442,.F.);
#1712=ORIENTED_EDGE('',*,*,#2695,.F.);
#1713=ORIENTED_EDGE('',*,*,#2123,.F.);
#1714=ORIENTED_EDGE('',*,*,#2694,.T.);
#1715=ORIENTED_EDGE('',*,*,#2118,.F.);
#1716=ORIENTED_EDGE('',*,*,#2696,.F.);
#1717=ORIENTED_EDGE('',*,*,#2448,.F.);
#1718=ORIENTED_EDGE('',*,*,#2695,.T.);
#1719=ORIENTED_EDGE('',*,*,#2444,.F.);
#1720=ORIENTED_EDGE('',*,*,#2697,.F.);
#1721=ORIENTED_EDGE('',*,*,#2116,.F.);
#1722=ORIENTED_EDGE('',*,*,#2696,.T.);
#1723=ORIENTED_EDGE('',*,*,#2117,.F.);
#1724=ORIENTED_EDGE('',*,*,#2697,.T.);
#1725=ORIENTED_EDGE('',*,*,#2446,.F.);
#1726=ORIENTED_EDGE('',*,*,#2698,.F.);
#1727=ORIENTED_EDGE('',*,*,#2129,.F.);
#1728=ORIENTED_EDGE('',*,*,#2699,.F.);
#1729=ORIENTED_EDGE('',*,*,#2478,.F.);
#1730=ORIENTED_EDGE('',*,*,#2699,.T.);
#1731=ORIENTED_EDGE('',*,*,#2128,.F.);
#1732=ORIENTED_EDGE('',*,*,#2700,.F.);
#1733=ORIENTED_EDGE('',*,*,#2475,.F.);
#1734=ORIENTED_EDGE('',*,*,#2698,.T.);
#1735=ORIENTED_EDGE('',*,*,#2480,.F.);
#1736=ORIENTED_EDGE('',*,*,#2701,.F.);
#1737=ORIENTED_EDGE('',*,*,#2130,.F.);
#1738=ORIENTED_EDGE('',*,*,#2700,.T.);
#1739=ORIENTED_EDGE('',*,*,#2127,.F.);
#1740=ORIENTED_EDGE('',*,*,#2702,.F.);
#1741=ORIENTED_EDGE('',*,*,#2489,.F.);
#1742=ORIENTED_EDGE('',*,*,#2701,.T.);
#1743=ORIENTED_EDGE('',*,*,#2482,.F.);
#1744=ORIENTED_EDGE('',*,*,#2703,.F.);
#1745=ORIENTED_EDGE('',*,*,#2131,.F.);
#1746=ORIENTED_EDGE('',*,*,#2702,.T.);
#1747=ORIENTED_EDGE('',*,*,#2126,.F.);
#1748=ORIENTED_EDGE('',*,*,#2704,.F.);
#1749=ORIENTED_EDGE('',*,*,#2488,.F.);
#1750=ORIENTED_EDGE('',*,*,#2703,.T.);
#1751=ORIENTED_EDGE('',*,*,#2484,.F.);
#1752=ORIENTED_EDGE('',*,*,#2705,.F.);
#1753=ORIENTED_EDGE('',*,*,#2124,.F.);
#1754=ORIENTED_EDGE('',*,*,#2704,.T.);
#1755=ORIENTED_EDGE('',*,*,#2125,.F.);
#1756=ORIENTED_EDGE('',*,*,#2705,.T.);
#1757=ORIENTED_EDGE('',*,*,#2486,.F.);
#1758=ORIENTED_EDGE('',*,*,#2706,.F.);
#1759=ORIENTED_EDGE('',*,*,#2137,.F.);
#1760=ORIENTED_EDGE('',*,*,#2707,.F.);
#1761=ORIENTED_EDGE('',*,*,#2518,.F.);
#1762=ORIENTED_EDGE('',*,*,#2707,.T.);
#1763=ORIENTED_EDGE('',*,*,#2136,.F.);
#1764=ORIENTED_EDGE('',*,*,#2708,.F.);
#1765=ORIENTED_EDGE('',*,*,#2515,.F.);
#1766=ORIENTED_EDGE('',*,*,#2706,.T.);
#1767=ORIENTED_EDGE('',*,*,#2520,.F.);
#1768=ORIENTED_EDGE('',*,*,#2709,.F.);
#1769=ORIENTED_EDGE('',*,*,#2138,.F.);
#1770=ORIENTED_EDGE('',*,*,#2708,.T.);
#1771=ORIENTED_EDGE('',*,*,#2135,.F.);
#1772=ORIENTED_EDGE('',*,*,#2710,.F.);
#1773=ORIENTED_EDGE('',*,*,#2529,.F.);
#1774=ORIENTED_EDGE('',*,*,#2709,.T.);
#1775=ORIENTED_EDGE('',*,*,#2522,.F.);
#1776=ORIENTED_EDGE('',*,*,#2711,.F.);
#1777=ORIENTED_EDGE('',*,*,#2139,.F.);
#1778=ORIENTED_EDGE('',*,*,#2710,.T.);
#1779=ORIENTED_EDGE('',*,*,#2134,.F.);
#1780=ORIENTED_EDGE('',*,*,#2712,.F.);
#1781=ORIENTED_EDGE('',*,*,#2528,.F.);
#1782=ORIENTED_EDGE('',*,*,#2711,.T.);
#1783=ORIENTED_EDGE('',*,*,#2524,.F.);
#1784=ORIENTED_EDGE('',*,*,#2713,.F.);
#1785=ORIENTED_EDGE('',*,*,#2132,.F.);
#1786=ORIENTED_EDGE('',*,*,#2712,.T.);
#1787=ORIENTED_EDGE('',*,*,#2133,.F.);
#1788=ORIENTED_EDGE('',*,*,#2713,.T.);
#1789=ORIENTED_EDGE('',*,*,#2526,.F.);
#1790=ORIENTED_EDGE('',*,*,#2714,.F.);
#1791=ORIENTED_EDGE('',*,*,#2145,.F.);
#1792=ORIENTED_EDGE('',*,*,#2715,.F.);
#1793=ORIENTED_EDGE('',*,*,#2678,.F.);
#1794=ORIENTED_EDGE('',*,*,#2715,.T.);
#1795=ORIENTED_EDGE('',*,*,#2144,.F.);
#1796=ORIENTED_EDGE('',*,*,#2716,.F.);
#1797=ORIENTED_EDGE('',*,*,#2675,.F.);
#1798=ORIENTED_EDGE('',*,*,#2714,.T.);
#1799=ORIENTED_EDGE('',*,*,#2680,.F.);
#1800=ORIENTED_EDGE('',*,*,#2717,.F.);
#1801=ORIENTED_EDGE('',*,*,#2146,.F.);
#1802=ORIENTED_EDGE('',*,*,#2716,.T.);
#1803=ORIENTED_EDGE('',*,*,#2143,.F.);
#1804=ORIENTED_EDGE('',*,*,#2718,.F.);
#1805=ORIENTED_EDGE('',*,*,#2689,.F.);
#1806=ORIENTED_EDGE('',*,*,#2717,.T.);
#1807=ORIENTED_EDGE('',*,*,#2682,.F.);
#1808=ORIENTED_EDGE('',*,*,#2719,.F.);
#1809=ORIENTED_EDGE('',*,*,#2147,.F.);
#1810=ORIENTED_EDGE('',*,*,#2718,.T.);
#1811=ORIENTED_EDGE('',*,*,#2142,.F.);
#1812=ORIENTED_EDGE('',*,*,#2720,.F.);
#1813=ORIENTED_EDGE('',*,*,#2688,.F.);
#1814=ORIENTED_EDGE('',*,*,#2719,.T.);
#1815=ORIENTED_EDGE('',*,*,#2684,.F.);
#1816=ORIENTED_EDGE('',*,*,#2721,.F.);
#1817=ORIENTED_EDGE('',*,*,#2140,.F.);
#1818=ORIENTED_EDGE('',*,*,#2720,.T.);
#1819=ORIENTED_EDGE('',*,*,#2141,.F.);
#1820=ORIENTED_EDGE('',*,*,#2721,.T.);
#1821=ORIENTED_EDGE('',*,*,#2686,.F.);
#1822=ORIENTED_EDGE('',*,*,#2722,.F.);
#1823=ORIENTED_EDGE('',*,*,#2153,.F.);
#1824=ORIENTED_EDGE('',*,*,#2723,.F.);
#1825=ORIENTED_EDGE('',*,*,#2638,.F.);
#1826=ORIENTED_EDGE('',*,*,#2723,.T.);
#1827=ORIENTED_EDGE('',*,*,#2152,.F.);
#1828=ORIENTED_EDGE('',*,*,#2724,.F.);
#1829=ORIENTED_EDGE('',*,*,#2635,.F.);
#1830=ORIENTED_EDGE('',*,*,#2722,.T.);
#1831=ORIENTED_EDGE('',*,*,#2640,.F.);
#1832=ORIENTED_EDGE('',*,*,#2725,.F.);
#1833=ORIENTED_EDGE('',*,*,#2154,.F.);
#1834=ORIENTED_EDGE('',*,*,#2724,.T.);
#1835=ORIENTED_EDGE('',*,*,#2151,.F.);
#1836=ORIENTED_EDGE('',*,*,#2726,.F.);
#1837=ORIENTED_EDGE('',*,*,#2649,.F.);
#1838=ORIENTED_EDGE('',*,*,#2725,.T.);
#1839=ORIENTED_EDGE('',*,*,#2642,.F.);
#1840=ORIENTED_EDGE('',*,*,#2727,.F.);
#1841=ORIENTED_EDGE('',*,*,#2155,.F.);
#1842=ORIENTED_EDGE('',*,*,#2726,.T.);
#1843=ORIENTED_EDGE('',*,*,#2150,.F.);
#1844=ORIENTED_EDGE('',*,*,#2728,.F.);
#1845=ORIENTED_EDGE('',*,*,#2648,.F.);
#1846=ORIENTED_EDGE('',*,*,#2727,.T.);
#1847=ORIENTED_EDGE('',*,*,#2644,.F.);
#1848=ORIENTED_EDGE('',*,*,#2729,.F.);
#1849=ORIENTED_EDGE('',*,*,#2148,.F.);
#1850=ORIENTED_EDGE('',*,*,#2728,.T.);
#1851=ORIENTED_EDGE('',*,*,#2149,.F.);
#1852=ORIENTED_EDGE('',*,*,#2729,.T.);
#1853=ORIENTED_EDGE('',*,*,#2646,.F.);
#1854=ORIENTED_EDGE('',*,*,#2730,.F.);
#1855=ORIENTED_EDGE('',*,*,#2161,.F.);
#1856=ORIENTED_EDGE('',*,*,#2731,.F.);
#1857=ORIENTED_EDGE('',*,*,#2598,.F.);
#1858=ORIENTED_EDGE('',*,*,#2731,.T.);
#1859=ORIENTED_EDGE('',*,*,#2160,.F.);
#1860=ORIENTED_EDGE('',*,*,#2732,.F.);
#1861=ORIENTED_EDGE('',*,*,#2595,.F.);
#1862=ORIENTED_EDGE('',*,*,#2730,.T.);
#1863=ORIENTED_EDGE('',*,*,#2600,.F.);
#1864=ORIENTED_EDGE('',*,*,#2733,.F.);
#1865=ORIENTED_EDGE('',*,*,#2162,.F.);
#1866=ORIENTED_EDGE('',*,*,#2732,.T.);
#1867=ORIENTED_EDGE('',*,*,#2159,.F.);
#1868=ORIENTED_EDGE('',*,*,#2734,.F.);
#1869=ORIENTED_EDGE('',*,*,#2609,.F.);
#1870=ORIENTED_EDGE('',*,*,#2733,.T.);
#1871=ORIENTED_EDGE('',*,*,#2602,.F.);
#1872=ORIENTED_EDGE('',*,*,#2735,.F.);
#1873=ORIENTED_EDGE('',*,*,#2163,.F.);
#1874=ORIENTED_EDGE('',*,*,#2734,.T.);
#1875=ORIENTED_EDGE('',*,*,#2158,.F.);
#1876=ORIENTED_EDGE('',*,*,#2736,.F.);
#1877=ORIENTED_EDGE('',*,*,#2608,.F.);
#1878=ORIENTED_EDGE('',*,*,#2735,.T.);
#1879=ORIENTED_EDGE('',*,*,#2604,.F.);
#1880=ORIENTED_EDGE('',*,*,#2737,.F.);
#1881=ORIENTED_EDGE('',*,*,#2156,.F.);
#1882=ORIENTED_EDGE('',*,*,#2736,.T.);
#1883=ORIENTED_EDGE('',*,*,#2157,.F.);
#1884=ORIENTED_EDGE('',*,*,#2737,.T.);
#1885=ORIENTED_EDGE('',*,*,#2606,.F.);
#1886=ORIENTED_EDGE('',*,*,#2738,.F.);
#1887=ORIENTED_EDGE('',*,*,#2169,.F.);
#1888=ORIENTED_EDGE('',*,*,#2739,.F.);
#1889=ORIENTED_EDGE('',*,*,#2558,.F.);
#1890=ORIENTED_EDGE('',*,*,#2739,.T.);
#1891=ORIENTED_EDGE('',*,*,#2168,.F.);
#1892=ORIENTED_EDGE('',*,*,#2740,.F.);
#1893=ORIENTED_EDGE('',*,*,#2555,.F.);
#1894=ORIENTED_EDGE('',*,*,#2738,.T.);
#1895=ORIENTED_EDGE('',*,*,#2560,.F.);
#1896=ORIENTED_EDGE('',*,*,#2741,.F.);
#1897=ORIENTED_EDGE('',*,*,#2170,.F.);
#1898=ORIENTED_EDGE('',*,*,#2740,.T.);
#1899=ORIENTED_EDGE('',*,*,#2167,.F.);
#1900=ORIENTED_EDGE('',*,*,#2742,.F.);
#1901=ORIENTED_EDGE('',*,*,#2569,.F.);
#1902=ORIENTED_EDGE('',*,*,#2741,.T.);
#1903=ORIENTED_EDGE('',*,*,#2562,.F.);
#1904=ORIENTED_EDGE('',*,*,#2743,.F.);
#1905=ORIENTED_EDGE('',*,*,#2171,.F.);
#1906=ORIENTED_EDGE('',*,*,#2742,.T.);
#1907=ORIENTED_EDGE('',*,*,#2166,.F.);
#1908=ORIENTED_EDGE('',*,*,#2744,.F.);
#1909=ORIENTED_EDGE('',*,*,#2568,.F.);
#1910=ORIENTED_EDGE('',*,*,#2743,.T.);
#1911=ORIENTED_EDGE('',*,*,#2564,.F.);
#1912=ORIENTED_EDGE('',*,*,#2745,.F.);
#1913=ORIENTED_EDGE('',*,*,#2164,.F.);
#1914=ORIENTED_EDGE('',*,*,#2744,.T.);
#1915=ORIENTED_EDGE('',*,*,#2165,.F.);
#1916=ORIENTED_EDGE('',*,*,#2745,.T.);
#1917=ORIENTED_EDGE('',*,*,#2566,.F.);
#1918=ORIENTED_EDGE('',*,*,#2746,.F.);
#1919=ORIENTED_EDGE('',*,*,#2177,.F.);
#1920=ORIENTED_EDGE('',*,*,#2747,.F.);
#1921=ORIENTED_EDGE('',*,*,#2398,.F.);
#1922=ORIENTED_EDGE('',*,*,#2747,.T.);
#1923=ORIENTED_EDGE('',*,*,#2176,.F.);
#1924=ORIENTED_EDGE('',*,*,#2748,.F.);
#1925=ORIENTED_EDGE('',*,*,#2395,.F.);
#1926=ORIENTED_EDGE('',*,*,#2746,.T.);
#1927=ORIENTED_EDGE('',*,*,#2400,.F.);
#1928=ORIENTED_EDGE('',*,*,#2749,.F.);
#1929=ORIENTED_EDGE('',*,*,#2178,.F.);
#1930=ORIENTED_EDGE('',*,*,#2748,.T.);
#1931=ORIENTED_EDGE('',*,*,#2175,.F.);
#1932=ORIENTED_EDGE('',*,*,#2750,.F.);
#1933=ORIENTED_EDGE('',*,*,#2409,.F.);
#1934=ORIENTED_EDGE('',*,*,#2749,.T.);
#1935=ORIENTED_EDGE('',*,*,#2402,.F.);
#1936=ORIENTED_EDGE('',*,*,#2751,.F.);
#1937=ORIENTED_EDGE('',*,*,#2179,.F.);
#1938=ORIENTED_EDGE('',*,*,#2750,.T.);
#1939=ORIENTED_EDGE('',*,*,#2174,.F.);
#1940=ORIENTED_EDGE('',*,*,#2752,.F.);
#1941=ORIENTED_EDGE('',*,*,#2408,.F.);
#1942=ORIENTED_EDGE('',*,*,#2751,.T.);
#1943=ORIENTED_EDGE('',*,*,#2404,.F.);
#1944=ORIENTED_EDGE('',*,*,#2753,.F.);
#1945=ORIENTED_EDGE('',*,*,#2172,.F.);
#1946=ORIENTED_EDGE('',*,*,#2752,.T.);
#1947=ORIENTED_EDGE('',*,*,#2173,.F.);
#1948=ORIENTED_EDGE('',*,*,#2753,.T.);
#1949=ORIENTED_EDGE('',*,*,#2406,.F.);
#1950=ORIENTED_EDGE('',*,*,#2754,.F.);
#1951=ORIENTED_EDGE('',*,*,#2205,.F.);
#1952=ORIENTED_EDGE('',*,*,#2755,.F.);
#1953=ORIENTED_EDGE('',*,*,#2113,.F.);
#1954=ORIENTED_EDGE('',*,*,#2755,.T.);
#1955=ORIENTED_EDGE('',*,*,#2207,.F.);
#1956=ORIENTED_EDGE('',*,*,#2756,.F.);
#1957=ORIENTED_EDGE('',*,*,#2114,.F.);
#1958=ORIENTED_EDGE('',*,*,#2754,.T.);
#1959=ORIENTED_EDGE('',*,*,#2112,.F.);
#1960=ORIENTED_EDGE('',*,*,#2757,.F.);
#1961=ORIENTED_EDGE('',*,*,#2195,.F.);
#1962=ORIENTED_EDGE('',*,*,#2756,.T.);
#1963=ORIENTED_EDGE('',*,*,#2209,.F.);
#1964=ORIENTED_EDGE('',*,*,#2758,.F.);
#1965=ORIENTED_EDGE('',*,*,#2115,.F.);
#1966=ORIENTED_EDGE('',*,*,#2757,.T.);
#1967=ORIENTED_EDGE('',*,*,#2111,.F.);
#1968=ORIENTED_EDGE('',*,*,#2759,.F.);
#1969=ORIENTED_EDGE('',*,*,#2216,.F.);
#1970=ORIENTED_EDGE('',*,*,#2758,.T.);
#1971=ORIENTED_EDGE('',*,*,#2211,.F.);
#1972=ORIENTED_EDGE('',*,*,#2760,.F.);
#1973=ORIENTED_EDGE('',*,*,#2108,.F.);
#1974=ORIENTED_EDGE('',*,*,#2759,.T.);
#1975=ORIENTED_EDGE('',*,*,#2110,.F.);
#1976=ORIENTED_EDGE('',*,*,#2761,.F.);
#1977=ORIENTED_EDGE('',*,*,#2215,.F.);
#1978=ORIENTED_EDGE('',*,*,#2760,.T.);
#1979=ORIENTED_EDGE('',*,*,#2213,.F.);
#1980=ORIENTED_EDGE('',*,*,#2761,.T.);
#1981=ORIENTED_EDGE('',*,*,#2109,.F.);
#1982=EDGE_CURVE('',#2762,#2763,#3248,.T.);
#1983=EDGE_CURVE('',#2764,#2763,#170,.T.);
#1984=EDGE_CURVE('',#2764,#2765,#3249,.T.);
#1985=EDGE_CURVE('',#2766,#2765,#171,.T.);
#1986=EDGE_CURVE('',#2767,#2766,#3250,.T.);
#1987=EDGE_CURVE('',#2768,#2767,#172,.T.);
#1988=EDGE_CURVE('',#2769,#2768,#3251,.T.);
#1989=EDGE_CURVE('',#2762,#2769,#173,.T.);
#1990=EDGE_CURVE('',#2770,#2771,#3252,.T.);
#1991=EDGE_CURVE('',#2772,#2771,#174,.T.);
#1992=EDGE_CURVE('',#2772,#2773,#3253,.T.);
#1993=EDGE_CURVE('',#2774,#2773,#175,.T.);
#1994=EDGE_CURVE('',#2775,#2774,#3254,.T.);
#1995=EDGE_CURVE('',#2776,#2775,#176,.T.);
#1996=EDGE_CURVE('',#2777,#2776,#3255,.T.);
#1997=EDGE_CURVE('',#2770,#2777,#177,.T.);
#1998=EDGE_CURVE('',#2778,#2779,#3256,.T.);
#1999=EDGE_CURVE('',#2780,#2779,#178,.T.);
#2000=EDGE_CURVE('',#2780,#2781,#3257,.T.);
#2001=EDGE_CURVE('',#2782,#2781,#179,.T.);
#2002=EDGE_CURVE('',#2783,#2782,#3258,.T.);
#2003=EDGE_CURVE('',#2784,#2783,#180,.T.);
#2004=EDGE_CURVE('',#2785,#2784,#3259,.T.);
#2005=EDGE_CURVE('',#2778,#2785,#181,.T.);
#2006=EDGE_CURVE('',#2786,#2787,#3260,.T.);
#2007=EDGE_CURVE('',#2788,#2787,#182,.T.);
#2008=EDGE_CURVE('',#2788,#2789,#3261,.T.);
#2009=EDGE_CURVE('',#2790,#2789,#183,.T.);
#2010=EDGE_CURVE('',#2791,#2790,#3262,.T.);
#2011=EDGE_CURVE('',#2792,#2791,#184,.T.);
#2012=EDGE_CURVE('',#2793,#2792,#3263,.T.);
#2013=EDGE_CURVE('',#2786,#2793,#185,.T.);
#2014=EDGE_CURVE('',#2794,#2795,#186,.T.);
#2015=EDGE_CURVE('',#2796,#2794,#3264,.T.);
#2016=EDGE_CURVE('',#2797,#2796,#187,.T.);
#2017=EDGE_CURVE('',#2797,#2798,#3265,.T.);
#2018=EDGE_CURVE('',#2799,#2798,#188,.T.);
#2019=EDGE_CURVE('',#2799,#2800,#3266,.T.);
#2020=EDGE_CURVE('',#2801,#2800,#189,.T.);
#2021=EDGE_CURVE('',#2795,#2801,#3267,.T.);
#2022=EDGE_CURVE('',#2802,#2803,#190,.T.);
#2023=EDGE_CURVE('',#2804,#2802,#3268,.T.);
#2024=EDGE_CURVE('',#2805,#2804,#191,.T.);
#2025=EDGE_CURVE('',#2805,#2806,#3269,.T.);
#2026=EDGE_CURVE('',#2807,#2806,#192,.T.);
#2027=EDGE_CURVE('',#2807,#2808,#3270,.T.);
#2028=EDGE_CURVE('',#2809,#2808,#193,.T.);
#2029=EDGE_CURVE('',#2803,#2809,#3271,.T.);
#2030=EDGE_CURVE('',#2810,#2811,#3272,.T.);
#2031=EDGE_CURVE('',#2811,#2812,#3273,.T.);
#2032=EDGE_CURVE('',#2813,#2812,#3274,.T.);
#2033=EDGE_CURVE('',#2810,#2813,#3275,.T.);
#2034=EDGE_CURVE('',#2814,#2814,#194,.F.);
#2035=EDGE_CURVE('',#2815,#2815,#195,.F.);
#2036=EDGE_CURVE('',#2816,#2816,#196,.F.);
#2037=EDGE_CURVE('',#2817,#2817,#197,.F.);
#2038=EDGE_CURVE('',#2818,#2818,#198,.F.);
#2039=EDGE_CURVE('',#2819,#2819,#199,.F.);
#2040=EDGE_CURVE('',#2820,#2821,#3276,.T.);
#2041=EDGE_CURVE('',#2820,#2822,#3277,.T.);
#2042=EDGE_CURVE('',#2823,#2822,#3278,.T.);
#2043=EDGE_CURVE('',#2823,#2824,#3279,.T.);
#2044=EDGE_CURVE('',#2825,#2824,#3280,.T.);
#2045=EDGE_CURVE('',#2826,#2825,#200,.T.);
#2046=EDGE_CURVE('',#2827,#2826,#3281,.T.);
#2047=EDGE_CURVE('',#2828,#2827,#201,.T.);
#2048=EDGE_CURVE('',#2828,#2829,#3282,.T.);
#2049=EDGE_CURVE('',#2830,#2829,#202,.T.);
#2050=EDGE_CURVE('',#2830,#2831,#3283,.T.);
#2051=EDGE_CURVE('',#2832,#2831,#203,.T.);
#2052=EDGE_CURVE('',#2833,#2832,#3284,.T.);
#2053=EDGE_CURVE('',#2834,#2833,#3285,.T.);
#2054=EDGE_CURVE('',#2835,#2834,#3286,.T.);
#2055=EDGE_CURVE('',#2821,#2835,#3287,.T.);
#2056=EDGE_CURVE('',#2836,#2837,#3288,.T.);
#2057=EDGE_CURVE('',#2837,#2838,#3289,.T.);
#2058=EDGE_CURVE('',#2839,#2838,#3290,.T.);
#2059=EDGE_CURVE('',#2836,#2839,#3291,.T.);
#2060=EDGE_CURVE('',#2840,#2841,#204,.T.);
#2061=EDGE_CURVE('',#2842,#2840,#3292,.T.);
#2062=EDGE_CURVE('',#2843,#2842,#205,.T.);
#2063=EDGE_CURVE('',#2843,#2844,#3293,.T.);
#2064=EDGE_CURVE('',#2845,#2844,#206,.T.);
#2065=EDGE_CURVE('',#2845,#2846,#3294,.T.);
#2066=EDGE_CURVE('',#2847,#2846,#207,.T.);
#2067=EDGE_CURVE('',#2841,#2847,#3295,.T.);
#2068=EDGE_CURVE('',#2848,#2849,#208,.T.);
#2069=EDGE_CURVE('',#2850,#2848,#3296,.T.);
#2070=EDGE_CURVE('',#2851,#2850,#3297,.T.);
#2071=EDGE_CURVE('',#2852,#2851,#3298,.T.);
#2072=EDGE_CURVE('',#2852,#2853,#3299,.T.);
#2073=EDGE_CURVE('',#2853,#2854,#3300,.T.);
#2074=EDGE_CURVE('',#2855,#2854,#209,.T.);
#2075=EDGE_CURVE('',#2855,#2849,#3301,.T.);
#2076=EDGE_CURVE('',#2856,#2857,#3302,.T.);
#2077=EDGE_CURVE('',#2858,#2857,#210,.T.);
#2078=EDGE_CURVE('',#2858,#2859,#3303,.T.);
#2079=EDGE_CURVE('',#2860,#2859,#211,.T.);
#2080=EDGE_CURVE('',#2861,#2860,#3304,.T.);
#2081=EDGE_CURVE('',#2862,#2861,#212,.T.);
#2082=EDGE_CURVE('',#2863,#2862,#3305,.T.);
#2083=EDGE_CURVE('',#2856,#2863,#213,.T.);
#2084=EDGE_CURVE('',#2864,#2865,#3306,.T.);
#2085=EDGE_CURVE('',#2866,#2865,#214,.T.);
#2086=EDGE_CURVE('',#2866,#2867,#3307,.T.);
#2087=EDGE_CURVE('',#2868,#2867,#215,.T.);
#2088=EDGE_CURVE('',#2869,#2868,#3308,.T.);
#2089=EDGE_CURVE('',#2870,#2869,#216,.T.);
#2090=EDGE_CURVE('',#2871,#2870,#3309,.T.);
#2091=EDGE_CURVE('',#2864,#2871,#217,.T.);
#2092=EDGE_CURVE('',#2872,#2873,#3310,.T.);
#2093=EDGE_CURVE('',#2874,#2873,#218,.T.);
#2094=EDGE_CURVE('',#2874,#2875,#3311,.T.);
#2095=EDGE_CURVE('',#2876,#2875,#219,.T.);
#2096=EDGE_CURVE('',#2877,#2876,#3312,.T.);
#2097=EDGE_CURVE('',#2878,#2877,#220,.T.);
#2098=EDGE_CURVE('',#2879,#2878,#3313,.T.);
#2099=EDGE_CURVE('',#2872,#2879,#221,.T.);
#2100=EDGE_CURVE('',#2880,#2881,#3314,.T.);
#2101=EDGE_CURVE('',#2882,#2881,#222,.T.);
#2102=EDGE_CURVE('',#2882,#2883,#3315,.T.);
#2103=EDGE_CURVE('',#2884,#2883,#223,.T.);
#2104=EDGE_CURVE('',#2885,#2884,#3316,.T.);
#2105=EDGE_CURVE('',#2886,#2885,#224,.T.);
#2106=EDGE_CURVE('',#2887,#2886,#3317,.T.);
#2107=EDGE_CURVE('',#2880,#2887,#225,.T.);
#2108=EDGE_CURVE('',#2888,#2889,#3318,.T.);
#2109=EDGE_CURVE('',#2889,#2890,#226,.T.);
#2110=EDGE_CURVE('',#2890,#2891,#3319,.T.);
#2111=EDGE_CURVE('',#2891,#2892,#227,.T.);
#2112=EDGE_CURVE('',#2892,#2893,#3320,.T.);
#2113=EDGE_CURVE('',#2893,#2894,#228,.T.);
#2114=EDGE_CURVE('',#2894,#2895,#3321,.T.);
#2115=EDGE_CURVE('',#2895,#2888,#229,.T.);
#2116=EDGE_CURVE('',#2896,#2897,#3322,.T.);
#2117=EDGE_CURVE('',#2897,#2898,#230,.F.);
#2118=EDGE_CURVE('',#2898,#2899,#3323,.T.);
#2119=EDGE_CURVE('',#2899,#2900,#231,.F.);
#2120=EDGE_CURVE('',#2900,#2901,#3324,.T.);
#2121=EDGE_CURVE('',#2901,#2902,#232,.F.);
#2122=EDGE_CURVE('',#2902,#2903,#3325,.T.);
#2123=EDGE_CURVE('',#2903,#2896,#233,.F.);
#2124=EDGE_CURVE('',#2904,#2905,#3326,.T.);
#2125=EDGE_CURVE('',#2905,#2906,#234,.F.);
#2126=EDGE_CURVE('',#2906,#2907,#3327,.T.);
#2127=EDGE_CURVE('',#2907,#2908,#235,.F.);
#2128=EDGE_CURVE('',#2908,#2909,#3328,.T.);
#2129=EDGE_CURVE('',#2909,#2910,#236,.F.);
#2130=EDGE_CURVE('',#2910,#2911,#3329,.T.);
#2131=EDGE_CURVE('',#2911,#2904,#237,.F.);
#2132=EDGE_CURVE('',#2912,#2913,#3330,.T.);
#2133=EDGE_CURVE('',#2913,#2914,#238,.F.);
#2134=EDGE_CURVE('',#2914,#2915,#3331,.T.);
#2135=EDGE_CURVE('',#2915,#2916,#239,.F.);
#2136=EDGE_CURVE('',#2916,#2917,#3332,.T.);
#2137=EDGE_CURVE('',#2917,#2918,#240,.F.);
#2138=EDGE_CURVE('',#2918,#2919,#3333,.T.);
#2139=EDGE_CURVE('',#2919,#2912,#241,.F.);
#2140=EDGE_CURVE('',#2920,#2921,#3334,.T.);
#2141=EDGE_CURVE('',#2921,#2922,#242,.F.);
#2142=EDGE_CURVE('',#2922,#2923,#3335,.T.);
#2143=EDGE_CURVE('',#2923,#2924,#243,.F.);
#2144=EDGE_CURVE('',#2924,#2925,#3336,.T.);
#2145=EDGE_CURVE('',#2925,#2926,#244,.F.);
#2146=EDGE_CURVE('',#2926,#2927,#3337,.T.);
#2147=EDGE_CURVE('',#2927,#2920,#245,.F.);
#2148=EDGE_CURVE('',#2928,#2929,#3338,.T.);
#2149=EDGE_CURVE('',#2929,#2930,#246,.F.);
#2150=EDGE_CURVE('',#2930,#2931,#3339,.T.);
#2151=EDGE_CURVE('',#2931,#2932,#247,.F.);
#2152=EDGE_CURVE('',#2932,#2933,#3340,.T.);
#2153=EDGE_CURVE('',#2933,#2934,#248,.F.);
#2154=EDGE_CURVE('',#2934,#2935,#3341,.T.);
#2155=EDGE_CURVE('',#2935,#2928,#249,.F.);
#2156=EDGE_CURVE('',#2936,#2937,#3342,.T.);
#2157=EDGE_CURVE('',#2937,#2938,#250,.F.);
#2158=EDGE_CURVE('',#2938,#2939,#3343,.T.);
#2159=EDGE_CURVE('',#2939,#2940,#251,.F.);
#2160=EDGE_CURVE('',#2940,#2941,#3344,.T.);
#2161=EDGE_CURVE('',#2941,#2942,#252,.F.);
#2162=EDGE_CURVE('',#2942,#2943,#3345,.T.);
#2163=EDGE_CURVE('',#2943,#2936,#253,.F.);
#2164=EDGE_CURVE('',#2944,#2945,#3346,.T.);
#2165=EDGE_CURVE('',#2945,#2946,#254,.F.);
#2166=EDGE_CURVE('',#2946,#2947,#3347,.T.);
#2167=EDGE_CURVE('',#2947,#2948,#255,.F.);
#2168=EDGE_CURVE('',#2948,#2949,#3348,.T.);
#2169=EDGE_CURVE('',#2949,#2950,#256,.F.);
#2170=EDGE_CURVE('',#2950,#2951,#3349,.T.);
#2171=EDGE_CURVE('',#2951,#2944,#257,.F.);
#2172=EDGE_CURVE('',#2952,#2953,#3350,.T.);
#2173=EDGE_CURVE('',#2953,#2954,#258,.F.);
#2174=EDGE_CURVE('',#2954,#2955,#3351,.T.);
#2175=EDGE_CURVE('',#2955,#2956,#259,.F.);
#2176=EDGE_CURVE('',#2956,#2957,#3352,.T.);
#2177=EDGE_CURVE('',#2957,#2958,#260,.F.);
#2178=EDGE_CURVE('',#2958,#2959,#3353,.T.);
#2179=EDGE_CURVE('',#2959,#2952,#261,.F.);
#2180=EDGE_CURVE('',#2960,#2961,#262,.T.);
#2181=EDGE_CURVE('',#2960,#2962,#263,.T.);
#2182=EDGE_CURVE('',#2961,#2962,#264,.F.);
#2183=EDGE_CURVE('',#2963,#2960,#3354,.T.);
#2184=EDGE_CURVE('',#2963,#2964,#265,.T.);
#2185=EDGE_CURVE('',#2962,#2964,#3355,.F.);
#2186=EDGE_CURVE('',#2963,#2965,#266,.T.);
#2187=EDGE_CURVE('',#2964,#2965,#267,.F.);
#2188=EDGE_CURVE('',#2966,#2963,#3356,.T.);
#2189=EDGE_CURVE('',#2967,#2966,#268,.F.);
#2190=EDGE_CURVE('',#2965,#2967,#3357,.F.);
#2191=EDGE_CURVE('',#2960,#2968,#3358,.T.);
#2192=EDGE_CURVE('',#2969,#2961,#3359,.F.);
#2193=EDGE_CURVE('',#2968,#2969,#269,.F.);
#2194=EDGE_CURVE('',#2970,#2832,#3360,.T.);
#2195=EDGE_CURVE('',#2970,#2971,#3361,.T.);
#2196=EDGE_CURVE('',#2971,#2825,#3362,.T.);
#2197=EDGE_CURVE('',#2972,#2824,#270,.T.);
#2198=EDGE_CURVE('',#2972,#2973,#3363,.T.);
#2199=EDGE_CURVE('',#2974,#2973,#271,.T.);
#2200=EDGE_CURVE('',#2975,#2974,#3364,.T.);
#2201=EDGE_CURVE('',#2976,#2975,#272,.T.);
#2202=EDGE_CURVE('',#2977,#2976,#3365,.T.);
#2203=EDGE_CURVE('',#2833,#2977,#273,.T.);
#2204=EDGE_CURVE('',#2978,#2831,#3366,.T.);
#2205=EDGE_CURVE('',#2978,#2970,#274,.F.);
#2206=EDGE_CURVE('',#2979,#2830,#3367,.T.);
#2207=EDGE_CURVE('',#2979,#2978,#3368,.T.);
#2208=EDGE_CURVE('',#2980,#2829,#3369,.T.);
#2209=EDGE_CURVE('',#2980,#2979,#275,.F.);
#2210=EDGE_CURVE('',#2981,#2828,#3370,.T.);
#2211=EDGE_CURVE('',#2981,#2980,#3371,.T.);
#2212=EDGE_CURVE('',#2982,#2827,#3372,.T.);
#2213=EDGE_CURVE('',#2982,#2981,#276,.F.);
#2214=EDGE_CURVE('',#2983,#2826,#3373,.T.);
#2215=EDGE_CURVE('',#2983,#2982,#3374,.T.);
#2216=EDGE_CURVE('',#2971,#2983,#277,.F.);
#2217=EDGE_CURVE('',#2984,#2984,#278,.T.);
#2218=EDGE_CURVE('',#2985,#2985,#279,.T.);
#2219=EDGE_CURVE('',#2986,#2986,#280,.T.);
#2220=EDGE_CURVE('',#2987,#2987,#281,.T.);
#2221=EDGE_CURVE('',#2988,#2988,#282,.T.);
#2222=EDGE_CURVE('',#2989,#2989,#283,.T.);
#2223=EDGE_CURVE('',#2990,#2977,#3375,.T.);
#2224=EDGE_CURVE('',#2834,#2990,#284,.T.);
#2225=EDGE_CURVE('',#2991,#2976,#3376,.T.);
#2226=EDGE_CURVE('',#2990,#2991,#3377,.T.);
#2227=EDGE_CURVE('',#2992,#2975,#3378,.T.);
#2228=EDGE_CURVE('',#2991,#2992,#285,.T.);
#2229=EDGE_CURVE('',#2993,#2974,#3379,.T.);
#2230=EDGE_CURVE('',#2992,#2993,#3380,.T.);
#2231=EDGE_CURVE('',#2994,#2973,#3381,.T.);
#2232=EDGE_CURVE('',#2993,#2994,#286,.T.);
#2233=EDGE_CURVE('',#2995,#2972,#3382,.T.);
#2234=EDGE_CURVE('',#2995,#2994,#3383,.T.);
#2235=EDGE_CURVE('',#2995,#2823,#287,.T.);
#2236=EDGE_CURVE('',#2996,#2822,#3384,.T.);
#2237=EDGE_CURVE('',#2997,#2996,#3385,.T.);
#2238=EDGE_CURVE('',#2997,#2998,#3386,.T.);
#2239=EDGE_CURVE('',#2998,#2999,#3387,.T.);
#2240=EDGE_CURVE('',#2999,#2835,#3388,.T.);
#2241=EDGE_CURVE('',#3000,#2821,#3389,.T.);
#2242=EDGE_CURVE('',#3001,#3000,#3390,.T.);
#2243=EDGE_CURVE('',#3002,#3001,#3391,.T.);
#2244=EDGE_CURVE('',#3002,#3003,#3392,.T.);
#2245=EDGE_CURVE('',#3003,#2820,#3393,.T.);
#2246=EDGE_CURVE('',#3003,#2996,#3394,.T.);
#2247=EDGE_CURVE('',#3000,#2999,#3395,.T.);
#2248=EDGE_CURVE('',#3001,#2998,#3396,.T.);
#2249=EDGE_CURVE('',#3002,#2997,#3397,.T.);
#2250=EDGE_CURVE('',#3004,#3005,#3398,.T.);
#2251=EDGE_CURVE('',#3005,#2969,#3399,.T.);
#2252=EDGE_CURVE('',#2961,#2854,#3400,.T.);
#2253=EDGE_CURVE('',#3004,#2853,#3401,.T.);
#2254=EDGE_CURVE('',#3006,#2852,#3402,.T.);
#2255=EDGE_CURVE('',#3006,#3004,#3403,.T.);
#2256=EDGE_CURVE('',#3007,#3007,#288,.T.);
#2257=EDGE_CURVE('',#3008,#2851,#3404,.T.);
#2258=EDGE_CURVE('',#3006,#3008,#3405,.T.);
#2259=EDGE_CURVE('',#3009,#2850,#3406,.T.);
#2260=EDGE_CURVE('',#3008,#3009,#3407,.T.);
#2261=EDGE_CURVE('',#2965,#2848,#3408,.T.);
#2262=EDGE_CURVE('',#2967,#3010,#3409,.T.);
#2263=EDGE_CURVE('',#3009,#3010,#3410,.T.);
#2264=EDGE_CURVE('',#3010,#3005,#3411,.T.);
#2265=EDGE_CURVE('',#3011,#2810,#3412,.T.);
#2266=EDGE_CURVE('',#3011,#3012,#3413,.T.);
#2267=EDGE_CURVE('',#3012,#2811,#3414,.T.);
#2268=EDGE_CURVE('',#3013,#2813,#3415,.T.);
#2269=EDGE_CURVE('',#3011,#3013,#3416,.T.);
#2270=EDGE_CURVE('',#3014,#2812,#3417,.T.);
#2271=EDGE_CURVE('',#3013,#3014,#3418,.T.);
#2272=EDGE_CURVE('',#3012,#3014,#3419,.T.);
#2273=EDGE_CURVE('',#3015,#2836,#3420,.T.);
#2274=EDGE_CURVE('',#3015,#3016,#3421,.T.);
#2275=EDGE_CURVE('',#3016,#2837,#3422,.T.);
#2276=EDGE_CURVE('',#3017,#2839,#3423,.T.);
#2277=EDGE_CURVE('',#3015,#3017,#3424,.T.);
#2278=EDGE_CURVE('',#3018,#2838,#3425,.T.);
#2279=EDGE_CURVE('',#3017,#3018,#3426,.T.);
#2280=EDGE_CURVE('',#3016,#3018,#3427,.T.);
#2281=EDGE_CURVE('',#3019,#3020,#3428,.F.);
#2282=EDGE_CURVE('',#2806,#3019,#3429,.F.);
#2283=EDGE_CURVE('',#3020,#2805,#3430,.T.);
#2284=EDGE_CURVE('',#3021,#2802,#3431,.T.);
#2285=EDGE_CURVE('',#3022,#3021,#3432,.T.);
#2286=EDGE_CURVE('',#2804,#3022,#3433,.F.);
#2287=EDGE_CURVE('',#3023,#2809,#3434,.T.);
#2288=EDGE_CURVE('',#3024,#3023,#3435,.T.);
#2289=EDGE_CURVE('',#2803,#3024,#3436,.F.);
#2290=EDGE_CURVE('',#3025,#2807,#3437,.T.);
#2291=EDGE_CURVE('',#3026,#3025,#3438,.F.);
#2292=EDGE_CURVE('',#2808,#3026,#3439,.F.);
#2293=EDGE_CURVE('',#3027,#3028,#3440,.T.);
#2294=EDGE_CURVE('',#3029,#3027,#3441,.T.);
#2295=EDGE_CURVE('',#3030,#3029,#3442,.F.);
#2296=EDGE_CURVE('',#3028,#3030,#3443,.F.);
#2297=EDGE_CURVE('',#3022,#3020,#289,.T.);
#2298=EDGE_CURVE('',#3021,#3030,#290,.T.);
#2299=EDGE_CURVE('',#3029,#3022,#291,.T.);
#2300=EDGE_CURVE('',#3024,#3021,#292,.T.);
#2301=EDGE_CURVE('',#3029,#3020,#293,.F.);
#2302=EDGE_CURVE('',#3024,#3030,#294,.F.);
#2303=EDGE_CURVE('',#3019,#3025,#295,.T.);
#2304=EDGE_CURVE('',#3027,#3019,#296,.T.);
#2305=EDGE_CURVE('',#3023,#3028,#297,.T.);
#2306=EDGE_CURVE('',#3026,#3023,#298,.T.);
#2307=EDGE_CURVE('',#3027,#3025,#299,.F.);
#2308=EDGE_CURVE('',#3026,#3028,#300,.F.);
#2309=EDGE_CURVE('',#3031,#3032,#3444,.F.);
#2310=EDGE_CURVE('',#2844,#3031,#3445,.F.);
#2311=EDGE_CURVE('',#3032,#2843,#3446,.T.);
#2312=EDGE_CURVE('',#3033,#2840,#3447,.T.);
#2313=EDGE_CURVE('',#3034,#3033,#3448,.T.);
#2314=EDGE_CURVE('',#2842,#3034,#3449,.F.);
#2315=EDGE_CURVE('',#3035,#2847,#3450,.T.);
#2316=EDGE_CURVE('',#3036,#3035,#3451,.T.);
#2317=EDGE_CURVE('',#2841,#3036,#3452,.F.);
#2318=EDGE_CURVE('',#3037,#2845,#3453,.T.);
#2319=EDGE_CURVE('',#3038,#3037,#3454,.F.);
#2320=EDGE_CURVE('',#2846,#3038,#3455,.F.);
#2321=EDGE_CURVE('',#3039,#3040,#3456,.T.);
#2322=EDGE_CURVE('',#3041,#3039,#3457,.T.);
#2323=EDGE_CURVE('',#3042,#3041,#3458,.F.);
#2324=EDGE_CURVE('',#3040,#3042,#3459,.F.);
#2325=EDGE_CURVE('',#3034,#3032,#301,.T.);
#2326=EDGE_CURVE('',#3033,#3042,#302,.T.);
#2327=EDGE_CURVE('',#3041,#3034,#303,.T.);
#2328=EDGE_CURVE('',#3036,#3033,#304,.T.);
#2329=EDGE_CURVE('',#3041,#3032,#305,.F.);
#2330=EDGE_CURVE('',#3036,#3042,#306,.F.);
#2331=EDGE_CURVE('',#3031,#3037,#307,.T.);
#2332=EDGE_CURVE('',#3039,#3031,#308,.T.);
#2333=EDGE_CURVE('',#3035,#3040,#309,.T.);
#2334=EDGE_CURVE('',#3038,#3035,#310,.T.);
#2335=EDGE_CURVE('',#3039,#3037,#311,.F.);
#2336=EDGE_CURVE('',#3038,#3040,#312,.F.);
#2337=EDGE_CURVE('',#3043,#3044,#3460,.F.);
#2338=EDGE_CURVE('',#2798,#3043,#3461,.F.);
#2339=EDGE_CURVE('',#3044,#2797,#3462,.T.);
#2340=EDGE_CURVE('',#3045,#2794,#3463,.T.);
#2341=EDGE_CURVE('',#3046,#3045,#3464,.T.);
#2342=EDGE_CURVE('',#2796,#3046,#3465,.F.);
#2343=EDGE_CURVE('',#3047,#2801,#3466,.T.);
#2344=EDGE_CURVE('',#3048,#3047,#3467,.T.);
#2345=EDGE_CURVE('',#2795,#3048,#3468,.F.);
#2346=EDGE_CURVE('',#3049,#2799,#3469,.T.);
#2347=EDGE_CURVE('',#3050,#3049,#3470,.F.);
#2348=EDGE_CURVE('',#2800,#3050,#3471,.F.);
#2349=EDGE_CURVE('',#3051,#3052,#3472,.T.);
#2350=EDGE_CURVE('',#3053,#3051,#3473,.T.);
#2351=EDGE_CURVE('',#3054,#3053,#3474,.F.);
#2352=EDGE_CURVE('',#3052,#3054,#3475,.F.);
#2353=EDGE_CURVE('',#3046,#3044,#313,.T.);
#2354=EDGE_CURVE('',#3045,#3054,#314,.T.);
#2355=EDGE_CURVE('',#3053,#3046,#315,.T.);
#2356=EDGE_CURVE('',#3048,#3045,#316,.T.);
#2357=EDGE_CURVE('',#3053,#3044,#317,.F.);
#2358=EDGE_CURVE('',#3048,#3054,#318,.F.);
#2359=EDGE_CURVE('',#3043,#3049,#319,.T.);
#2360=EDGE_CURVE('',#3051,#3043,#320,.T.);
#2361=EDGE_CURVE('',#3047,#3052,#321,.T.);
#2362=EDGE_CURVE('',#3050,#3047,#322,.T.);
#2363=EDGE_CURVE('',#3051,#3049,#323,.F.);
#2364=EDGE_CURVE('',#3050,#3052,#324,.F.);
#2365=EDGE_CURVE('',#2969,#2967,#3476,.T.);
#2366=EDGE_CURVE('',#2968,#2966,#3477,.T.);
#2367=EDGE_CURVE('',#2964,#2849,#3478,.T.);
#2368=EDGE_CURVE('',#2962,#2855,#3479,.T.);
#2369=EDGE_CURVE('',#3055,#3055,#325,.T.);
#2370=EDGE_CURVE('',#3056,#2787,#3480,.T.);
#2371=EDGE_CURVE('',#3057,#2786,#3481,.T.);
#2372=EDGE_CURVE('',#3056,#3057,#3482,.T.);
#2373=EDGE_CURVE('',#3058,#3057,#326,.F.);
#2374=EDGE_CURVE('',#3058,#2793,#3483,.T.);
#2375=EDGE_CURVE('',#3059,#3058,#3484,.T.);
#2376=EDGE_CURVE('',#3059,#2792,#3485,.T.);
#2377=EDGE_CURVE('',#3060,#3059,#327,.F.);
#2378=EDGE_CURVE('',#3060,#2791,#3486,.T.);
#2379=EDGE_CURVE('',#3061,#3060,#3487,.T.);
#2380=EDGE_CURVE('',#3061,#2790,#3488,.T.);
#2381=EDGE_CURVE('',#3062,#3061,#328,.F.);
#2382=EDGE_CURVE('',#3062,#2789,#3489,.T.);
#2383=EDGE_CURVE('',#3063,#2788,#3490,.T.);
#2384=EDGE_CURVE('',#3062,#3063,#3491,.T.);
#2385=EDGE_CURVE('',#3056,#3063,#329,.F.);
#2386=EDGE_CURVE('',#3064,#3065,#3492,.T.);
#2387=EDGE_CURVE('',#3066,#3065,#330,.T.);
#2388=EDGE_CURVE('',#3067,#3066,#3493,.T.);
#2389=EDGE_CURVE('',#3068,#3067,#331,.T.);
#2390=EDGE_CURVE('',#3069,#3068,#3494,.T.);
#2391=EDGE_CURVE('',#3070,#3069,#332,.T.);
#2392=EDGE_CURVE('',#3070,#3071,#3495,.T.);
#2393=EDGE_CURVE('',#3064,#3071,#333,.T.);
#2394=EDGE_CURVE('',#3072,#3064,#3496,.T.);
#2395=EDGE_CURVE('',#3072,#3073,#3497,.T.);
#2396=EDGE_CURVE('',#3073,#3065,#3498,.T.);
#2397=EDGE_CURVE('',#3074,#3071,#3499,.T.);
#2398=EDGE_CURVE('',#3074,#3072,#334,.T.);
#2399=EDGE_CURVE('',#3075,#3070,#3500,.T.);
#2400=EDGE_CURVE('',#3075,#3074,#3501,.T.);
#2401=EDGE_CURVE('',#3076,#3069,#3502,.T.);
#2402=EDGE_CURVE('',#3076,#3075,#335,.T.);
#2403=EDGE_CURVE('',#3077,#3068,#3503,.T.);
#2404=EDGE_CURVE('',#3077,#3076,#3504,.T.);
#2405=EDGE_CURVE('',#3078,#3067,#3505,.T.);
#2406=EDGE_CURVE('',#3078,#3077,#336,.T.);
#2407=EDGE_CURVE('',#3079,#3066,#3506,.T.);
#2408=EDGE_CURVE('',#3079,#3078,#3507,.T.);
#2409=EDGE_CURVE('',#3073,#3079,#337,.T.);
#2410=EDGE_CURVE('',#3080,#2857,#3508,.T.);
#2411=EDGE_CURVE('',#3081,#2856,#3509,.T.);
#2412=EDGE_CURVE('',#3080,#3081,#3510,.T.);
#2413=EDGE_CURVE('',#3082,#3081,#338,.F.);
#2414=EDGE_CURVE('',#3082,#2863,#3511,.T.);
#2415=EDGE_CURVE('',#3083,#3082,#3512,.T.);
#2416=EDGE_CURVE('',#3083,#2862,#3513,.T.);
#2417=EDGE_CURVE('',#3084,#3083,#339,.F.);
#2418=EDGE_CURVE('',#3084,#2861,#3514,.T.);
#2419=EDGE_CURVE('',#3085,#3084,#3515,.T.);
#2420=EDGE_CURVE('',#3085,#2860,#3516,.T.);
#2421=EDGE_CURVE('',#3086,#3085,#340,.F.);
#2422=EDGE_CURVE('',#3086,#2859,#3517,.T.);
#2423=EDGE_CURVE('',#3087,#2858,#3518,.T.);
#2424=EDGE_CURVE('',#3086,#3087,#3519,.T.);
#2425=EDGE_CURVE('',#3080,#3087,#341,.F.);
#2426=EDGE_CURVE('',#3088,#3089,#3520,.T.);
#2427=EDGE_CURVE('',#3090,#3089,#342,.T.);
#2428=EDGE_CURVE('',#3091,#3090,#3521,.T.);
#2429=EDGE_CURVE('',#3092,#3091,#343,.T.);
#2430=EDGE_CURVE('',#3093,#3092,#3522,.T.);
#2431=EDGE_CURVE('',#3094,#3093,#344,.T.);
#2432=EDGE_CURVE('',#3094,#3095,#3523,.T.);
#2433=EDGE_CURVE('',#3088,#3095,#345,.T.);
#2434=EDGE_CURVE('',#3096,#3088,#3524,.T.);
#2435=EDGE_CURVE('',#3096,#3097,#3525,.T.);
#2436=EDGE_CURVE('',#3097,#3089,#3526,.T.);
#2437=EDGE_CURVE('',#3098,#3095,#3527,.T.);
#2438=EDGE_CURVE('',#3098,#3096,#346,.T.);
#2439=EDGE_CURVE('',#3099,#3094,#3528,.T.);
#2440=EDGE_CURVE('',#3099,#3098,#3529,.T.);
#2441=EDGE_CURVE('',#3100,#3093,#3530,.T.);
#2442=EDGE_CURVE('',#3100,#3099,#347,.T.);
#2443=EDGE_CURVE('',#3101,#3092,#3531,.T.);
#2444=EDGE_CURVE('',#3101,#3100,#3532,.T.);
#2445=EDGE_CURVE('',#3102,#3091,#3533,.T.);
#2446=EDGE_CURVE('',#3102,#3101,#348,.T.);
#2447=EDGE_CURVE('',#3103,#3090,#3534,.T.);
#2448=EDGE_CURVE('',#3103,#3102,#3535,.T.);
#2449=EDGE_CURVE('',#3097,#3103,#349,.T.);
#2450=EDGE_CURVE('',#3104,#2779,#3536,.T.);
#2451=EDGE_CURVE('',#3105,#2778,#3537,.T.);
#2452=EDGE_CURVE('',#3104,#3105,#3538,.T.);
#2453=EDGE_CURVE('',#3106,#3105,#350,.F.);
#2454=EDGE_CURVE('',#3106,#2785,#3539,.T.);
#2455=EDGE_CURVE('',#3107,#3106,#3540,.T.);
#2456=EDGE_CURVE('',#3107,#2784,#3541,.T.);
#2457=EDGE_CURVE('',#3108,#3107,#351,.F.);
#2458=EDGE_CURVE('',#3108,#2783,#3542,.T.);
#2459=EDGE_CURVE('',#3109,#3108,#3543,.T.);
#2460=EDGE_CURVE('',#3109,#2782,#3544,.T.);
#2461=EDGE_CURVE('',#3110,#3109,#352,.F.);
#2462=EDGE_CURVE('',#3110,#2781,#3545,.T.);
#2463=EDGE_CURVE('',#3111,#2780,#3546,.T.);
#2464=EDGE_CURVE('',#3110,#3111,#3547,.T.);
#2465=EDGE_CURVE('',#3104,#3111,#353,.F.);
#2466=EDGE_CURVE('',#3112,#3113,#3548,.T.);
#2467=EDGE_CURVE('',#3114,#3113,#354,.T.);
#2468=EDGE_CURVE('',#3115,#3114,#3549,.T.);
#2469=EDGE_CURVE('',#3116,#3115,#355,.T.);
#2470=EDGE_CURVE('',#3117,#3116,#3550,.T.);
#2471=EDGE_CURVE('',#3118,#3117,#356,.T.);
#2472=EDGE_CURVE('',#3118,#3119,#3551,.T.);
#2473=EDGE_CURVE('',#3112,#3119,#357,.T.);
#2474=EDGE_CURVE('',#3120,#3112,#3552,.T.);
#2475=EDGE_CURVE('',#3120,#3121,#3553,.T.);
#2476=EDGE_CURVE('',#3121,#3113,#3554,.T.);
#2477=EDGE_CURVE('',#3122,#3119,#3555,.T.);
#2478=EDGE_CURVE('',#3122,#3120,#358,.T.);
#2479=EDGE_CURVE('',#3123,#3118,#3556,.T.);
#2480=EDGE_CURVE('',#3123,#3122,#3557,.T.);
#2481=EDGE_CURVE('',#3124,#3117,#3558,.T.);
#2482=EDGE_CURVE('',#3124,#3123,#359,.T.);
#2483=EDGE_CURVE('',#3125,#3116,#3559,.T.);
#2484=EDGE_CURVE('',#3125,#3124,#3560,.T.);
#2485=EDGE_CURVE('',#3126,#3115,#3561,.T.);
#2486=EDGE_CURVE('',#3126,#3125,#360,.T.);
#2487=EDGE_CURVE('',#3127,#3114,#3562,.T.);
#2488=EDGE_CURVE('',#3127,#3126,#3563,.T.);
#2489=EDGE_CURVE('',#3121,#3127,#361,.T.);
#2490=EDGE_CURVE('',#3128,#2865,#3564,.T.);
#2491=EDGE_CURVE('',#3129,#2864,#3565,.T.);
#2492=EDGE_CURVE('',#3128,#3129,#3566,.T.);
#2493=EDGE_CURVE('',#3130,#3129,#362,.F.);
#2494=EDGE_CURVE('',#3130,#2871,#3567,.T.);
#2495=EDGE_CURVE('',#3131,#3130,#3568,.T.);
#2496=EDGE_CURVE('',#3131,#2870,#3569,.T.);
#2497=EDGE_CURVE('',#3132,#3131,#363,.F.);
#2498=EDGE_CURVE('',#3132,#2869,#3570,.T.);
#2499=EDGE_CURVE('',#3133,#3132,#3571,.T.);
#2500=EDGE_CURVE('',#3133,#2868,#3572,.T.);
#2501=EDGE_CURVE('',#3134,#3133,#364,.F.);
#2502=EDGE_CURVE('',#3134,#2867,#3573,.T.);
#2503=EDGE_CURVE('',#3135,#2866,#3574,.T.);
#2504=EDGE_CURVE('',#3134,#3135,#3575,.T.);
#2505=EDGE_CURVE('',#3128,#3135,#365,.F.);
#2506=EDGE_CURVE('',#3136,#3137,#3576,.T.);
#2507=EDGE_CURVE('',#3138,#3137,#366,.T.);
#2508=EDGE_CURVE('',#3139,#3138,#3577,.T.);
#2509=EDGE_CURVE('',#3140,#3139,#367,.T.);
#2510=EDGE_CURVE('',#3141,#3140,#3578,.T.);
#2511=EDGE_CURVE('',#3142,#3141,#368,.T.);
#2512=EDGE_CURVE('',#3142,#3143,#3579,.T.);
#2513=EDGE_CURVE('',#3136,#3143,#369,.T.);
#2514=EDGE_CURVE('',#3144,#3136,#3580,.T.);
#2515=EDGE_CURVE('',#3144,#3145,#3581,.T.);
#2516=EDGE_CURVE('',#3145,#3137,#3582,.T.);
#2517=EDGE_CURVE('',#3146,#3143,#3583,.T.);
#2518=EDGE_CURVE('',#3146,#3144,#370,.T.);
#2519=EDGE_CURVE('',#3147,#3142,#3584,.T.);
#2520=EDGE_CURVE('',#3147,#3146,#3585,.T.);
#2521=EDGE_CURVE('',#3148,#3141,#3586,.T.);
#2522=EDGE_CURVE('',#3148,#3147,#371,.T.);
#2523=EDGE_CURVE('',#3149,#3140,#3587,.T.);
#2524=EDGE_CURVE('',#3149,#3148,#3588,.T.);
#2525=EDGE_CURVE('',#3150,#3139,#3589,.T.);
#2526=EDGE_CURVE('',#3150,#3149,#372,.T.);
#2527=EDGE_CURVE('',#3151,#3138,#3590,.T.);
#2528=EDGE_CURVE('',#3151,#3150,#3591,.T.);
#2529=EDGE_CURVE('',#3145,#3151,#373,.T.);
#2530=EDGE_CURVE('',#3152,#2771,#3592,.T.);
#2531=EDGE_CURVE('',#3153,#2770,#3593,.T.);
#2532=EDGE_CURVE('',#3152,#3153,#3594,.T.);
#2533=EDGE_CURVE('',#3154,#3153,#374,.F.);
#2534=EDGE_CURVE('',#3154,#2777,#3595,.T.);
#2535=EDGE_CURVE('',#3155,#3154,#3596,.T.);
#2536=EDGE_CURVE('',#3155,#2776,#3597,.T.);
#2537=EDGE_CURVE('',#3156,#3155,#375,.F.);
#2538=EDGE_CURVE('',#3156,#2775,#3598,.T.);
#2539=EDGE_CURVE('',#3157,#3156,#3599,.T.);
#2540=EDGE_CURVE('',#3157,#2774,#3600,.T.);
#2541=EDGE_CURVE('',#3158,#3157,#376,.F.);
#2542=EDGE_CURVE('',#3158,#2773,#3601,.T.);
#2543=EDGE_CURVE('',#3159,#2772,#3602,.T.);
#2544=EDGE_CURVE('',#3158,#3159,#3603,.T.);
#2545=EDGE_CURVE('',#3152,#3159,#377,.F.);
#2546=EDGE_CURVE('',#3160,#3161,#3604,.T.);
#2547=EDGE_CURVE('',#3162,#3161,#378,.T.);
#2548=EDGE_CURVE('',#3163,#3162,#3605,.T.);
#2549=EDGE_CURVE('',#3164,#3163,#379,.T.);
#2550=EDGE_CURVE('',#3165,#3164,#3606,.T.);
#2551=EDGE_CURVE('',#3166,#3165,#380,.T.);
#2552=EDGE_CURVE('',#3166,#3167,#3607,.T.);
#2553=EDGE_CURVE('',#3160,#3167,#381,.T.);
#2554=EDGE_CURVE('',#3168,#3160,#3608,.T.);
#2555=EDGE_CURVE('',#3168,#3169,#3609,.T.);
#2556=EDGE_CURVE('',#3169,#3161,#3610,.T.);
#2557=EDGE_CURVE('',#3170,#3167,#3611,.T.);
#2558=EDGE_CURVE('',#3170,#3168,#382,.T.);
#2559=EDGE_CURVE('',#3171,#3166,#3612,.T.);
#2560=EDGE_CURVE('',#3171,#3170,#3613,.T.);
#2561=EDGE_CURVE('',#3172,#3165,#3614,.T.);
#2562=EDGE_CURVE('',#3172,#3171,#383,.T.);
#2563=EDGE_CURVE('',#3173,#3164,#3615,.T.);
#2564=EDGE_CURVE('',#3173,#3172,#3616,.T.);
#2565=EDGE_CURVE('',#3174,#3163,#3617,.T.);
#2566=EDGE_CURVE('',#3174,#3173,#384,.T.);
#2567=EDGE_CURVE('',#3175,#3162,#3618,.T.);
#2568=EDGE_CURVE('',#3175,#3174,#3619,.T.);
#2569=EDGE_CURVE('',#3169,#3175,#385,.T.);
#2570=EDGE_CURVE('',#3176,#2873,#3620,.T.);
#2571=EDGE_CURVE('',#3177,#2872,#3621,.T.);
#2572=EDGE_CURVE('',#3176,#3177,#3622,.T.);
#2573=EDGE_CURVE('',#3178,#3177,#386,.F.);
#2574=EDGE_CURVE('',#3178,#2879,#3623,.T.);
#2575=EDGE_CURVE('',#3179,#3178,#3624,.T.);
#2576=EDGE_CURVE('',#3179,#2878,#3625,.T.);
#2577=EDGE_CURVE('',#3180,#3179,#387,.F.);
#2578=EDGE_CURVE('',#3180,#2877,#3626,.T.);
#2579=EDGE_CURVE('',#3181,#3180,#3627,.T.);
#2580=EDGE_CURVE('',#3181,#2876,#3628,.T.);
#2581=EDGE_CURVE('',#3182,#3181,#388,.F.);
#2582=EDGE_CURVE('',#3182,#2875,#3629,.T.);
#2583=EDGE_CURVE('',#3183,#2874,#3630,.T.);
#2584=EDGE_CURVE('',#3182,#3183,#3631,.T.);
#2585=EDGE_CURVE('',#3176,#3183,#389,.F.);
#2586=EDGE_CURVE('',#3184,#3185,#3632,.T.);
#2587=EDGE_CURVE('',#3186,#3185,#390,.T.);
#2588=EDGE_CURVE('',#3187,#3186,#3633,.T.);
#2589=EDGE_CURVE('',#3188,#3187,#391,.T.);
#2590=EDGE_CURVE('',#3189,#3188,#3634,.T.);
#2591=EDGE_CURVE('',#3190,#3189,#392,.T.);
#2592=EDGE_CURVE('',#3190,#3191,#3635,.T.);
#2593=EDGE_CURVE('',#3184,#3191,#393,.T.);
#2594=EDGE_CURVE('',#3192,#3184,#3636,.T.);
#2595=EDGE_CURVE('',#3192,#3193,#3637,.T.);
#2596=EDGE_CURVE('',#3193,#3185,#3638,.T.);
#2597=EDGE_CURVE('',#3194,#3191,#3639,.T.);
#2598=EDGE_CURVE('',#3194,#3192,#394,.T.);
#2599=EDGE_CURVE('',#3195,#3190,#3640,.T.);
#2600=EDGE_CURVE('',#3195,#3194,#3641,.T.);
#2601=EDGE_CURVE('',#3196,#3189,#3642,.T.);
#2602=EDGE_CURVE('',#3196,#3195,#395,.T.);
#2603=EDGE_CURVE('',#3197,#3188,#3643,.T.);
#2604=EDGE_CURVE('',#3197,#3196,#3644,.T.);
#2605=EDGE_CURVE('',#3198,#3187,#3645,.T.);
#2606=EDGE_CURVE('',#3198,#3197,#396,.T.);
#2607=EDGE_CURVE('',#3199,#3186,#3646,.T.);
#2608=EDGE_CURVE('',#3199,#3198,#3647,.T.);
#2609=EDGE_CURVE('',#3193,#3199,#397,.T.);
#2610=EDGE_CURVE('',#3200,#2763,#3648,.T.);
#2611=EDGE_CURVE('',#3201,#2762,#3649,.T.);
#2612=EDGE_CURVE('',#3200,#3201,#3650,.T.);
#2613=EDGE_CURVE('',#3202,#3201,#398,.F.);
#2614=EDGE_CURVE('',#3202,#2769,#3651,.T.);
#2615=EDGE_CURVE('',#3203,#3202,#3652,.T.);
#2616=EDGE_CURVE('',#3203,#2768,#3653,.T.);
#2617=EDGE_CURVE('',#3204,#3203,#399,.F.);
#2618=EDGE_CURVE('',#3204,#2767,#3654,.T.);
#2619=EDGE_CURVE('',#3205,#3204,#3655,.T.);
#2620=EDGE_CURVE('',#3205,#2766,#3656,.T.);
#2621=EDGE_CURVE('',#3206,#3205,#400,.F.);
#2622=EDGE_CURVE('',#3206,#2765,#3657,.T.);
#2623=EDGE_CURVE('',#3207,#2764,#3658,.T.);
#2624=EDGE_CURVE('',#3206,#3207,#3659,.T.);
#2625=EDGE_CURVE('',#3200,#3207,#401,.F.);
#2626=EDGE_CURVE('',#3208,#3209,#3660,.T.);
#2627=EDGE_CURVE('',#3210,#3209,#402,.T.);
#2628=EDGE_CURVE('',#3211,#3210,#3661,.T.);
#2629=EDGE_CURVE('',#3212,#3211,#403,.T.);
#2630=EDGE_CURVE('',#3213,#3212,#3662,.T.);
#2631=EDGE_CURVE('',#3214,#3213,#404,.T.);
#2632=EDGE_CURVE('',#3214,#3215,#3663,.T.);
#2633=EDGE_CURVE('',#3208,#3215,#405,.T.);
#2634=EDGE_CURVE('',#3216,#3208,#3664,.T.);
#2635=EDGE_CURVE('',#3216,#3217,#3665,.T.);
#2636=EDGE_CURVE('',#3217,#3209,#3666,.T.);
#2637=EDGE_CURVE('',#3218,#3215,#3667,.T.);
#2638=EDGE_CURVE('',#3218,#3216,#406,.T.);
#2639=EDGE_CURVE('',#3219,#3214,#3668,.T.);
#2640=EDGE_CURVE('',#3219,#3218,#3669,.T.);
#2641=EDGE_CURVE('',#3220,#3213,#3670,.T.);
#2642=EDGE_CURVE('',#3220,#3219,#407,.T.);
#2643=EDGE_CURVE('',#3221,#3212,#3671,.T.);
#2644=EDGE_CURVE('',#3221,#3220,#3672,.T.);
#2645=EDGE_CURVE('',#3222,#3211,#3673,.T.);
#2646=EDGE_CURVE('',#3222,#3221,#408,.T.);
#2647=EDGE_CURVE('',#3223,#3210,#3674,.T.);
#2648=EDGE_CURVE('',#3223,#3222,#3675,.T.);
#2649=EDGE_CURVE('',#3217,#3223,#409,.T.);
#2650=EDGE_CURVE('',#3224,#2881,#3676,.T.);
#2651=EDGE_CURVE('',#3225,#2880,#3677,.T.);
#2652=EDGE_CURVE('',#3224,#3225,#3678,.T.);
#2653=EDGE_CURVE('',#3226,#3225,#410,.F.);
#2654=EDGE_CURVE('',#3226,#2887,#3679,.T.);
#2655=EDGE_CURVE('',#3227,#3226,#3680,.T.);
#2656=EDGE_CURVE('',#3227,#2886,#3681,.T.);
#2657=EDGE_CURVE('',#3228,#3227,#411,.F.);
#2658=EDGE_CURVE('',#3228,#2885,#3682,.T.);
#2659=EDGE_CURVE('',#3229,#3228,#3683,.T.);
#2660=EDGE_CURVE('',#3229,#2884,#3684,.T.);
#2661=EDGE_CURVE('',#3230,#3229,#412,.F.);
#2662=EDGE_CURVE('',#3230,#2883,#3685,.T.);
#2663=EDGE_CURVE('',#3231,#2882,#3686,.T.);
#2664=EDGE_CURVE('',#3230,#3231,#3687,.T.);
#2665=EDGE_CURVE('',#3224,#3231,#413,.F.);
#2666=EDGE_CURVE('',#3232,#3233,#3688,.T.);
#2667=EDGE_CURVE('',#3234,#3233,#414,.T.);
#2668=EDGE_CURVE('',#3235,#3234,#3689,.T.);
#2669=EDGE_CURVE('',#3236,#3235,#415,.T.);
#2670=EDGE_CURVE('',#3237,#3236,#3690,.T.);
#2671=EDGE_CURVE('',#3238,#3237,#416,.T.);
#2672=EDGE_CURVE('',#3238,#3239,#3691,.T.);
#2673=EDGE_CURVE('',#3232,#3239,#417,.T.);
#2674=EDGE_CURVE('',#3240,#3232,#3692,.T.);
#2675=EDGE_CURVE('',#3240,#3241,#3693,.T.);
#2676=EDGE_CURVE('',#3241,#3233,#3694,.T.);
#2677=EDGE_CURVE('',#3242,#3239,#3695,.T.);
#2678=EDGE_CURVE('',#3242,#3240,#418,.T.);
#2679=EDGE_CURVE('',#3243,#3238,#3696,.T.);
#2680=EDGE_CURVE('',#3243,#3242,#3697,.T.);
#2681=EDGE_CURVE('',#3244,#3237,#3698,.T.);
#2682=EDGE_CURVE('',#3244,#3243,#419,.T.);
#2683=EDGE_CURVE('',#3245,#3236,#3699,.T.);
#2684=EDGE_CURVE('',#3245,#3244,#3700,.T.);
#2685=EDGE_CURVE('',#3246,#3235,#3701,.T.);
#2686=EDGE_CURVE('',#3246,#3245,#420,.T.);
#2687=EDGE_CURVE('',#3247,#3234,#3702,.T.);
#2688=EDGE_CURVE('',#3247,#3246,#3703,.T.);
#2689=EDGE_CURVE('',#3241,#3247,#421,.T.);
#2690=EDGE_CURVE('',#2902,#3098,#3704,.T.);
#2691=EDGE_CURVE('',#3096,#2901,#3705,.T.);
#2692=EDGE_CURVE('',#3097,#2900,#3706,.T.);
#2693=EDGE_CURVE('',#2903,#3099,#3707,.T.);
#2694=EDGE_CURVE('',#3103,#2899,#3708,.T.);
#2695=EDGE_CURVE('',#2896,#3100,#3709,.T.);
#2696=EDGE_CURVE('',#3102,#2898,#3710,.T.);
#2697=EDGE_CURVE('',#2897,#3101,#3711,.T.);
#2698=EDGE_CURVE('',#2910,#3122,#3712,.T.);
#2699=EDGE_CURVE('',#3120,#2909,#3713,.T.);
#2700=EDGE_CURVE('',#3121,#2908,#3714,.T.);
#2701=EDGE_CURVE('',#2911,#3123,#3715,.T.);
#2702=EDGE_CURVE('',#3127,#2907,#3716,.T.);
#2703=EDGE_CURVE('',#2904,#3124,#3717,.T.);
#2704=EDGE_CURVE('',#3126,#2906,#3718,.T.);
#2705=EDGE_CURVE('',#2905,#3125,#3719,.T.);
#2706=EDGE_CURVE('',#2918,#3146,#3720,.T.);
#2707=EDGE_CURVE('',#3144,#2917,#3721,.T.);
#2708=EDGE_CURVE('',#3145,#2916,#3722,.T.);
#2709=EDGE_CURVE('',#2919,#3147,#3723,.T.);
#2710=EDGE_CURVE('',#3151,#2915,#3724,.T.);
#2711=EDGE_CURVE('',#2912,#3148,#3725,.T.);
#2712=EDGE_CURVE('',#3150,#2914,#3726,.T.);
#2713=EDGE_CURVE('',#2913,#3149,#3727,.T.);
#2714=EDGE_CURVE('',#2926,#3242,#3728,.T.);
#2715=EDGE_CURVE('',#3240,#2925,#3729,.T.);
#2716=EDGE_CURVE('',#3241,#2924,#3730,.T.);
#2717=EDGE_CURVE('',#2927,#3243,#3731,.T.);
#2718=EDGE_CURVE('',#3247,#2923,#3732,.T.);
#2719=EDGE_CURVE('',#2920,#3244,#3733,.T.);
#2720=EDGE_CURVE('',#3246,#2922,#3734,.T.);
#2721=EDGE_CURVE('',#2921,#3245,#3735,.T.);
#2722=EDGE_CURVE('',#2934,#3218,#3736,.T.);
#2723=EDGE_CURVE('',#3216,#2933,#3737,.T.);
#2724=EDGE_CURVE('',#3217,#2932,#3738,.T.);
#2725=EDGE_CURVE('',#2935,#3219,#3739,.T.);
#2726=EDGE_CURVE('',#3223,#2931,#3740,.T.);
#2727=EDGE_CURVE('',#2928,#3220,#3741,.T.);
#2728=EDGE_CURVE('',#3222,#2930,#3742,.T.);
#2729=EDGE_CURVE('',#2929,#3221,#3743,.T.);
#2730=EDGE_CURVE('',#2942,#3194,#3744,.T.);
#2731=EDGE_CURVE('',#3192,#2941,#3745,.T.);
#2732=EDGE_CURVE('',#3193,#2940,#3746,.T.);
#2733=EDGE_CURVE('',#2943,#3195,#3747,.T.);
#2734=EDGE_CURVE('',#3199,#2939,#3748,.T.);
#2735=EDGE_CURVE('',#2936,#3196,#3749,.T.);
#2736=EDGE_CURVE('',#3198,#2938,#3750,.T.);
#2737=EDGE_CURVE('',#2937,#3197,#3751,.T.);
#2738=EDGE_CURVE('',#2950,#3170,#3752,.T.);
#2739=EDGE_CURVE('',#3168,#2949,#3753,.T.);
#2740=EDGE_CURVE('',#3169,#2948,#3754,.T.);
#2741=EDGE_CURVE('',#2951,#3171,#3755,.T.);
#2742=EDGE_CURVE('',#3175,#2947,#3756,.T.);
#2743=EDGE_CURVE('',#2944,#3172,#3757,.T.);
#2744=EDGE_CURVE('',#3174,#2946,#3758,.T.);
#2745=EDGE_CURVE('',#2945,#3173,#3759,.T.);
#2746=EDGE_CURVE('',#2958,#3074,#3760,.T.);
#2747=EDGE_CURVE('',#3072,#2957,#3761,.T.);
#2748=EDGE_CURVE('',#3073,#2956,#3762,.T.);
#2749=EDGE_CURVE('',#2959,#3075,#3763,.T.);
#2750=EDGE_CURVE('',#3079,#2955,#3764,.T.);
#2751=EDGE_CURVE('',#2952,#3076,#3765,.T.);
#2752=EDGE_CURVE('',#3078,#2954,#3766,.T.);
#2753=EDGE_CURVE('',#2953,#3077,#3767,.T.);
#2754=EDGE_CURVE('',#2970,#2893,#3768,.T.);
#2755=EDGE_CURVE('',#2894,#2978,#3769,.T.);
#2756=EDGE_CURVE('',#2895,#2979,#3770,.T.);
#2757=EDGE_CURVE('',#2971,#2892,#3771,.T.);
#2758=EDGE_CURVE('',#2888,#2980,#3772,.T.);
#2759=EDGE_CURVE('',#2983,#2891,#3773,.T.);
#2760=EDGE_CURVE('',#2889,#2981,#3774,.T.);
#2761=EDGE_CURVE('',#2982,#2890,#3775,.T.);
#2762=VERTEX_POINT('',#7804);
#2763=VERTEX_POINT('',#7805);
#2764=VERTEX_POINT('',#7807);
#2765=VERTEX_POINT('',#7809);
#2766=VERTEX_POINT('',#7811);
#2767=VERTEX_POINT('',#7813);
#2768=VERTEX_POINT('',#7815);
#2769=VERTEX_POINT('',#7817);
#2770=VERTEX_POINT('',#7820);
#2771=VERTEX_POINT('',#7821);
#2772=VERTEX_POINT('',#7823);
#2773=VERTEX_POINT('',#7825);
#2774=VERTEX_POINT('',#7827);
#2775=VERTEX_POINT('',#7829);
#2776=VERTEX_POINT('',#7831);
#2777=VERTEX_POINT('',#7833);
#2778=VERTEX_POINT('',#7836);
#2779=VERTEX_POINT('',#7837);
#2780=VERTEX_POINT('',#7839);
#2781=VERTEX_POINT('',#7841);
#2782=VERTEX_POINT('',#7843);
#2783=VERTEX_POINT('',#7845);
#2784=VERTEX_POINT('',#7847);
#2785=VERTEX_POINT('',#7849);
#2786=VERTEX_POINT('',#7852);
#2787=VERTEX_POINT('',#7853);
#2788=VERTEX_POINT('',#7855);
#2789=VERTEX_POINT('',#7857);
#2790=VERTEX_POINT('',#7859);
#2791=VERTEX_POINT('',#7861);
#2792=VERTEX_POINT('',#7863);
#2793=VERTEX_POINT('',#7865);
#2794=VERTEX_POINT('',#7868);
#2795=VERTEX_POINT('',#7869);
#2796=VERTEX_POINT('',#7871);
#2797=VERTEX_POINT('',#7873);
#2798=VERTEX_POINT('',#7875);
#2799=VERTEX_POINT('',#7877);
#2800=VERTEX_POINT('',#7879);
#2801=VERTEX_POINT('',#7881);
#2802=VERTEX_POINT('',#7884);
#2803=VERTEX_POINT('',#7885);
#2804=VERTEX_POINT('',#7887);
#2805=VERTEX_POINT('',#7889);
#2806=VERTEX_POINT('',#7891);
#2807=VERTEX_POINT('',#7893);
#2808=VERTEX_POINT('',#7895);
#2809=VERTEX_POINT('',#7897);
#2810=VERTEX_POINT('',#7900);
#2811=VERTEX_POINT('',#7901);
#2812=VERTEX_POINT('',#7903);
#2813=VERTEX_POINT('',#7905);
#2814=VERTEX_POINT('',#7908);
#2815=VERTEX_POINT('',#7910);
#2816=VERTEX_POINT('',#7912);
#2817=VERTEX_POINT('',#7914);
#2818=VERTEX_POINT('',#7916);
#2819=VERTEX_POINT('',#7918);
#2820=VERTEX_POINT('',#7920);
#2821=VERTEX_POINT('',#7921);
#2822=VERTEX_POINT('',#7923);
#2823=VERTEX_POINT('',#7925);
#2824=VERTEX_POINT('',#7927);
#2825=VERTEX_POINT('',#7929);
#2826=VERTEX_POINT('',#7931);
#2827=VERTEX_POINT('',#7933);
#2828=VERTEX_POINT('',#7935);
#2829=VERTEX_POINT('',#7937);
#2830=VERTEX_POINT('',#7939);
#2831=VERTEX_POINT('',#7941);
#2832=VERTEX_POINT('',#7943);
#2833=VERTEX_POINT('',#7945);
#2834=VERTEX_POINT('',#7947);
#2835=VERTEX_POINT('',#7949);
#2836=VERTEX_POINT('',#7952);
#2837=VERTEX_POINT('',#7953);
#2838=VERTEX_POINT('',#7955);
#2839=VERTEX_POINT('',#7957);
#2840=VERTEX_POINT('',#7960);
#2841=VERTEX_POINT('',#7961);
#2842=VERTEX_POINT('',#7963);
#2843=VERTEX_POINT('',#7965);
#2844=VERTEX_POINT('',#7967);
#2845=VERTEX_POINT('',#7969);
#2846=VERTEX_POINT('',#7971);
#2847=VERTEX_POINT('',#7973);
#2848=VERTEX_POINT('',#7976);
#2849=VERTEX_POINT('',#7977);
#2850=VERTEX_POINT('',#7979);
#2851=VERTEX_POINT('',#7981);
#2852=VERTEX_POINT('',#7983);
#2853=VERTEX_POINT('',#7985);
#2854=VERTEX_POINT('',#7987);
#2855=VERTEX_POINT('',#7989);
#2856=VERTEX_POINT('',#7992);
#2857=VERTEX_POINT('',#7993);
#2858=VERTEX_POINT('',#7995);
#2859=VERTEX_POINT('',#7997);
#2860=VERTEX_POINT('',#7999);
#2861=VERTEX_POINT('',#8001);
#2862=VERTEX_POINT('',#8003);
#2863=VERTEX_POINT('',#8005);
#2864=VERTEX_POINT('',#8008);
#2865=VERTEX_POINT('',#8009);
#2866=VERTEX_POINT('',#8011);
#2867=VERTEX_POINT('',#8013);
#2868=VERTEX_POINT('',#8015);
#2869=VERTEX_POINT('',#8017);
#2870=VERTEX_POINT('',#8019);
#2871=VERTEX_POINT('',#8021);
#2872=VERTEX_POINT('',#8024);
#2873=VERTEX_POINT('',#8025);
#2874=VERTEX_POINT('',#8027);
#2875=VERTEX_POINT('',#8029);
#2876=VERTEX_POINT('',#8031);
#2877=VERTEX_POINT('',#8033);
#2878=VERTEX_POINT('',#8035);
#2879=VERTEX_POINT('',#8037);
#2880=VERTEX_POINT('',#8040);
#2881=VERTEX_POINT('',#8041);
#2882=VERTEX_POINT('',#8043);
#2883=VERTEX_POINT('',#8045);
#2884=VERTEX_POINT('',#8047);
#2885=VERTEX_POINT('',#8049);
#2886=VERTEX_POINT('',#8051);
#2887=VERTEX_POINT('',#8053);
#2888=VERTEX_POINT('',#8057);
#2889=VERTEX_POINT('',#8058);
#2890=VERTEX_POINT('',#8060);
#2891=VERTEX_POINT('',#8062);
#2892=VERTEX_POINT('',#8064);
#2893=VERTEX_POINT('',#8066);
#2894=VERTEX_POINT('',#8068);
#2895=VERTEX_POINT('',#8070);
#2896=VERTEX_POINT('',#8073);
#2897=VERTEX_POINT('',#8074);
#2898=VERTEX_POINT('',#8076);
#2899=VERTEX_POINT('',#8078);
#2900=VERTEX_POINT('',#8080);
#2901=VERTEX_POINT('',#8082);
#2902=VERTEX_POINT('',#8084);
#2903=VERTEX_POINT('',#8086);
#2904=VERTEX_POINT('',#8089);
#2905=VERTEX_POINT('',#8090);
#2906=VERTEX_POINT('',#8092);
#2907=VERTEX_POINT('',#8094);
#2908=VERTEX_POINT('',#8096);
#2909=VERTEX_POINT('',#8098);
#2910=VERTEX_POINT('',#8100);
#2911=VERTEX_POINT('',#8102);
#2912=VERTEX_POINT('',#8105);
#2913=VERTEX_POINT('',#8106);
#2914=VERTEX_POINT('',#8108);
#2915=VERTEX_POINT('',#8110);
#2916=VERTEX_POINT('',#8112);
#2917=VERTEX_POINT('',#8114);
#2918=VERTEX_POINT('',#8116);
#2919=VERTEX_POINT('',#8118);
#2920=VERTEX_POINT('',#8121);
#2921=VERTEX_POINT('',#8122);
#2922=VERTEX_POINT('',#8124);
#2923=VERTEX_POINT('',#8126);
#2924=VERTEX_POINT('',#8128);
#2925=VERTEX_POINT('',#8130);
#2926=VERTEX_POINT('',#8132);
#2927=VERTEX_POINT('',#8134);
#2928=VERTEX_POINT('',#8137);
#2929=VERTEX_POINT('',#8138);
#2930=VERTEX_POINT('',#8140);
#2931=VERTEX_POINT('',#8142);
#2932=VERTEX_POINT('',#8144);
#2933=VERTEX_POINT('',#8146);
#2934=VERTEX_POINT('',#8148);
#2935=VERTEX_POINT('',#8150);
#2936=VERTEX_POINT('',#8153);
#2937=VERTEX_POINT('',#8154);
#2938=VERTEX_POINT('',#8156);
#2939=VERTEX_POINT('',#8158);
#2940=VERTEX_POINT('',#8160);
#2941=VERTEX_POINT('',#8162);
#2942=VERTEX_POINT('',#8164);
#2943=VERTEX_POINT('',#8166);
#2944=VERTEX_POINT('',#8169);
#2945=VERTEX_POINT('',#8170);
#2946=VERTEX_POINT('',#8172);
#2947=VERTEX_POINT('',#8174);
#2948=VERTEX_POINT('',#8176);
#2949=VERTEX_POINT('',#8178);
#2950=VERTEX_POINT('',#8180);
#2951=VERTEX_POINT('',#8182);
#2952=VERTEX_POINT('',#8185);
#2953=VERTEX_POINT('',#8186);
#2954=VERTEX_POINT('',#8188);
#2955=VERTEX_POINT('',#8190);
#2956=VERTEX_POINT('',#8192);
#2957=VERTEX_POINT('',#8194);
#2958=VERTEX_POINT('',#8196);
#2959=VERTEX_POINT('',#8198);
#2960=VERTEX_POINT('',#8202);
#2961=VERTEX_POINT('',#8203);
#2962=VERTEX_POINT('',#8205);
#2963=VERTEX_POINT('',#8209);
#2964=VERTEX_POINT('',#8211);
#2965=VERTEX_POINT('',#8215);
#2966=VERTEX_POINT('',#8219);
#2967=VERTEX_POINT('',#8221);
#2968=VERTEX_POINT('',#8225);
#2969=VERTEX_POINT('',#8227);
#2970=VERTEX_POINT('',#8231);
#2971=VERTEX_POINT('',#8233);
#2972=VERTEX_POINT('',#8236);
#2973=VERTEX_POINT('',#8238);
#2974=VERTEX_POINT('',#8240);
#2975=VERTEX_POINT('',#8242);
#2976=VERTEX_POINT('',#8244);
#2977=VERTEX_POINT('',#8246);
#2978=VERTEX_POINT('',#8250);
#2979=VERTEX_POINT('',#8254);
#2980=VERTEX_POINT('',#8258);
#2981=VERTEX_POINT('',#8262);
#2982=VERTEX_POINT('',#8266);
#2983=VERTEX_POINT('',#8270);
#2984=VERTEX_POINT('',#8276);
#2985=VERTEX_POINT('',#8280);
#2986=VERTEX_POINT('',#8284);
#2987=VERTEX_POINT('',#8288);
#2988=VERTEX_POINT('',#8292);
#2989=VERTEX_POINT('',#8296);
#2990=VERTEX_POINT('',#8300);
#2991=VERTEX_POINT('',#8304);
#2992=VERTEX_POINT('',#8308);
#2993=VERTEX_POINT('',#8312);
#2994=VERTEX_POINT('',#8316);
#2995=VERTEX_POINT('',#8320);
#2996=VERTEX_POINT('',#8326);
#2997=VERTEX_POINT('',#8328);
#2998=VERTEX_POINT('',#8330);
#2999=VERTEX_POINT('',#8332);
#3000=VERTEX_POINT('',#8336);
#3001=VERTEX_POINT('',#8338);
#3002=VERTEX_POINT('',#8340);
#3003=VERTEX_POINT('',#8342);
#3004=VERTEX_POINT('',#8355);
#3005=VERTEX_POINT('',#8356);
#3006=VERTEX_POINT('',#8362);
#3007=VERTEX_POINT('',#8366);
#3008=VERTEX_POINT('',#8368);
#3009=VERTEX_POINT('',#8372);
#3010=VERTEX_POINT('',#8377);
#3011=VERTEX_POINT('',#8383);
#3012=VERTEX_POINT('',#8385);
#3013=VERTEX_POINT('',#8389);
#3014=VERTEX_POINT('',#8393);
#3015=VERTEX_POINT('',#8400);
#3016=VERTEX_POINT('',#8402);
#3017=VERTEX_POINT('',#8406);
#3018=VERTEX_POINT('',#8410);
#3019=VERTEX_POINT('',#8417);
#3020=VERTEX_POINT('',#8418);
#3021=VERTEX_POINT('',#8423);
#3022=VERTEX_POINT('',#8425);
#3023=VERTEX_POINT('',#8429);
#3024=VERTEX_POINT('',#8431);
#3025=VERTEX_POINT('',#8435);
#3026=VERTEX_POINT('',#8437);
#3027=VERTEX_POINT('',#8441);
#3028=VERTEX_POINT('',#8442);
#3029=VERTEX_POINT('',#8444);
#3030=VERTEX_POINT('',#8446);
#3031=VERTEX_POINT('',#8474);
#3032=VERTEX_POINT('',#8475);
#3033=VERTEX_POINT('',#8480);
#3034=VERTEX_POINT('',#8482);
#3035=VERTEX_POINT('',#8486);
#3036=VERTEX_POINT('',#8488);
#3037=VERTEX_POINT('',#8492);
#3038=VERTEX_POINT('',#8494);
#3039=VERTEX_POINT('',#8498);
#3040=VERTEX_POINT('',#8499);
#3041=VERTEX_POINT('',#8501);
#3042=VERTEX_POINT('',#8503);
#3043=VERTEX_POINT('',#8531);
#3044=VERTEX_POINT('',#8532);
#3045=VERTEX_POINT('',#8537);
#3046=VERTEX_POINT('',#8539);
#3047=VERTEX_POINT('',#8543);
#3048=VERTEX_POINT('',#8545);
#3049=VERTEX_POINT('',#8549);
#3050=VERTEX_POINT('',#8551);
#3051=VERTEX_POINT('',#8555);
#3052=VERTEX_POINT('',#8556);
#3053=VERTEX_POINT('',#8558);
#3054=VERTEX_POINT('',#8560);
#3055=VERTEX_POINT('',#8597);
#3056=VERTEX_POINT('',#8602);
#3057=VERTEX_POINT('',#8604);
#3058=VERTEX_POINT('',#8608);
#3059=VERTEX_POINT('',#8612);
#3060=VERTEX_POINT('',#8616);
#3061=VERTEX_POINT('',#8620);
#3062=VERTEX_POINT('',#8624);
#3063=VERTEX_POINT('',#8628);
#3064=VERTEX_POINT('',#8634);
#3065=VERTEX_POINT('',#8635);
#3066=VERTEX_POINT('',#8637);
#3067=VERTEX_POINT('',#8639);
#3068=VERTEX_POINT('',#8641);
#3069=VERTEX_POINT('',#8643);
#3070=VERTEX_POINT('',#8645);
#3071=VERTEX_POINT('',#8647);
#3072=VERTEX_POINT('',#8651);
#3073=VERTEX_POINT('',#8653);
#3074=VERTEX_POINT('',#8657);
#3075=VERTEX_POINT('',#8661);
#3076=VERTEX_POINT('',#8665);
#3077=VERTEX_POINT('',#8669);
#3078=VERTEX_POINT('',#8673);
#3079=VERTEX_POINT('',#8677);
#3080=VERTEX_POINT('',#8683);
#3081=VERTEX_POINT('',#8685);
#3082=VERTEX_POINT('',#8689);
#3083=VERTEX_POINT('',#8693);
#3084=VERTEX_POINT('',#8697);
#3085=VERTEX_POINT('',#8701);
#3086=VERTEX_POINT('',#8705);
#3087=VERTEX_POINT('',#8709);
#3088=VERTEX_POINT('',#8715);
#3089=VERTEX_POINT('',#8716);
#3090=VERTEX_POINT('',#8718);
#3091=VERTEX_POINT('',#8720);
#3092=VERTEX_POINT('',#8722);
#3093=VERTEX_POINT('',#8724);
#3094=VERTEX_POINT('',#8726);
#3095=VERTEX_POINT('',#8728);
#3096=VERTEX_POINT('',#8732);
#3097=VERTEX_POINT('',#8734);
#3098=VERTEX_POINT('',#8738);
#3099=VERTEX_POINT('',#8742);
#3100=VERTEX_POINT('',#8746);
#3101=VERTEX_POINT('',#8750);
#3102=VERTEX_POINT('',#8754);
#3103=VERTEX_POINT('',#8758);
#3104=VERTEX_POINT('',#8764);
#3105=VERTEX_POINT('',#8766);
#3106=VERTEX_POINT('',#8770);
#3107=VERTEX_POINT('',#8774);
#3108=VERTEX_POINT('',#8778);
#3109=VERTEX_POINT('',#8782);
#3110=VERTEX_POINT('',#8786);
#3111=VERTEX_POINT('',#8790);
#3112=VERTEX_POINT('',#8796);
#3113=VERTEX_POINT('',#8797);
#3114=VERTEX_POINT('',#8799);
#3115=VERTEX_POINT('',#8801);
#3116=VERTEX_POINT('',#8803);
#3117=VERTEX_POINT('',#8805);
#3118=VERTEX_POINT('',#8807);
#3119=VERTEX_POINT('',#8809);
#3120=VERTEX_POINT('',#8813);
#3121=VERTEX_POINT('',#8815);
#3122=VERTEX_POINT('',#8819);
#3123=VERTEX_POINT('',#8823);
#3124=VERTEX_POINT('',#8827);
#3125=VERTEX_POINT('',#8831);
#3126=VERTEX_POINT('',#8835);
#3127=VERTEX_POINT('',#8839);
#3128=VERTEX_POINT('',#8845);
#3129=VERTEX_POINT('',#8847);
#3130=VERTEX_POINT('',#8851);
#3131=VERTEX_POINT('',#8855);
#3132=VERTEX_POINT('',#8859);
#3133=VERTEX_POINT('',#8863);
#3134=VERTEX_POINT('',#8867);
#3135=VERTEX_POINT('',#8871);
#3136=VERTEX_POINT('',#8877);
#3137=VERTEX_POINT('',#8878);
#3138=VERTEX_POINT('',#8880);
#3139=VERTEX_POINT('',#8882);
#3140=VERTEX_POINT('',#8884);
#3141=VERTEX_POINT('',#8886);
#3142=VERTEX_POINT('',#8888);
#3143=VERTEX_POINT('',#8890);
#3144=VERTEX_POINT('',#8894);
#3145=VERTEX_POINT('',#8896);
#3146=VERTEX_POINT('',#8900);
#3147=VERTEX_POINT('',#8904);
#3148=VERTEX_POINT('',#8908);
#3149=VERTEX_POINT('',#8912);
#3150=VERTEX_POINT('',#8916);
#3151=VERTEX_POINT('',#8920);
#3152=VERTEX_POINT('',#8926);
#3153=VERTEX_POINT('',#8928);
#3154=VERTEX_POINT('',#8932);
#3155=VERTEX_POINT('',#8936);
#3156=VERTEX_POINT('',#8940);
#3157=VERTEX_POINT('',#8944);
#3158=VERTEX_POINT('',#8948);
#3159=VERTEX_POINT('',#8952);
#3160=VERTEX_POINT('',#8958);
#3161=VERTEX_POINT('',#8959);
#3162=VERTEX_POINT('',#8961);
#3163=VERTEX_POINT('',#8963);
#3164=VERTEX_POINT('',#8965);
#3165=VERTEX_POINT('',#8967);
#3166=VERTEX_POINT('',#8969);
#3167=VERTEX_POINT('',#8971);
#3168=VERTEX_POINT('',#8975);
#3169=VERTEX_POINT('',#8977);
#3170=VERTEX_POINT('',#8981);
#3171=VERTEX_POINT('',#8985);
#3172=VERTEX_POINT('',#8989);
#3173=VERTEX_POINT('',#8993);
#3174=VERTEX_POINT('',#8997);
#3175=VERTEX_POINT('',#9001);
#3176=VERTEX_POINT('',#9007);
#3177=VERTEX_POINT('',#9009);
#3178=VERTEX_POINT('',#9013);
#3179=VERTEX_POINT('',#9017);
#3180=VERTEX_POINT('',#9021);
#3181=VERTEX_POINT('',#9025);
#3182=VERTEX_POINT('',#9029);
#3183=VERTEX_POINT('',#9033);
#3184=VERTEX_POINT('',#9039);
#3185=VERTEX_POINT('',#9040);
#3186=VERTEX_POINT('',#9042);
#3187=VERTEX_POINT('',#9044);
#3188=VERTEX_POINT('',#9046);
#3189=VERTEX_POINT('',#9048);
#3190=VERTEX_POINT('',#9050);
#3191=VERTEX_POINT('',#9052);
#3192=VERTEX_POINT('',#9056);
#3193=VERTEX_POINT('',#9058);
#3194=VERTEX_POINT('',#9062);
#3195=VERTEX_POINT('',#9066);
#3196=VERTEX_POINT('',#9070);
#3197=VERTEX_POINT('',#9074);
#3198=VERTEX_POINT('',#9078);
#3199=VERTEX_POINT('',#9082);
#3200=VERTEX_POINT('',#9088);
#3201=VERTEX_POINT('',#9090);
#3202=VERTEX_POINT('',#9094);
#3203=VERTEX_POINT('',#9098);
#3204=VERTEX_POINT('',#9102);
#3205=VERTEX_POINT('',#9106);
#3206=VERTEX_POINT('',#9110);
#3207=VERTEX_POINT('',#9114);
#3208=VERTEX_POINT('',#9120);
#3209=VERTEX_POINT('',#9121);
#3210=VERTEX_POINT('',#9123);
#3211=VERTEX_POINT('',#9125);
#3212=VERTEX_POINT('',#9127);
#3213=VERTEX_POINT('',#9129);
#3214=VERTEX_POINT('',#9131);
#3215=VERTEX_POINT('',#9133);
#3216=VERTEX_POINT('',#9137);
#3217=VERTEX_POINT('',#9139);
#3218=VERTEX_POINT('',#9143);
#3219=VERTEX_POINT('',#9147);
#3220=VERTEX_POINT('',#9151);
#3221=VERTEX_POINT('',#9155);
#3222=VERTEX_POINT('',#9159);
#3223=VERTEX_POINT('',#9163);
#3224=VERTEX_POINT('',#9169);
#3225=VERTEX_POINT('',#9171);
#3226=VERTEX_POINT('',#9175);
#3227=VERTEX_POINT('',#9179);
#3228=VERTEX_POINT('',#9183);
#3229=VERTEX_POINT('',#9187);
#3230=VERTEX_POINT('',#9191);
#3231=VERTEX_POINT('',#9195);
#3232=VERTEX_POINT('',#9201);
#3233=VERTEX_POINT('',#9202);
#3234=VERTEX_POINT('',#9204);
#3235=VERTEX_POINT('',#9206);
#3236=VERTEX_POINT('',#9208);
#3237=VERTEX_POINT('',#9210);
#3238=VERTEX_POINT('',#9212);
#3239=VERTEX_POINT('',#9214);
#3240=VERTEX_POINT('',#9218);
#3241=VERTEX_POINT('',#9220);
#3242=VERTEX_POINT('',#9224);
#3243=VERTEX_POINT('',#9228);
#3244=VERTEX_POINT('',#9232);
#3245=VERTEX_POINT('',#9236);
#3246=VERTEX_POINT('',#9240);
#3247=VERTEX_POINT('',#9244);
#3248=LINE('',#7803,#3776);
#3249=LINE('',#7808,#3777);
#3250=LINE('',#7812,#3778);
#3251=LINE('',#7816,#3779);
#3252=LINE('',#7819,#3780);
#3253=LINE('',#7824,#3781);
#3254=LINE('',#7828,#3782);
#3255=LINE('',#7832,#3783);
#3256=LINE('',#7835,#3784);
#3257=LINE('',#7840,#3785);
#3258=LINE('',#7844,#3786);
#3259=LINE('',#7848,#3787);
#3260=LINE('',#7851,#3788);
#3261=LINE('',#7856,#3789);
#3262=LINE('',#7860,#3790);
#3263=LINE('',#7864,#3791);
#3264=LINE('',#7870,#3792);
#3265=LINE('',#7874,#3793);
#3266=LINE('',#7878,#3794);
#3267=LINE('',#7882,#3795);
#3268=LINE('',#7886,#3796);
#3269=LINE('',#7890,#3797);
#3270=LINE('',#7894,#3798);
#3271=LINE('',#7898,#3799);
#3272=LINE('',#7899,#3800);
#3273=LINE('',#7902,#3801);
#3274=LINE('',#7904,#3802);
#3275=LINE('',#7906,#3803);
#3276=LINE('',#7919,#3804);
#3277=LINE('',#7922,#3805);
#3278=LINE('',#7924,#3806);
#3279=LINE('',#7926,#3807);
#3280=LINE('',#7928,#3808);
#3281=LINE('',#7932,#3809);
#3282=LINE('',#7936,#3810);
#3283=LINE('',#7940,#3811);
#3284=LINE('',#7944,#3812);
#3285=LINE('',#7946,#3813);
#3286=LINE('',#7948,#3814);
#3287=LINE('',#7950,#3815);
#3288=LINE('',#7951,#3816);
#3289=LINE('',#7954,#3817);
#3290=LINE('',#7956,#3818);
#3291=LINE('',#7958,#3819);
#3292=LINE('',#7962,#3820);
#3293=LINE('',#7966,#3821);
#3294=LINE('',#7970,#3822);
#3295=LINE('',#7974,#3823);
#3296=LINE('',#7978,#3824);
#3297=LINE('',#7980,#3825);
#3298=LINE('',#7982,#3826);
#3299=LINE('',#7984,#3827);
#3300=LINE('',#7986,#3828);
#3301=LINE('',#7990,#3829);
#3302=LINE('',#7991,#3830);
#3303=LINE('',#7996,#3831);
#3304=LINE('',#8000,#3832);
#3305=LINE('',#8004,#3833);
#3306=LINE('',#8007,#3834);
#3307=LINE('',#8012,#3835);
#3308=LINE('',#8016,#3836);
#3309=LINE('',#8020,#3837);
#3310=LINE('',#8023,#3838);
#3311=LINE('',#8028,#3839);
#3312=LINE('',#8032,#3840);
#3313=LINE('',#8036,#3841);
#3314=LINE('',#8039,#3842);
#3315=LINE('',#8044,#3843);
#3316=LINE('',#8048,#3844);
#3317=LINE('',#8052,#3845);
#3318=LINE('',#8056,#3846);
#3319=LINE('',#8061,#3847);
#3320=LINE('',#8065,#3848);
#3321=LINE('',#8069,#3849);
#3322=LINE('',#8072,#3850);
#3323=LINE('',#8077,#3851);
#3324=LINE('',#8081,#3852);
#3325=LINE('',#8085,#3853);
#3326=LINE('',#8088,#3854);
#3327=LINE('',#8093,#3855);
#3328=LINE('',#8097,#3856);
#3329=LINE('',#8101,#3857);
#3330=LINE('',#8104,#3858);
#3331=LINE('',#8109,#3859);
#3332=LINE('',#8113,#3860);
#3333=LINE('',#8117,#3861);
#3334=LINE('',#8120,#3862);
#3335=LINE('',#8125,#3863);
#3336=LINE('',#8129,#3864);
#3337=LINE('',#8133,#3865);
#3338=LINE('',#8136,#3866);
#3339=LINE('',#8141,#3867);
#3340=LINE('',#8145,#3868);
#3341=LINE('',#8149,#3869);
#3342=LINE('',#8152,#3870);
#3343=LINE('',#8157,#3871);
#3344=LINE('',#8161,#3872);
#3345=LINE('',#8165,#3873);
#3346=LINE('',#8168,#3874);
#3347=LINE('',#8173,#3875);
#3348=LINE('',#8177,#3876);
#3349=LINE('',#8181,#3877);
#3350=LINE('',#8184,#3878);
#3351=LINE('',#8189,#3879);
#3352=LINE('',#8193,#3880);
#3353=LINE('',#8197,#3881);
#3354=LINE('',#8208,#3882);
#3355=LINE('',#8212,#3883);
#3356=LINE('',#8218,#3884);
#3357=LINE('',#8222,#3885);
#3358=LINE('',#8224,#3886);
#3359=LINE('',#8226,#3887);
#3360=LINE('',#8230,#3888);
#3361=LINE('',#8232,#3889);
#3362=LINE('',#8234,#3890);
#3363=LINE('',#8237,#3891);
#3364=LINE('',#8241,#3892);
#3365=LINE('',#8245,#3893);
#3366=LINE('',#8249,#3894);
#3367=LINE('',#8253,#3895);
#3368=LINE('',#8255,#3896);
#3369=LINE('',#8257,#3897);
#3370=LINE('',#8261,#3898);
#3371=LINE('',#8263,#3899);
#3372=LINE('',#8265,#3900);
#3373=LINE('',#8269,#3901);
#3374=LINE('',#8271,#3902);
#3375=LINE('',#8299,#3903);
#3376=LINE('',#8303,#3904);
#3377=LINE('',#8305,#3905);
#3378=LINE('',#8307,#3906);
#3379=LINE('',#8311,#3907);
#3380=LINE('',#8313,#3908);
#3381=LINE('',#8315,#3909);
#3382=LINE('',#8319,#3910);
#3383=LINE('',#8321,#3911);
#3384=LINE('',#8325,#3912);
#3385=LINE('',#8327,#3913);
#3386=LINE('',#8329,#3914);
#3387=LINE('',#8331,#3915);
#3388=LINE('',#8333,#3916);
#3389=LINE('',#8335,#3917);
#3390=LINE('',#8337,#3918);
#3391=LINE('',#8339,#3919);
#3392=LINE('',#8341,#3920);
#3393=LINE('',#8343,#3921);
#3394=LINE('',#8345,#3922);
#3395=LINE('',#8347,#3923);
#3396=LINE('',#8349,#3924);
#3397=LINE('',#8351,#3925);
#3398=LINE('',#8354,#3926);
#3399=LINE('',#8357,#3927);
#3400=LINE('',#8358,#3928);
#3401=LINE('',#8359,#3929);
#3402=LINE('',#8361,#3930);
#3403=LINE('',#8363,#3931);
#3404=LINE('',#8367,#3932);
#3405=LINE('',#8369,#3933);
#3406=LINE('',#8371,#3934);
#3407=LINE('',#8373,#3935);
#3408=LINE('',#8375,#3936);
#3409=LINE('',#8376,#3937);
#3410=LINE('',#8378,#3938);
#3411=LINE('',#8380,#3939);
#3412=LINE('',#8382,#3940);
#3413=LINE('',#8384,#3941);
#3414=LINE('',#8386,#3942);
#3415=LINE('',#8388,#3943);
#3416=LINE('',#8390,#3944);
#3417=LINE('',#8392,#3945);
#3418=LINE('',#8394,#3946);
#3419=LINE('',#8396,#3947);
#3420=LINE('',#8399,#3948);
#3421=LINE('',#8401,#3949);
#3422=LINE('',#8403,#3950);
#3423=LINE('',#8405,#3951);
#3424=LINE('',#8407,#3952);
#3425=LINE('',#8409,#3953);
#3426=LINE('',#8411,#3954);
#3427=LINE('',#8413,#3955);
#3428=LINE('',#8416,#3956);
#3429=LINE('',#8419,#3957);
#3430=LINE('',#8420,#3958);
#3431=LINE('',#8422,#3959);
#3432=LINE('',#8424,#3960);
#3433=LINE('',#8426,#3961);
#3434=LINE('',#8428,#3962);
#3435=LINE('',#8430,#3963);
#3436=LINE('',#8432,#3964);
#3437=LINE('',#8434,#3965);
#3438=LINE('',#8436,#3966);
#3439=LINE('',#8438,#3967);
#3440=LINE('',#8440,#3968);
#3441=LINE('',#8443,#3969);
#3442=LINE('',#8445,#3970);
#3443=LINE('',#8447,#3971);
#3444=LINE('',#8473,#3972);
#3445=LINE('',#8476,#3973);
#3446=LINE('',#8477,#3974);
#3447=LINE('',#8479,#3975);
#3448=LINE('',#8481,#3976);
#3449=LINE('',#8483,#3977);
#3450=LINE('',#8485,#3978);
#3451=LINE('',#8487,#3979);
#3452=LINE('',#8489,#3980);
#3453=LINE('',#8491,#3981);
#3454=LINE('',#8493,#3982);
#3455=LINE('',#8495,#3983);
#3456=LINE('',#8497,#3984);
#3457=LINE('',#8500,#3985);
#3458=LINE('',#8502,#3986);
#3459=LINE('',#8504,#3987);
#3460=LINE('',#8530,#3988);
#3461=LINE('',#8533,#3989);
#3462=LINE('',#8534,#3990);
#3463=LINE('',#8536,#3991);
#3464=LINE('',#8538,#3992);
#3465=LINE('',#8540,#3993);
#3466=LINE('',#8542,#3994);
#3467=LINE('',#8544,#3995);
#3468=LINE('',#8546,#3996);
#3469=LINE('',#8548,#3997);
#3470=LINE('',#8550,#3998);
#3471=LINE('',#8552,#3999);
#3472=LINE('',#8554,#4000);
#3473=LINE('',#8557,#4001);
#3474=LINE('',#8559,#4002);
#3475=LINE('',#8561,#4003);
#3476=LINE('',#8587,#4004);
#3477=LINE('',#8588,#4005);
#3478=LINE('',#8590,#4006);
#3479=LINE('',#8592,#4007);
#3480=LINE('',#8601,#4008);
#3481=LINE('',#8603,#4009);
#3482=LINE('',#8605,#4010);
#3483=LINE('',#8609,#4011);
#3484=LINE('',#8611,#4012);
#3485=LINE('',#8613,#4013);
#3486=LINE('',#8617,#4014);
#3487=LINE('',#8619,#4015);
#3488=LINE('',#8621,#4016);
#3489=LINE('',#8625,#4017);
#3490=LINE('',#8627,#4018);
#3491=LINE('',#8629,#4019);
#3492=LINE('',#8633,#4020);
#3493=LINE('',#8638,#4021);
#3494=LINE('',#8642,#4022);
#3495=LINE('',#8646,#4023);
#3496=LINE('',#8650,#4024);
#3497=LINE('',#8652,#4025);
#3498=LINE('',#8654,#4026);
#3499=LINE('',#8656,#4027);
#3500=LINE('',#8660,#4028);
#3501=LINE('',#8662,#4029);
#3502=LINE('',#8664,#4030);
#3503=LINE('',#8668,#4031);
#3504=LINE('',#8670,#4032);
#3505=LINE('',#8672,#4033);
#3506=LINE('',#8676,#4034);
#3507=LINE('',#8678,#4035);
#3508=LINE('',#8682,#4036);
#3509=LINE('',#8684,#4037);
#3510=LINE('',#8686,#4038);
#3511=LINE('',#8690,#4039);
#3512=LINE('',#8692,#4040);
#3513=LINE('',#8694,#4041);
#3514=LINE('',#8698,#4042);
#3515=LINE('',#8700,#4043);
#3516=LINE('',#8702,#4044);
#3517=LINE('',#8706,#4045);
#3518=LINE('',#8708,#4046);
#3519=LINE('',#8710,#4047);
#3520=LINE('',#8714,#4048);
#3521=LINE('',#8719,#4049);
#3522=LINE('',#8723,#4050);
#3523=LINE('',#8727,#4051);
#3524=LINE('',#8731,#4052);
#3525=LINE('',#8733,#4053);
#3526=LINE('',#8735,#4054);
#3527=LINE('',#8737,#4055);
#3528=LINE('',#8741,#4056);
#3529=LINE('',#8743,#4057);
#3530=LINE('',#8745,#4058);
#3531=LINE('',#8749,#4059);
#3532=LINE('',#8751,#4060);
#3533=LINE('',#8753,#4061);
#3534=LINE('',#8757,#4062);
#3535=LINE('',#8759,#4063);
#3536=LINE('',#8763,#4064);
#3537=LINE('',#8765,#4065);
#3538=LINE('',#8767,#4066);
#3539=LINE('',#8771,#4067);
#3540=LINE('',#8773,#4068);
#3541=LINE('',#8775,#4069);
#3542=LINE('',#8779,#4070);
#3543=LINE('',#8781,#4071);
#3544=LINE('',#8783,#4072);
#3545=LINE('',#8787,#4073);
#3546=LINE('',#8789,#4074);
#3547=LINE('',#8791,#4075);
#3548=LINE('',#8795,#4076);
#3549=LINE('',#8800,#4077);
#3550=LINE('',#8804,#4078);
#3551=LINE('',#8808,#4079);
#3552=LINE('',#8812,#4080);
#3553=LINE('',#8814,#4081);
#3554=LINE('',#8816,#4082);
#3555=LINE('',#8818,#4083);
#3556=LINE('',#8822,#4084);
#3557=LINE('',#8824,#4085);
#3558=LINE('',#8826,#4086);
#3559=LINE('',#8830,#4087);
#3560=LINE('',#8832,#4088);
#3561=LINE('',#8834,#4089);
#3562=LINE('',#8838,#4090);
#3563=LINE('',#8840,#4091);
#3564=LINE('',#8844,#4092);
#3565=LINE('',#8846,#4093);
#3566=LINE('',#8848,#4094);
#3567=LINE('',#8852,#4095);
#3568=LINE('',#8854,#4096);
#3569=LINE('',#8856,#4097);
#3570=LINE('',#8860,#4098);
#3571=LINE('',#8862,#4099);
#3572=LINE('',#8864,#4100);
#3573=LINE('',#8868,#4101);
#3574=LINE('',#8870,#4102);
#3575=LINE('',#8872,#4103);
#3576=LINE('',#8876,#4104);
#3577=LINE('',#8881,#4105);
#3578=LINE('',#8885,#4106);
#3579=LINE('',#8889,#4107);
#3580=LINE('',#8893,#4108);
#3581=LINE('',#8895,#4109);
#3582=LINE('',#8897,#4110);
#3583=LINE('',#8899,#4111);
#3584=LINE('',#8903,#4112);
#3585=LINE('',#8905,#4113);
#3586=LINE('',#8907,#4114);
#3587=LINE('',#8911,#4115);
#3588=LINE('',#8913,#4116);
#3589=LINE('',#8915,#4117);
#3590=LINE('',#8919,#4118);
#3591=LINE('',#8921,#4119);
#3592=LINE('',#8925,#4120);
#3593=LINE('',#8927,#4121);
#3594=LINE('',#8929,#4122);
#3595=LINE('',#8933,#4123);
#3596=LINE('',#8935,#4124);
#3597=LINE('',#8937,#4125);
#3598=LINE('',#8941,#4126);
#3599=LINE('',#8943,#4127);
#3600=LINE('',#8945,#4128);
#3601=LINE('',#8949,#4129);
#3602=LINE('',#8951,#4130);
#3603=LINE('',#8953,#4131);
#3604=LINE('',#8957,#4132);
#3605=LINE('',#8962,#4133);
#3606=LINE('',#8966,#4134);
#3607=LINE('',#8970,#4135);
#3608=LINE('',#8974,#4136);
#3609=LINE('',#8976,#4137);
#3610=LINE('',#8978,#4138);
#3611=LINE('',#8980,#4139);
#3612=LINE('',#8984,#4140);
#3613=LINE('',#8986,#4141);
#3614=LINE('',#8988,#4142);
#3615=LINE('',#8992,#4143);
#3616=LINE('',#8994,#4144);
#3617=LINE('',#8996,#4145);
#3618=LINE('',#9000,#4146);
#3619=LINE('',#9002,#4147);
#3620=LINE('',#9006,#4148);
#3621=LINE('',#9008,#4149);
#3622=LINE('',#9010,#4150);
#3623=LINE('',#9014,#4151);
#3624=LINE('',#9016,#4152);
#3625=LINE('',#9018,#4153);
#3626=LINE('',#9022,#4154);
#3627=LINE('',#9024,#4155);
#3628=LINE('',#9026,#4156);
#3629=LINE('',#9030,#4157);
#3630=LINE('',#9032,#4158);
#3631=LINE('',#9034,#4159);
#3632=LINE('',#9038,#4160);
#3633=LINE('',#9043,#4161);
#3634=LINE('',#9047,#4162);
#3635=LINE('',#9051,#4163);
#3636=LINE('',#9055,#4164);
#3637=LINE('',#9057,#4165);
#3638=LINE('',#9059,#4166);
#3639=LINE('',#9061,#4167);
#3640=LINE('',#9065,#4168);
#3641=LINE('',#9067,#4169);
#3642=LINE('',#9069,#4170);
#3643=LINE('',#9073,#4171);
#3644=LINE('',#9075,#4172);
#3645=LINE('',#9077,#4173);
#3646=LINE('',#9081,#4174);
#3647=LINE('',#9083,#4175);
#3648=LINE('',#9087,#4176);
#3649=LINE('',#9089,#4177);
#3650=LINE('',#9091,#4178);
#3651=LINE('',#9095,#4179);
#3652=LINE('',#9097,#4180);
#3653=LINE('',#9099,#4181);
#3654=LINE('',#9103,#4182);
#3655=LINE('',#9105,#4183);
#3656=LINE('',#9107,#4184);
#3657=LINE('',#9111,#4185);
#3658=LINE('',#9113,#4186);
#3659=LINE('',#9115,#4187);
#3660=LINE('',#9119,#4188);
#3661=LINE('',#9124,#4189);
#3662=LINE('',#9128,#4190);
#3663=LINE('',#9132,#4191);
#3664=LINE('',#9136,#4192);
#3665=LINE('',#9138,#4193);
#3666=LINE('',#9140,#4194);
#3667=LINE('',#9142,#4195);
#3668=LINE('',#9146,#4196);
#3669=LINE('',#9148,#4197);
#3670=LINE('',#9150,#4198);
#3671=LINE('',#9154,#4199);
#3672=LINE('',#9156,#4200);
#3673=LINE('',#9158,#4201);
#3674=LINE('',#9162,#4202);
#3675=LINE('',#9164,#4203);
#3676=LINE('',#9168,#4204);
#3677=LINE('',#9170,#4205);
#3678=LINE('',#9172,#4206);
#3679=LINE('',#9176,#4207);
#3680=LINE('',#9178,#4208);
#3681=LINE('',#9180,#4209);
#3682=LINE('',#9184,#4210);
#3683=LINE('',#9186,#4211);
#3684=LINE('',#9188,#4212);
#3685=LINE('',#9192,#4213);
#3686=LINE('',#9194,#4214);
#3687=LINE('',#9196,#4215);
#3688=LINE('',#9200,#4216);
#3689=LINE('',#9205,#4217);
#3690=LINE('',#9209,#4218);
#3691=LINE('',#9213,#4219);
#3692=LINE('',#9217,#4220);
#3693=LINE('',#9219,#4221);
#3694=LINE('',#9221,#4222);
#3695=LINE('',#9223,#4223);
#3696=LINE('',#9227,#4224);
#3697=LINE('',#9229,#4225);
#3698=LINE('',#9231,#4226);
#3699=LINE('',#9235,#4227);
#3700=LINE('',#9237,#4228);
#3701=LINE('',#9239,#4229);
#3702=LINE('',#9243,#4230);
#3703=LINE('',#9245,#4231);
#3704=LINE('',#9249,#4232);
#3705=LINE('',#9250,#4233);
#3706=LINE('',#9252,#4234);
#3707=LINE('',#9254,#4235);
#3708=LINE('',#9256,#4236);
#3709=LINE('',#9258,#4237);
#3710=LINE('',#9260,#4238);
#3711=LINE('',#9262,#4239);
#3712=LINE('',#9265,#4240);
#3713=LINE('',#9266,#4241);
#3714=LINE('',#9268,#4242);
#3715=LINE('',#9270,#4243);
#3716=LINE('',#9272,#4244);
#3717=LINE('',#9274,#4245);
#3718=LINE('',#9276,#4246);
#3719=LINE('',#9278,#4247);
#3720=LINE('',#9281,#4248);
#3721=LINE('',#9282,#4249);
#3722=LINE('',#9284,#4250);
#3723=LINE('',#9286,#4251);
#3724=LINE('',#9288,#4252);
#3725=LINE('',#9290,#4253);
#3726=LINE('',#9292,#4254);
#3727=LINE('',#9294,#4255);
#3728=LINE('',#9297,#4256);
#3729=LINE('',#9298,#4257);
#3730=LINE('',#9300,#4258);
#3731=LINE('',#9302,#4259);
#3732=LINE('',#9304,#4260);
#3733=LINE('',#9306,#4261);
#3734=LINE('',#9308,#4262);
#3735=LINE('',#9310,#4263);
#3736=LINE('',#9313,#4264);
#3737=LINE('',#9314,#4265);
#3738=LINE('',#9316,#4266);
#3739=LINE('',#9318,#4267);
#3740=LINE('',#9320,#4268);
#3741=LINE('',#9322,#4269);
#3742=LINE('',#9324,#4270);
#3743=LINE('',#9326,#4271);
#3744=LINE('',#9329,#4272);
#3745=LINE('',#9330,#4273);
#3746=LINE('',#9332,#4274);
#3747=LINE('',#9334,#4275);
#3748=LINE('',#9336,#4276);
#3749=LINE('',#9338,#4277);
#3750=LINE('',#9340,#4278);
#3751=LINE('',#9342,#4279);
#3752=LINE('',#9345,#4280);
#3753=LINE('',#9346,#4281);
#3754=LINE('',#9348,#4282);
#3755=LINE('',#9350,#4283);
#3756=LINE('',#9352,#4284);
#3757=LINE('',#9354,#4285);
#3758=LINE('',#9356,#4286);
#3759=LINE('',#9358,#4287);
#3760=LINE('',#9361,#4288);
#3761=LINE('',#9362,#4289);
#3762=LINE('',#9364,#4290);
#3763=LINE('',#9366,#4291);
#3764=LINE('',#9368,#4292);
#3765=LINE('',#9370,#4293);
#3766=LINE('',#9372,#4294);
#3767=LINE('',#9374,#4295);
#3768=LINE('',#9377,#4296);
#3769=LINE('',#9378,#4297);
#3770=LINE('',#9380,#4298);
#3771=LINE('',#9382,#4299);
#3772=LINE('',#9384,#4300);
#3773=LINE('',#9386,#4301);
#3774=LINE('',#9388,#4302);
#3775=LINE('',#9390,#4303);
#3776=VECTOR('',#6123,1.);
#3777=VECTOR('',#6126,1.);
#3778=VECTOR('',#6129,1.);
#3779=VECTOR('',#6132,1.);
#3780=VECTOR('',#6135,1.);
#3781=VECTOR('',#6138,1.);
#3782=VECTOR('',#6141,1.);
#3783=VECTOR('',#6144,1.);
#3784=VECTOR('',#6147,1.);
#3785=VECTOR('',#6150,1.);
#3786=VECTOR('',#6153,1.);
#3787=VECTOR('',#6156,1.);
#3788=VECTOR('',#6159,1.);
#3789=VECTOR('',#6162,1.);
#3790=VECTOR('',#6165,1.);
#3791=VECTOR('',#6168,1.);
#3792=VECTOR('',#6173,1.);
#3793=VECTOR('',#6176,1.);
#3794=VECTOR('',#6179,1.);
#3795=VECTOR('',#6182,1.);
#3796=VECTOR('',#6185,1.);
#3797=VECTOR('',#6188,1.);
#3798=VECTOR('',#6191,1.);
#3799=VECTOR('',#6194,1.);
#3800=VECTOR('',#6195,1.);
#3801=VECTOR('',#6196,1.);
#3802=VECTOR('',#6197,1.);
#3803=VECTOR('',#6198,1.);
#3804=VECTOR('',#6211,1.);
#3805=VECTOR('',#6212,1.);
#3806=VECTOR('',#6213,1.);
#3807=VECTOR('',#6214,1.);
#3808=VECTOR('',#6215,1.);
#3809=VECTOR('',#6218,1.);
#3810=VECTOR('',#6221,1.);
#3811=VECTOR('',#6224,1.);
#3812=VECTOR('',#6227,1.);
#3813=VECTOR('',#6228,1.);
#3814=VECTOR('',#6229,1.);
#3815=VECTOR('',#6230,1.);
#3816=VECTOR('',#6231,1.);
#3817=VECTOR('',#6232,1.);
#3818=VECTOR('',#6233,1.);
#3819=VECTOR('',#6234,1.);
#3820=VECTOR('',#6237,1.);
#3821=VECTOR('',#6240,1.);
#3822=VECTOR('',#6243,1.);
#3823=VECTOR('',#6246,1.);
#3824=VECTOR('',#6249,1.);
#3825=VECTOR('',#6250,1.);
#3826=VECTOR('',#6251,1.);
#3827=VECTOR('',#6252,1.);
#3828=VECTOR('',#6253,1.);
#3829=VECTOR('',#6256,1.);
#3830=VECTOR('',#6257,1.);
#3831=VECTOR('',#6260,1.);
#3832=VECTOR('',#6263,1.);
#3833=VECTOR('',#6266,1.);
#3834=VECTOR('',#6269,1.);
#3835=VECTOR('',#6272,1.);
#3836=VECTOR('',#6275,1.);
#3837=VECTOR('',#6278,1.);
#3838=VECTOR('',#6281,1.);
#3839=VECTOR('',#6284,1.);
#3840=VECTOR('',#6287,1.);
#3841=VECTOR('',#6290,1.);
#3842=VECTOR('',#6293,1.);
#3843=VECTOR('',#6296,1.);
#3844=VECTOR('',#6299,1.);
#3845=VECTOR('',#6302,1.);
#3846=VECTOR('',#6307,1.);
#3847=VECTOR('',#6310,1.);
#3848=VECTOR('',#6313,1.);
#3849=VECTOR('',#6316,1.);
#3850=VECTOR('',#6319,1.);
#3851=VECTOR('',#6322,1.);
#3852=VECTOR('',#6325,1.);
#3853=VECTOR('',#6328,1.);
#3854=VECTOR('',#6331,1.);
#3855=VECTOR('',#6334,1.);
#3856=VECTOR('',#6337,1.);
#3857=VECTOR('',#6340,1.);
#3858=VECTOR('',#6343,1.);
#3859=VECTOR('',#6346,1.);
#3860=VECTOR('',#6349,1.);
#3861=VECTOR('',#6352,1.);
#3862=VECTOR('',#6355,1.);
#3863=VECTOR('',#6358,1.);
#3864=VECTOR('',#6361,1.);
#3865=VECTOR('',#6364,1.);
#3866=VECTOR('',#6367,1.);
#3867=VECTOR('',#6370,1.);
#3868=VECTOR('',#6373,1.);
#3869=VECTOR('',#6376,1.);
#3870=VECTOR('',#6379,1.);
#3871=VECTOR('',#6382,1.);
#3872=VECTOR('',#6385,1.);
#3873=VECTOR('',#6388,1.);
#3874=VECTOR('',#6391,1.);
#3875=VECTOR('',#6394,1.);
#3876=VECTOR('',#6397,1.);
#3877=VECTOR('',#6400,1.);
#3878=VECTOR('',#6403,1.);
#3879=VECTOR('',#6406,1.);
#3880=VECTOR('',#6409,1.);
#3881=VECTOR('',#6412,1.);
#3882=VECTOR('',#6425,1.);
#3883=VECTOR('',#6428,1.);
#3884=VECTOR('',#6437,1.);
#3885=VECTOR('',#6440,1.);
#3886=VECTOR('',#6443,1.);
#3887=VECTOR('',#6444,1.);
#3888=VECTOR('',#6449,1.);
#3889=VECTOR('',#6450,1.);
#3890=VECTOR('',#6451,1.);
#3891=VECTOR('',#6454,1.);
#3892=VECTOR('',#6457,1.);
#3893=VECTOR('',#6460,1.);
#3894=VECTOR('',#6465,1.);
#3895=VECTOR('',#6470,1.);
#3896=VECTOR('',#6471,1.);
#3897=VECTOR('',#6474,1.);
#3898=VECTOR('',#6479,1.);
#3899=VECTOR('',#6480,1.);
#3900=VECTOR('',#6483,1.);
#3901=VECTOR('',#6488,1.);
#3902=VECTOR('',#6489,1.);
#3903=VECTOR('',#6532,1.);
#3904=VECTOR('',#6537,1.);
#3905=VECTOR('',#6538,1.);
#3906=VECTOR('',#6541,1.);
#3907=VECTOR('',#6546,1.);
#3908=VECTOR('',#6547,1.);
#3909=VECTOR('',#6550,1.);
#3910=VECTOR('',#6555,1.);
#3911=VECTOR('',#6556,1.);
#3912=VECTOR('',#6563,1.);
#3913=VECTOR('',#6564,1.);
#3914=VECTOR('',#6565,1.);
#3915=VECTOR('',#6566,1.);
#3916=VECTOR('',#6567,1.);
#3917=VECTOR('',#6570,1.);
#3918=VECTOR('',#6571,1.);
#3919=VECTOR('',#6572,1.);
#3920=VECTOR('',#6573,1.);
#3921=VECTOR('',#6574,1.);
#3922=VECTOR('',#6577,1.);
#3923=VECTOR('',#6580,1.);
#3924=VECTOR('',#6583,1.);
#3925=VECTOR('',#6586,1.);
#3926=VECTOR('',#6591,1.);
#3927=VECTOR('',#6592,1.);
#3928=VECTOR('',#6593,1.);
#3929=VECTOR('',#6594,1.);
#3930=VECTOR('',#6597,1.);
#3931=VECTOR('',#6598,1.);
#3932=VECTOR('',#6603,1.);
#3933=VECTOR('',#6604,1.);
#3934=VECTOR('',#6607,1.);
#3935=VECTOR('',#6608,1.);
#3936=VECTOR('',#6611,1.);
#3937=VECTOR('',#6612,1.);
#3938=VECTOR('',#6613,1.);
#3939=VECTOR('',#6616,1.);
#3940=VECTOR('',#6619,1.);
#3941=VECTOR('',#6620,1.);
#3942=VECTOR('',#6621,1.);
#3943=VECTOR('',#6624,1.);
#3944=VECTOR('',#6625,1.);
#3945=VECTOR('',#6628,1.);
#3946=VECTOR('',#6629,1.);
#3947=VECTOR('',#6632,1.);
#3948=VECTOR('',#6637,1.);
#3949=VECTOR('',#6638,1.);
#3950=VECTOR('',#6639,1.);
#3951=VECTOR('',#6642,1.);
#3952=VECTOR('',#6643,1.);
#3953=VECTOR('',#6646,1.);
#3954=VECTOR('',#6647,1.);
#3955=VECTOR('',#6650,1.);
#3956=VECTOR('',#6655,1.);
#3957=VECTOR('',#6656,1.);
#3958=VECTOR('',#6657,1.);
#3959=VECTOR('',#6660,1.);
#3960=VECTOR('',#6661,1.);
#3961=VECTOR('',#6662,1.);
#3962=VECTOR('',#6665,1.);
#3963=VECTOR('',#6666,1.);
#3964=VECTOR('',#6667,1.);
#3965=VECTOR('',#6670,1.);
#3966=VECTOR('',#6671,1.);
#3967=VECTOR('',#6672,1.);
#3968=VECTOR('',#6675,1.);
#3969=VECTOR('',#6676,1.);
#3970=VECTOR('',#6677,1.);
#3971=VECTOR('',#6678,1.);
#3972=VECTOR('',#6729,1.);
#3973=VECTOR('',#6730,1.);
#3974=VECTOR('',#6731,1.);
#3975=VECTOR('',#6734,1.);
#3976=VECTOR('',#6735,1.);
#3977=VECTOR('',#6736,1.);
#3978=VECTOR('',#6739,1.);
#3979=VECTOR('',#6740,1.);
#3980=VECTOR('',#6741,1.);
#3981=VECTOR('',#6744,1.);
#3982=VECTOR('',#6745,1.);
#3983=VECTOR('',#6746,1.);
#3984=VECTOR('',#6749,1.);
#3985=VECTOR('',#6750,1.);
#3986=VECTOR('',#6751,1.);
#3987=VECTOR('',#6752,1.);
#3988=VECTOR('',#6803,1.);
#3989=VECTOR('',#6804,1.);
#3990=VECTOR('',#6805,1.);
#3991=VECTOR('',#6808,1.);
#3992=VECTOR('',#6809,1.);
#3993=VECTOR('',#6810,1.);
#3994=VECTOR('',#6813,1.);
#3995=VECTOR('',#6814,1.);
#3996=VECTOR('',#6815,1.);
#3997=VECTOR('',#6818,1.);
#3998=VECTOR('',#6819,1.);
#3999=VECTOR('',#6820,1.);
#4000=VECTOR('',#6823,1.);
#4001=VECTOR('',#6824,1.);
#4002=VECTOR('',#6825,1.);
#4003=VECTOR('',#6826,1.);
#4004=VECTOR('',#6877,1.);
#4005=VECTOR('',#6878,1.);
#4006=VECTOR('',#6881,1.);
#4007=VECTOR('',#6884,1.);
#4008=VECTOR('',#6899,1.);
#4009=VECTOR('',#6900,1.);
#4010=VECTOR('',#6901,1.);
#4011=VECTOR('',#6906,1.);
#4012=VECTOR('',#6909,1.);
#4013=VECTOR('',#6910,1.);
#4014=VECTOR('',#6915,1.);
#4015=VECTOR('',#6918,1.);
#4016=VECTOR('',#6919,1.);
#4017=VECTOR('',#6924,1.);
#4018=VECTOR('',#6927,1.);
#4019=VECTOR('',#6928,1.);
#4020=VECTOR('',#6935,1.);
#4021=VECTOR('',#6938,1.);
#4022=VECTOR('',#6941,1.);
#4023=VECTOR('',#6944,1.);
#4024=VECTOR('',#6949,1.);
#4025=VECTOR('',#6950,1.);
#4026=VECTOR('',#6951,1.);
#4027=VECTOR('',#6954,1.);
#4028=VECTOR('',#6959,1.);
#4029=VECTOR('',#6960,1.);
#4030=VECTOR('',#6963,1.);
#4031=VECTOR('',#6968,1.);
#4032=VECTOR('',#6969,1.);
#4033=VECTOR('',#6972,1.);
#4034=VECTOR('',#6977,1.);
#4035=VECTOR('',#6978,1.);
#4036=VECTOR('',#6985,1.);
#4037=VECTOR('',#6986,1.);
#4038=VECTOR('',#6987,1.);
#4039=VECTOR('',#6992,1.);
#4040=VECTOR('',#6995,1.);
#4041=VECTOR('',#6996,1.);
#4042=VECTOR('',#7001,1.);
#4043=VECTOR('',#7004,1.);
#4044=VECTOR('',#7005,1.);
#4045=VECTOR('',#7010,1.);
#4046=VECTOR('',#7013,1.);
#4047=VECTOR('',#7014,1.);
#4048=VECTOR('',#7021,1.);
#4049=VECTOR('',#7024,1.);
#4050=VECTOR('',#7027,1.);
#4051=VECTOR('',#7030,1.);
#4052=VECTOR('',#7035,1.);
#4053=VECTOR('',#7036,1.);
#4054=VECTOR('',#7037,1.);
#4055=VECTOR('',#7040,1.);
#4056=VECTOR('',#7045,1.);
#4057=VECTOR('',#7046,1.);
#4058=VECTOR('',#7049,1.);
#4059=VECTOR('',#7054,1.);
#4060=VECTOR('',#7055,1.);
#4061=VECTOR('',#7058,1.);
#4062=VECTOR('',#7063,1.);
#4063=VECTOR('',#7064,1.);
#4064=VECTOR('',#7071,1.);
#4065=VECTOR('',#7072,1.);
#4066=VECTOR('',#7073,1.);
#4067=VECTOR('',#7078,1.);
#4068=VECTOR('',#7081,1.);
#4069=VECTOR('',#7082,1.);
#4070=VECTOR('',#7087,1.);
#4071=VECTOR('',#7090,1.);
#4072=VECTOR('',#7091,1.);
#4073=VECTOR('',#7096,1.);
#4074=VECTOR('',#7099,1.);
#4075=VECTOR('',#7100,1.);
#4076=VECTOR('',#7107,1.);
#4077=VECTOR('',#7110,1.);
#4078=VECTOR('',#7113,1.);
#4079=VECTOR('',#7116,1.);
#4080=VECTOR('',#7121,1.);
#4081=VECTOR('',#7122,1.);
#4082=VECTOR('',#7123,1.);
#4083=VECTOR('',#7126,1.);
#4084=VECTOR('',#7131,1.);
#4085=VECTOR('',#7132,1.);
#4086=VECTOR('',#7135,1.);
#4087=VECTOR('',#7140,1.);
#4088=VECTOR('',#7141,1.);
#4089=VECTOR('',#7144,1.);
#4090=VECTOR('',#7149,1.);
#4091=VECTOR('',#7150,1.);
#4092=VECTOR('',#7157,1.);
#4093=VECTOR('',#7158,1.);
#4094=VECTOR('',#7159,1.);
#4095=VECTOR('',#7164,1.);
#4096=VECTOR('',#7167,1.);
#4097=VECTOR('',#7168,1.);
#4098=VECTOR('',#7173,1.);
#4099=VECTOR('',#7176,1.);
#4100=VECTOR('',#7177,1.);
#4101=VECTOR('',#7182,1.);
#4102=VECTOR('',#7185,1.);
#4103=VECTOR('',#7186,1.);
#4104=VECTOR('',#7193,1.);
#4105=VECTOR('',#7196,1.);
#4106=VECTOR('',#7199,1.);
#4107=VECTOR('',#7202,1.);
#4108=VECTOR('',#7207,1.);
#4109=VECTOR('',#7208,1.);
#4110=VECTOR('',#7209,1.);
#4111=VECTOR('',#7212,1.);
#4112=VECTOR('',#7217,1.);
#4113=VECTOR('',#7218,1.);
#4114=VECTOR('',#7221,1.);
#4115=VECTOR('',#7226,1.);
#4116=VECTOR('',#7227,1.);
#4117=VECTOR('',#7230,1.);
#4118=VECTOR('',#7235,1.);
#4119=VECTOR('',#7236,1.);
#4120=VECTOR('',#7243,1.);
#4121=VECTOR('',#7244,1.);
#4122=VECTOR('',#7245,1.);
#4123=VECTOR('',#7250,1.);
#4124=VECTOR('',#7253,1.);
#4125=VECTOR('',#7254,1.);
#4126=VECTOR('',#7259,1.);
#4127=VECTOR('',#7262,1.);
#4128=VECTOR('',#7263,1.);
#4129=VECTOR('',#7268,1.);
#4130=VECTOR('',#7271,1.);
#4131=VECTOR('',#7272,1.);
#4132=VECTOR('',#7279,1.);
#4133=VECTOR('',#7282,1.);
#4134=VECTOR('',#7285,1.);
#4135=VECTOR('',#7288,1.);
#4136=VECTOR('',#7293,1.);
#4137=VECTOR('',#7294,1.);
#4138=VECTOR('',#7295,1.);
#4139=VECTOR('',#7298,1.);
#4140=VECTOR('',#7303,1.);
#4141=VECTOR('',#7304,1.);
#4142=VECTOR('',#7307,1.);
#4143=VECTOR('',#7312,1.);
#4144=VECTOR('',#7313,1.);
#4145=VECTOR('',#7316,1.);
#4146=VECTOR('',#7321,1.);
#4147=VECTOR('',#7322,1.);
#4148=VECTOR('',#7329,1.);
#4149=VECTOR('',#7330,1.);
#4150=VECTOR('',#7331,1.);
#4151=VECTOR('',#7336,1.);
#4152=VECTOR('',#7339,1.);
#4153=VECTOR('',#7340,1.);
#4154=VECTOR('',#7345,1.);
#4155=VECTOR('',#7348,1.);
#4156=VECTOR('',#7349,1.);
#4157=VECTOR('',#7354,1.);
#4158=VECTOR('',#7357,1.);
#4159=VECTOR('',#7358,1.);
#4160=VECTOR('',#7365,1.);
#4161=VECTOR('',#7368,1.);
#4162=VECTOR('',#7371,1.);
#4163=VECTOR('',#7374,1.);
#4164=VECTOR('',#7379,1.);
#4165=VECTOR('',#7380,1.);
#4166=VECTOR('',#7381,1.);
#4167=VECTOR('',#7384,1.);
#4168=VECTOR('',#7389,1.);
#4169=VECTOR('',#7390,1.);
#4170=VECTOR('',#7393,1.);
#4171=VECTOR('',#7398,1.);
#4172=VECTOR('',#7399,1.);
#4173=VECTOR('',#7402,1.);
#4174=VECTOR('',#7407,1.);
#4175=VECTOR('',#7408,1.);
#4176=VECTOR('',#7415,1.);
#4177=VECTOR('',#7416,1.);
#4178=VECTOR('',#7417,1.);
#4179=VECTOR('',#7422,1.);
#4180=VECTOR('',#7425,1.);
#4181=VECTOR('',#7426,1.);
#4182=VECTOR('',#7431,1.);
#4183=VECTOR('',#7434,1.);
#4184=VECTOR('',#7435,1.);
#4185=VECTOR('',#7440,1.);
#4186=VECTOR('',#7443,1.);
#4187=VECTOR('',#7444,1.);
#4188=VECTOR('',#7451,1.);
#4189=VECTOR('',#7454,1.);
#4190=VECTOR('',#7457,1.);
#4191=VECTOR('',#7460,1.);
#4192=VECTOR('',#7465,1.);
#4193=VECTOR('',#7466,1.);
#4194=VECTOR('',#7467,1.);
#4195=VECTOR('',#7470,1.);
#4196=VECTOR('',#7475,1.);
#4197=VECTOR('',#7476,1.);
#4198=VECTOR('',#7479,1.);
#4199=VECTOR('',#7484,1.);
#4200=VECTOR('',#7485,1.);
#4201=VECTOR('',#7488,1.);
#4202=VECTOR('',#7493,1.);
#4203=VECTOR('',#7494,1.);
#4204=VECTOR('',#7501,1.);
#4205=VECTOR('',#7502,1.);
#4206=VECTOR('',#7503,1.);
#4207=VECTOR('',#7508,1.);
#4208=VECTOR('',#7511,1.);
#4209=VECTOR('',#7512,1.);
#4210=VECTOR('',#7517,1.);
#4211=VECTOR('',#7520,1.);
#4212=VECTOR('',#7521,1.);
#4213=VECTOR('',#7526,1.);
#4214=VECTOR('',#7529,1.);
#4215=VECTOR('',#7530,1.);
#4216=VECTOR('',#7537,1.);
#4217=VECTOR('',#7540,1.);
#4218=VECTOR('',#7543,1.);
#4219=VECTOR('',#7546,1.);
#4220=VECTOR('',#7551,1.);
#4221=VECTOR('',#7552,1.);
#4222=VECTOR('',#7553,1.);
#4223=VECTOR('',#7556,1.);
#4224=VECTOR('',#7561,1.);
#4225=VECTOR('',#7562,1.);
#4226=VECTOR('',#7565,1.);
#4227=VECTOR('',#7570,1.);
#4228=VECTOR('',#7571,1.);
#4229=VECTOR('',#7574,1.);
#4230=VECTOR('',#7579,1.);
#4231=VECTOR('',#7580,1.);
#4232=VECTOR('',#7587,1.);
#4233=VECTOR('',#7588,1.);
#4234=VECTOR('',#7591,1.);
#4235=VECTOR('',#7594,1.);
#4236=VECTOR('',#7597,1.);
#4237=VECTOR('',#7600,1.);
#4238=VECTOR('',#7603,1.);
#4239=VECTOR('',#7606,1.);
#4240=VECTOR('',#7611,1.);
#4241=VECTOR('',#7612,1.);
#4242=VECTOR('',#7615,1.);
#4243=VECTOR('',#7618,1.);
#4244=VECTOR('',#7621,1.);
#4245=VECTOR('',#7624,1.);
#4246=VECTOR('',#7627,1.);
#4247=VECTOR('',#7630,1.);
#4248=VECTOR('',#7635,1.);
#4249=VECTOR('',#7636,1.);
#4250=VECTOR('',#7639,1.);
#4251=VECTOR('',#7642,1.);
#4252=VECTOR('',#7645,1.);
#4253=VECTOR('',#7648,1.);
#4254=VECTOR('',#7651,1.);
#4255=VECTOR('',#7654,1.);
#4256=VECTOR('',#7659,1.);
#4257=VECTOR('',#7660,1.);
#4258=VECTOR('',#7663,1.);
#4259=VECTOR('',#7666,1.);
#4260=VECTOR('',#7669,1.);
#4261=VECTOR('',#7672,1.);
#4262=VECTOR('',#7675,1.);
#4263=VECTOR('',#7678,1.);
#4264=VECTOR('',#7683,1.);
#4265=VECTOR('',#7684,1.);
#4266=VECTOR('',#7687,1.);
#4267=VECTOR('',#7690,1.);
#4268=VECTOR('',#7693,1.);
#4269=VECTOR('',#7696,1.);
#4270=VECTOR('',#7699,1.);
#4271=VECTOR('',#7702,1.);
#4272=VECTOR('',#7707,1.);
#4273=VECTOR('',#7708,1.);
#4274=VECTOR('',#7711,1.);
#4275=VECTOR('',#7714,1.);
#4276=VECTOR('',#7717,1.);
#4277=VECTOR('',#7720,1.);
#4278=VECTOR('',#7723,1.);
#4279=VECTOR('',#7726,1.);
#4280=VECTOR('',#7731,1.);
#4281=VECTOR('',#7732,1.);
#4282=VECTOR('',#7735,1.);
#4283=VECTOR('',#7738,1.);
#4284=VECTOR('',#7741,1.);
#4285=VECTOR('',#7744,1.);
#4286=VECTOR('',#7747,1.);
#4287=VECTOR('',#7750,1.);
#4288=VECTOR('',#7755,1.);
#4289=VECTOR('',#7756,1.);
#4290=VECTOR('',#7759,1.);
#4291=VECTOR('',#7762,1.);
#4292=VECTOR('',#7765,1.);
#4293=VECTOR('',#7768,1.);
#4294=VECTOR('',#7771,1.);
#4295=VECTOR('',#7774,1.);
#4296=VECTOR('',#7779,1.);
#4297=VECTOR('',#7780,1.);
#4298=VECTOR('',#7783,1.);
#4299=VECTOR('',#7786,1.);
#4300=VECTOR('',#7789,1.);
#4301=VECTOR('',#7792,1.);
#4302=VECTOR('',#7795,1.);
#4303=VECTOR('',#7798,1.);
#4304=EDGE_LOOP('',(#422,#423,#424,#425,#426,#427,#428,#429));
#4305=EDGE_LOOP('',(#430,#431,#432,#433,#434,#435,#436,#437));
#4306=EDGE_LOOP('',(#438,#439,#440,#441,#442,#443,#444,#445));
#4307=EDGE_LOOP('',(#446,#447,#448,#449,#450,#451,#452,#453));
#4308=EDGE_LOOP('',(#454,#455,#456,#457,#458,#459,#460,#461));
#4309=EDGE_LOOP('',(#462,#463,#464,#465,#466,#467,#468,#469));
#4310=EDGE_LOOP('',(#470,#471,#472,#473));
#4311=EDGE_LOOP('',(#474));
#4312=EDGE_LOOP('',(#475));
#4313=EDGE_LOOP('',(#476));
#4314=EDGE_LOOP('',(#477));
#4315=EDGE_LOOP('',(#478));
#4316=EDGE_LOOP('',(#479));
#4317=EDGE_LOOP('',(#480,#481,#482,#483,#484,#485,#486,#487,#488,#489,#490,
#491,#492,#493,#494,#495));
#4318=EDGE_LOOP('',(#496,#497,#498,#499));
#4319=EDGE_LOOP('',(#500,#501,#502,#503,#504,#505,#506,#507));
#4320=EDGE_LOOP('',(#508,#509,#510,#511,#512,#513,#514,#515));
#4321=EDGE_LOOP('',(#516,#517,#518,#519,#520,#521,#522,#523));
#4322=EDGE_LOOP('',(#524,#525,#526,#527,#528,#529,#530,#531));
#4323=EDGE_LOOP('',(#532,#533,#534,#535,#536,#537,#538,#539));
#4324=EDGE_LOOP('',(#540,#541,#542,#543,#544,#545,#546,#547));
#4325=EDGE_LOOP('',(#548,#549,#550,#551,#552,#553,#554,#555));
#4326=EDGE_LOOP('',(#556,#557,#558,#559,#560,#561,#562,#563));
#4327=EDGE_LOOP('',(#564,#565,#566,#567,#568,#569,#570,#571));
#4328=EDGE_LOOP('',(#572,#573,#574,#575,#576,#577,#578,#579));
#4329=EDGE_LOOP('',(#580,#581,#582,#583,#584,#585,#586,#587));
#4330=EDGE_LOOP('',(#588,#589,#590,#591,#592,#593,#594,#595));
#4331=EDGE_LOOP('',(#596,#597,#598,#599,#600,#601,#602,#603));
#4332=EDGE_LOOP('',(#604,#605,#606,#607,#608,#609,#610,#611));
#4333=EDGE_LOOP('',(#612,#613,#614,#615,#616,#617,#618,#619));
#4334=EDGE_LOOP('',(#620,#621,#622));
#4335=EDGE_LOOP('',(#623,#624,#625,#626));
#4336=EDGE_LOOP('',(#627,#628,#629));
#4337=EDGE_LOOP('',(#630,#631,#632,#633));
#4338=EDGE_LOOP('',(#634,#635,#636,#637));
#4339=EDGE_LOOP('',(#638,#639,#640,#641,#642,#643,#644,#645,#646,#647,#648,
#649));
#4340=EDGE_LOOP('',(#650,#651,#652,#653));
#4341=EDGE_LOOP('',(#654,#655,#656,#657));
#4342=EDGE_LOOP('',(#658,#659,#660,#661));
#4343=EDGE_LOOP('',(#662,#663,#664,#665));
#4344=EDGE_LOOP('',(#666,#667,#668,#669));
#4345=EDGE_LOOP('',(#670,#671,#672,#673));
#4346=EDGE_LOOP('',(#674,#675,#676,#677));
#4347=EDGE_LOOP('',(#678));
#4348=EDGE_LOOP('',(#679));
#4349=EDGE_LOOP('',(#680));
#4350=EDGE_LOOP('',(#681));
#4351=EDGE_LOOP('',(#682));
#4352=EDGE_LOOP('',(#683));
#4353=EDGE_LOOP('',(#684));
#4354=EDGE_LOOP('',(#685));
#4355=EDGE_LOOP('',(#686));
#4356=EDGE_LOOP('',(#687));
#4357=EDGE_LOOP('',(#688));
#4358=EDGE_LOOP('',(#689));
#4359=EDGE_LOOP('',(#690));
#4360=EDGE_LOOP('',(#691));
#4361=EDGE_LOOP('',(#692));
#4362=EDGE_LOOP('',(#693));
#4363=EDGE_LOOP('',(#694));
#4364=EDGE_LOOP('',(#695));
#4365=EDGE_LOOP('',(#696,#697,#698,#699));
#4366=EDGE_LOOP('',(#700,#701,#702,#703));
#4367=EDGE_LOOP('',(#704,#705,#706,#707));
#4368=EDGE_LOOP('',(#708,#709,#710,#711));
#4369=EDGE_LOOP('',(#712,#713,#714,#715));
#4370=EDGE_LOOP('',(#716,#717,#718,#719));
#4371=EDGE_LOOP('',(#720,#721,#722,#723));
#4372=EDGE_LOOP('',(#724,#725,#726,#727,#728,#729,#730,#731,#732,#733,#734,
#735,#736,#737));
#4373=EDGE_LOOP('',(#738,#739,#740,#741,#742,#743));
#4374=EDGE_LOOP('',(#744,#745,#746,#747));
#4375=EDGE_LOOP('',(#748,#749,#750,#751));
#4376=EDGE_LOOP('',(#752,#753,#754,#755));
#4377=EDGE_LOOP('',(#756,#757,#758,#759));
#4378=EDGE_LOOP('',(#760,#761,#762,#763));
#4379=EDGE_LOOP('',(#764,#765,#766,#767,#768,#769));
#4380=EDGE_LOOP('',(#770,#771,#772,#773));
#4381=EDGE_LOOP('',(#774));
#4382=EDGE_LOOP('',(#775,#776,#777,#778));
#4383=EDGE_LOOP('',(#779,#780,#781,#782));
#4384=EDGE_LOOP('',(#783,#784,#785,#786,#787,#788));
#4385=EDGE_LOOP('',(#789,#790,#791,#792,#793,#794));
#4386=EDGE_LOOP('',(#795,#796,#797,#798));
#4387=EDGE_LOOP('',(#799,#800,#801,#802));
#4388=EDGE_LOOP('',(#803,#804,#805,#806));
#4389=EDGE_LOOP('',(#807,#808,#809,#810));
#4390=EDGE_LOOP('',(#811,#812,#813,#814));
#4391=EDGE_LOOP('',(#815,#816,#817,#818));
#4392=EDGE_LOOP('',(#819,#820,#821,#822));
#4393=EDGE_LOOP('',(#823,#824,#825,#826));
#4394=EDGE_LOOP('',(#827,#828,#829,#830));
#4395=EDGE_LOOP('',(#831,#832,#833,#834));
#4396=EDGE_LOOP('',(#835,#836,#837,#838));
#4397=EDGE_LOOP('',(#839,#840,#841,#842));
#4398=EDGE_LOOP('',(#843,#844,#845,#846));
#4399=EDGE_LOOP('',(#847,#848,#849,#850));
#4400=EDGE_LOOP('',(#851,#852,#853,#854));
#4401=EDGE_LOOP('',(#855,#856,#857,#858));
#4402=EDGE_LOOP('',(#859,#860,#861,#862));
#4403=EDGE_LOOP('',(#863,#864,#865,#866));
#4404=EDGE_LOOP('',(#867,#868,#869));
#4405=EDGE_LOOP('',(#870,#871,#872));
#4406=EDGE_LOOP('',(#873,#874,#875,#876));
#4407=EDGE_LOOP('',(#877,#878,#879,#880));
#4408=EDGE_LOOP('',(#881,#882,#883,#884));
#4409=EDGE_LOOP('',(#885,#886,#887,#888));
#4410=EDGE_LOOP('',(#889,#890,#891));
#4411=EDGE_LOOP('',(#892,#893,#894));
#4412=EDGE_LOOP('',(#895,#896,#897,#898));
#4413=EDGE_LOOP('',(#899,#900,#901,#902));
#4414=EDGE_LOOP('',(#903,#904,#905,#906));
#4415=EDGE_LOOP('',(#907,#908,#909,#910));
#4416=EDGE_LOOP('',(#911,#912,#913,#914));
#4417=EDGE_LOOP('',(#915,#916,#917,#918));
#4418=EDGE_LOOP('',(#919,#920,#921,#922));
#4419=EDGE_LOOP('',(#923,#924,#925,#926));
#4420=EDGE_LOOP('',(#927,#928,#929,#930));
#4421=EDGE_LOOP('',(#931,#932,#933));
#4422=EDGE_LOOP('',(#934,#935,#936));
#4423=EDGE_LOOP('',(#937,#938,#939,#940));
#4424=EDGE_LOOP('',(#941,#942,#943,#944));
#4425=EDGE_LOOP('',(#945,#946,#947,#948));
#4426=EDGE_LOOP('',(#949,#950,#951,#952));
#4427=EDGE_LOOP('',(#953,#954,#955));
#4428=EDGE_LOOP('',(#956,#957,#958));
#4429=EDGE_LOOP('',(#959,#960,#961,#962));
#4430=EDGE_LOOP('',(#963,#964,#965,#966));
#4431=EDGE_LOOP('',(#967,#968,#969,#970));
#4432=EDGE_LOOP('',(#971,#972,#973,#974));
#4433=EDGE_LOOP('',(#975,#976,#977,#978));
#4434=EDGE_LOOP('',(#979,#980,#981,#982));
#4435=EDGE_LOOP('',(#983,#984,#985,#986));
#4436=EDGE_LOOP('',(#987,#988,#989,#990));
#4437=EDGE_LOOP('',(#991,#992,#993,#994));
#4438=EDGE_LOOP('',(#995,#996,#997));
#4439=EDGE_LOOP('',(#998,#999,#1000));
#4440=EDGE_LOOP('',(#1001,#1002,#1003,#1004));
#4441=EDGE_LOOP('',(#1005,#1006,#1007,#1008));
#4442=EDGE_LOOP('',(#1009,#1010,#1011,#1012));
#4443=EDGE_LOOP('',(#1013,#1014,#1015,#1016));
#4444=EDGE_LOOP('',(#1017,#1018,#1019));
#4445=EDGE_LOOP('',(#1020,#1021,#1022));
#4446=EDGE_LOOP('',(#1023,#1024,#1025,#1026));
#4447=EDGE_LOOP('',(#1027,#1028,#1029,#1030));
#4448=EDGE_LOOP('',(#1031,#1032,#1033,#1034));
#4449=EDGE_LOOP('',(#1035,#1036,#1037,#1038));
#4450=EDGE_LOOP('',(#1039,#1040,#1041,#1042));
#4451=EDGE_LOOP('',(#1043,#1044,#1045,#1046));
#4452=EDGE_LOOP('',(#1047));
#4453=EDGE_LOOP('',(#1048));
#4454=EDGE_LOOP('',(#1049));
#4455=EDGE_LOOP('',(#1050,#1051,#1052,#1053));
#4456=EDGE_LOOP('',(#1054,#1055,#1056,#1057));
#4457=EDGE_LOOP('',(#1058,#1059,#1060,#1061));
#4458=EDGE_LOOP('',(#1062,#1063,#1064,#1065));
#4459=EDGE_LOOP('',(#1066,#1067,#1068,#1069));
#4460=EDGE_LOOP('',(#1070,#1071,#1072,#1073));
#4461=EDGE_LOOP('',(#1074,#1075,#1076,#1077));
#4462=EDGE_LOOP('',(#1078,#1079,#1080,#1081));
#4463=EDGE_LOOP('',(#1082,#1083,#1084,#1085));
#4464=EDGE_LOOP('',(#1086,#1087,#1088,#1089,#1090,#1091,#1092,#1093));
#4465=EDGE_LOOP('',(#1094,#1095,#1096,#1097,#1098,#1099,#1100,#1101));
#4466=EDGE_LOOP('',(#1102,#1103,#1104,#1105));
#4467=EDGE_LOOP('',(#1106,#1107,#1108,#1109));
#4468=EDGE_LOOP('',(#1110,#1111,#1112,#1113));
#4469=EDGE_LOOP('',(#1114,#1115,#1116,#1117));
#4470=EDGE_LOOP('',(#1118,#1119,#1120,#1121));
#4471=EDGE_LOOP('',(#1122,#1123,#1124,#1125));
#4472=EDGE_LOOP('',(#1126,#1127,#1128,#1129));
#4473=EDGE_LOOP('',(#1130,#1131,#1132,#1133));
#4474=EDGE_LOOP('',(#1134,#1135,#1136,#1137));
#4475=EDGE_LOOP('',(#1138,#1139,#1140,#1141));
#4476=EDGE_LOOP('',(#1142,#1143,#1144,#1145));
#4477=EDGE_LOOP('',(#1146,#1147,#1148,#1149));
#4478=EDGE_LOOP('',(#1150,#1151,#1152,#1153));
#4479=EDGE_LOOP('',(#1154,#1155,#1156,#1157));
#4480=EDGE_LOOP('',(#1158,#1159,#1160,#1161));
#4481=EDGE_LOOP('',(#1162,#1163,#1164,#1165));
#4482=EDGE_LOOP('',(#1166,#1167,#1168,#1169,#1170,#1171,#1172,#1173));
#4483=EDGE_LOOP('',(#1174,#1175,#1176,#1177,#1178,#1179,#1180,#1181));
#4484=EDGE_LOOP('',(#1182,#1183,#1184,#1185));
#4485=EDGE_LOOP('',(#1186,#1187,#1188,#1189));
#4486=EDGE_LOOP('',(#1190,#1191,#1192,#1193));
#4487=EDGE_LOOP('',(#1194,#1195,#1196,#1197));
#4488=EDGE_LOOP('',(#1198,#1199,#1200,#1201));
#4489=EDGE_LOOP('',(#1202,#1203,#1204,#1205));
#4490=EDGE_LOOP('',(#1206,#1207,#1208,#1209));
#4491=EDGE_LOOP('',(#1210,#1211,#1212,#1213));
#4492=EDGE_LOOP('',(#1214,#1215,#1216,#1217));
#4493=EDGE_LOOP('',(#1218,#1219,#1220,#1221));
#4494=EDGE_LOOP('',(#1222,#1223,#1224,#1225));
#4495=EDGE_LOOP('',(#1226,#1227,#1228,#1229));
#4496=EDGE_LOOP('',(#1230,#1231,#1232,#1233));
#4497=EDGE_LOOP('',(#1234,#1235,#1236,#1237));
#4498=EDGE_LOOP('',(#1238,#1239,#1240,#1241));
#4499=EDGE_LOOP('',(#1242,#1243,#1244,#1245));
#4500=EDGE_LOOP('',(#1246,#1247,#1248,#1249,#1250,#1251,#1252,#1253));
#4501=EDGE_LOOP('',(#1254,#1255,#1256,#1257,#1258,#1259,#1260,#1261));
#4502=EDGE_LOOP('',(#1262,#1263,#1264,#1265));
#4503=EDGE_LOOP('',(#1266,#1267,#1268,#1269));
#4504=EDGE_LOOP('',(#1270,#1271,#1272,#1273));
#4505=EDGE_LOOP('',(#1274,#1275,#1276,#1277));
#4506=EDGE_LOOP('',(#1278,#1279,#1280,#1281));
#4507=EDGE_LOOP('',(#1282,#1283,#1284,#1285));
#4508=EDGE_LOOP('',(#1286,#1287,#1288,#1289));
#4509=EDGE_LOOP('',(#1290,#1291,#1292,#1293));
#4510=EDGE_LOOP('',(#1294,#1295,#1296,#1297));
#4511=EDGE_LOOP('',(#1298,#1299,#1300,#1301));
#4512=EDGE_LOOP('',(#1302,#1303,#1304,#1305));
#4513=EDGE_LOOP('',(#1306,#1307,#1308,#1309));
#4514=EDGE_LOOP('',(#1310,#1311,#1312,#1313));
#4515=EDGE_LOOP('',(#1314,#1315,#1316,#1317));
#4516=EDGE_LOOP('',(#1318,#1319,#1320,#1321));
#4517=EDGE_LOOP('',(#1322,#1323,#1324,#1325));
#4518=EDGE_LOOP('',(#1326,#1327,#1328,#1329,#1330,#1331,#1332,#1333));
#4519=EDGE_LOOP('',(#1334,#1335,#1336,#1337,#1338,#1339,#1340,#1341));
#4520=EDGE_LOOP('',(#1342,#1343,#1344,#1345));
#4521=EDGE_LOOP('',(#1346,#1347,#1348,#1349));
#4522=EDGE_LOOP('',(#1350,#1351,#1352,#1353));
#4523=EDGE_LOOP('',(#1354,#1355,#1356,#1357));
#4524=EDGE_LOOP('',(#1358,#1359,#1360,#1361));
#4525=EDGE_LOOP('',(#1362,#1363,#1364,#1365));
#4526=EDGE_LOOP('',(#1366,#1367,#1368,#1369));
#4527=EDGE_LOOP('',(#1370,#1371,#1372,#1373));
#4528=EDGE_LOOP('',(#1374,#1375,#1376,#1377));
#4529=EDGE_LOOP('',(#1378,#1379,#1380,#1381));
#4530=EDGE_LOOP('',(#1382,#1383,#1384,#1385));
#4531=EDGE_LOOP('',(#1386,#1387,#1388,#1389));
#4532=EDGE_LOOP('',(#1390,#1391,#1392,#1393));
#4533=EDGE_LOOP('',(#1394,#1395,#1396,#1397));
#4534=EDGE_LOOP('',(#1398,#1399,#1400,#1401));
#4535=EDGE_LOOP('',(#1402,#1403,#1404,#1405));
#4536=EDGE_LOOP('',(#1406,#1407,#1408,#1409,#1410,#1411,#1412,#1413));
#4537=EDGE_LOOP('',(#1414,#1415,#1416,#1417,#1418,#1419,#1420,#1421));
#4538=EDGE_LOOP('',(#1422,#1423,#1424,#1425));
#4539=EDGE_LOOP('',(#1426,#1427,#1428,#1429));
#4540=EDGE_LOOP('',(#1430,#1431,#1432,#1433));
#4541=EDGE_LOOP('',(#1434,#1435,#1436,#1437));
#4542=EDGE_LOOP('',(#1438,#1439,#1440,#1441));
#4543=EDGE_LOOP('',(#1442,#1443,#1444,#1445));
#4544=EDGE_LOOP('',(#1446,#1447,#1448,#1449));
#4545=EDGE_LOOP('',(#1450,#1451,#1452,#1453));
#4546=EDGE_LOOP('',(#1454,#1455,#1456,#1457));
#4547=EDGE_LOOP('',(#1458,#1459,#1460,#1461));
#4548=EDGE_LOOP('',(#1462,#1463,#1464,#1465));
#4549=EDGE_LOOP('',(#1466,#1467,#1468,#1469));
#4550=EDGE_LOOP('',(#1470,#1471,#1472,#1473));
#4551=EDGE_LOOP('',(#1474,#1475,#1476,#1477));
#4552=EDGE_LOOP('',(#1478,#1479,#1480,#1481));
#4553=EDGE_LOOP('',(#1482,#1483,#1484,#1485));
#4554=EDGE_LOOP('',(#1486,#1487,#1488,#1489,#1490,#1491,#1492,#1493));
#4555=EDGE_LOOP('',(#1494,#1495,#1496,#1497,#1498,#1499,#1500,#1501));
#4556=EDGE_LOOP('',(#1502,#1503,#1504,#1505));
#4557=EDGE_LOOP('',(#1506,#1507,#1508,#1509));
#4558=EDGE_LOOP('',(#1510,#1511,#1512,#1513));
#4559=EDGE_LOOP('',(#1514,#1515,#1516,#1517));
#4560=EDGE_LOOP('',(#1518,#1519,#1520,#1521));
#4561=EDGE_LOOP('',(#1522,#1523,#1524,#1525));
#4562=EDGE_LOOP('',(#1526,#1527,#1528,#1529));
#4563=EDGE_LOOP('',(#1530,#1531,#1532,#1533));
#4564=EDGE_LOOP('',(#1534,#1535,#1536,#1537));
#4565=EDGE_LOOP('',(#1538,#1539,#1540,#1541));
#4566=EDGE_LOOP('',(#1542,#1543,#1544,#1545));
#4567=EDGE_LOOP('',(#1546,#1547,#1548,#1549));
#4568=EDGE_LOOP('',(#1550,#1551,#1552,#1553));
#4569=EDGE_LOOP('',(#1554,#1555,#1556,#1557));
#4570=EDGE_LOOP('',(#1558,#1559,#1560,#1561));
#4571=EDGE_LOOP('',(#1562,#1563,#1564,#1565));
#4572=EDGE_LOOP('',(#1566,#1567,#1568,#1569,#1570,#1571,#1572,#1573));
#4573=EDGE_LOOP('',(#1574,#1575,#1576,#1577,#1578,#1579,#1580,#1581));
#4574=EDGE_LOOP('',(#1582,#1583,#1584,#1585));
#4575=EDGE_LOOP('',(#1586,#1587,#1588,#1589));
#4576=EDGE_LOOP('',(#1590,#1591,#1592,#1593));
#4577=EDGE_LOOP('',(#1594,#1595,#1596,#1597));
#4578=EDGE_LOOP('',(#1598,#1599,#1600,#1601));
#4579=EDGE_LOOP('',(#1602,#1603,#1604,#1605));
#4580=EDGE_LOOP('',(#1606,#1607,#1608,#1609));
#4581=EDGE_LOOP('',(#1610,#1611,#1612,#1613));
#4582=EDGE_LOOP('',(#1614,#1615,#1616,#1617));
#4583=EDGE_LOOP('',(#1618,#1619,#1620,#1621));
#4584=EDGE_LOOP('',(#1622,#1623,#1624,#1625));
#4585=EDGE_LOOP('',(#1626,#1627,#1628,#1629));
#4586=EDGE_LOOP('',(#1630,#1631,#1632,#1633));
#4587=EDGE_LOOP('',(#1634,#1635,#1636,#1637));
#4588=EDGE_LOOP('',(#1638,#1639,#1640,#1641));
#4589=EDGE_LOOP('',(#1642,#1643,#1644,#1645));
#4590=EDGE_LOOP('',(#1646,#1647,#1648,#1649,#1650,#1651,#1652,#1653));
#4591=EDGE_LOOP('',(#1654,#1655,#1656,#1657,#1658,#1659,#1660,#1661));
#4592=EDGE_LOOP('',(#1662,#1663,#1664,#1665));
#4593=EDGE_LOOP('',(#1666,#1667,#1668,#1669));
#4594=EDGE_LOOP('',(#1670,#1671,#1672,#1673));
#4595=EDGE_LOOP('',(#1674,#1675,#1676,#1677));
#4596=EDGE_LOOP('',(#1678,#1679,#1680,#1681));
#4597=EDGE_LOOP('',(#1682,#1683,#1684,#1685));
#4598=EDGE_LOOP('',(#1686,#1687,#1688,#1689));
#4599=EDGE_LOOP('',(#1690,#1691,#1692,#1693));
#4600=EDGE_LOOP('',(#1694,#1695,#1696,#1697));
#4601=EDGE_LOOP('',(#1698,#1699,#1700,#1701));
#4602=EDGE_LOOP('',(#1702,#1703,#1704,#1705));
#4603=EDGE_LOOP('',(#1706,#1707,#1708,#1709));
#4604=EDGE_LOOP('',(#1710,#1711,#1712,#1713));
#4605=EDGE_LOOP('',(#1714,#1715,#1716,#1717));
#4606=EDGE_LOOP('',(#1718,#1719,#1720,#1721));
#4607=EDGE_LOOP('',(#1722,#1723,#1724,#1725));
#4608=EDGE_LOOP('',(#1726,#1727,#1728,#1729));
#4609=EDGE_LOOP('',(#1730,#1731,#1732,#1733));
#4610=EDGE_LOOP('',(#1734,#1735,#1736,#1737));
#4611=EDGE_LOOP('',(#1738,#1739,#1740,#1741));
#4612=EDGE_LOOP('',(#1742,#1743,#1744,#1745));
#4613=EDGE_LOOP('',(#1746,#1747,#1748,#1749));
#4614=EDGE_LOOP('',(#1750,#1751,#1752,#1753));
#4615=EDGE_LOOP('',(#1754,#1755,#1756,#1757));
#4616=EDGE_LOOP('',(#1758,#1759,#1760,#1761));
#4617=EDGE_LOOP('',(#1762,#1763,#1764,#1765));
#4618=EDGE_LOOP('',(#1766,#1767,#1768,#1769));
#4619=EDGE_LOOP('',(#1770,#1771,#1772,#1773));
#4620=EDGE_LOOP('',(#1774,#1775,#1776,#1777));
#4621=EDGE_LOOP('',(#1778,#1779,#1780,#1781));
#4622=EDGE_LOOP('',(#1782,#1783,#1784,#1785));
#4623=EDGE_LOOP('',(#1786,#1787,#1788,#1789));
#4624=EDGE_LOOP('',(#1790,#1791,#1792,#1793));
#4625=EDGE_LOOP('',(#1794,#1795,#1796,#1797));
#4626=EDGE_LOOP('',(#1798,#1799,#1800,#1801));
#4627=EDGE_LOOP('',(#1802,#1803,#1804,#1805));
#4628=EDGE_LOOP('',(#1806,#1807,#1808,#1809));
#4629=EDGE_LOOP('',(#1810,#1811,#1812,#1813));
#4630=EDGE_LOOP('',(#1814,#1815,#1816,#1817));
#4631=EDGE_LOOP('',(#1818,#1819,#1820,#1821));
#4632=EDGE_LOOP('',(#1822,#1823,#1824,#1825));
#4633=EDGE_LOOP('',(#1826,#1827,#1828,#1829));
#4634=EDGE_LOOP('',(#1830,#1831,#1832,#1833));
#4635=EDGE_LOOP('',(#1834,#1835,#1836,#1837));
#4636=EDGE_LOOP('',(#1838,#1839,#1840,#1841));
#4637=EDGE_LOOP('',(#1842,#1843,#1844,#1845));
#4638=EDGE_LOOP('',(#1846,#1847,#1848,#1849));
#4639=EDGE_LOOP('',(#1850,#1851,#1852,#1853));
#4640=EDGE_LOOP('',(#1854,#1855,#1856,#1857));
#4641=EDGE_LOOP('',(#1858,#1859,#1860,#1861));
#4642=EDGE_LOOP('',(#1862,#1863,#1864,#1865));
#4643=EDGE_LOOP('',(#1866,#1867,#1868,#1869));
#4644=EDGE_LOOP('',(#1870,#1871,#1872,#1873));
#4645=EDGE_LOOP('',(#1874,#1875,#1876,#1877));
#4646=EDGE_LOOP('',(#1878,#1879,#1880,#1881));
#4647=EDGE_LOOP('',(#1882,#1883,#1884,#1885));
#4648=EDGE_LOOP('',(#1886,#1887,#1888,#1889));
#4649=EDGE_LOOP('',(#1890,#1891,#1892,#1893));
#4650=EDGE_LOOP('',(#1894,#1895,#1896,#1897));
#4651=EDGE_LOOP('',(#1898,#1899,#1900,#1901));
#4652=EDGE_LOOP('',(#1902,#1903,#1904,#1905));
#4653=EDGE_LOOP('',(#1906,#1907,#1908,#1909));
#4654=EDGE_LOOP('',(#1910,#1911,#1912,#1913));
#4655=EDGE_LOOP('',(#1914,#1915,#1916,#1917));
#4656=EDGE_LOOP('',(#1918,#1919,#1920,#1921));
#4657=EDGE_LOOP('',(#1922,#1923,#1924,#1925));
#4658=EDGE_LOOP('',(#1926,#1927,#1928,#1929));
#4659=EDGE_LOOP('',(#1930,#1931,#1932,#1933));
#4660=EDGE_LOOP('',(#1934,#1935,#1936,#1937));
#4661=EDGE_LOOP('',(#1938,#1939,#1940,#1941));
#4662=EDGE_LOOP('',(#1942,#1943,#1944,#1945));
#4663=EDGE_LOOP('',(#1946,#1947,#1948,#1949));
#4664=EDGE_LOOP('',(#1950,#1951,#1952,#1953));
#4665=EDGE_LOOP('',(#1954,#1955,#1956,#1957));
#4666=EDGE_LOOP('',(#1958,#1959,#1960,#1961));
#4667=EDGE_LOOP('',(#1962,#1963,#1964,#1965));
#4668=EDGE_LOOP('',(#1966,#1967,#1968,#1969));
#4669=EDGE_LOOP('',(#1970,#1971,#1972,#1973));
#4670=EDGE_LOOP('',(#1974,#1975,#1976,#1977));
#4671=EDGE_LOOP('',(#1978,#1979,#1980,#1981));
#4672=FACE_BOUND('',#4304,.T.);
#4673=FACE_BOUND('',#4305,.T.);
#4674=FACE_BOUND('',#4306,.T.);
#4675=FACE_BOUND('',#4307,.T.);
#4676=FACE_BOUND('',#4308,.T.);
#4677=FACE_BOUND('',#4309,.T.);
#4678=FACE_BOUND('',#4310,.T.);
#4679=FACE_BOUND('',#4311,.T.);
#4680=FACE_BOUND('',#4312,.T.);
#4681=FACE_BOUND('',#4313,.T.);
#4682=FACE_BOUND('',#4314,.T.);
#4683=FACE_BOUND('',#4315,.T.);
#4684=FACE_BOUND('',#4316,.T.);
#4685=FACE_BOUND('',#4317,.T.);
#4686=FACE_BOUND('',#4318,.T.);
#4687=FACE_BOUND('',#4319,.T.);
#4688=FACE_BOUND('',#4320,.T.);
#4689=FACE_BOUND('',#4321,.T.);
#4690=FACE_BOUND('',#4322,.T.);
#4691=FACE_BOUND('',#4323,.T.);
#4692=FACE_BOUND('',#4324,.T.);
#4693=FACE_BOUND('',#4325,.T.);
#4694=FACE_BOUND('',#4326,.T.);
#4695=FACE_BOUND('',#4327,.T.);
#4696=FACE_BOUND('',#4328,.T.);
#4697=FACE_BOUND('',#4329,.T.);
#4698=FACE_BOUND('',#4330,.T.);
#4699=FACE_BOUND('',#4331,.T.);
#4700=FACE_BOUND('',#4332,.T.);
#4701=FACE_BOUND('',#4333,.T.);
#4702=FACE_BOUND('',#4334,.T.);
#4703=FACE_BOUND('',#4335,.T.);
#4704=FACE_BOUND('',#4336,.T.);
#4705=FACE_BOUND('',#4337,.T.);
#4706=FACE_BOUND('',#4338,.T.);
#4707=FACE_BOUND('',#4339,.T.);
#4708=FACE_BOUND('',#4340,.T.);
#4709=FACE_BOUND('',#4341,.T.);
#4710=FACE_BOUND('',#4342,.T.);
#4711=FACE_BOUND('',#4343,.T.);
#4712=FACE_BOUND('',#4344,.T.);
#4713=FACE_BOUND('',#4345,.T.);
#4714=FACE_BOUND('',#4346,.T.);
#4715=FACE_BOUND('',#4347,.T.);
#4716=FACE_BOUND('',#4348,.T.);
#4717=FACE_BOUND('',#4349,.T.);
#4718=FACE_BOUND('',#4350,.T.);
#4719=FACE_BOUND('',#4351,.T.);
#4720=FACE_BOUND('',#4352,.T.);
#4721=FACE_BOUND('',#4353,.T.);
#4722=FACE_BOUND('',#4354,.T.);
#4723=FACE_BOUND('',#4355,.T.);
#4724=FACE_BOUND('',#4356,.T.);
#4725=FACE_BOUND('',#4357,.T.);
#4726=FACE_BOUND('',#4358,.T.);
#4727=FACE_BOUND('',#4359,.T.);
#4728=FACE_BOUND('',#4360,.T.);
#4729=FACE_BOUND('',#4361,.T.);
#4730=FACE_BOUND('',#4362,.T.);
#4731=FACE_BOUND('',#4363,.T.);
#4732=FACE_BOUND('',#4364,.T.);
#4733=FACE_BOUND('',#4365,.T.);
#4734=FACE_BOUND('',#4366,.T.);
#4735=FACE_BOUND('',#4367,.T.);
#4736=FACE_BOUND('',#4368,.T.);
#4737=FACE_BOUND('',#4369,.T.);
#4738=FACE_BOUND('',#4370,.T.);
#4739=FACE_BOUND('',#4371,.T.);
#4740=FACE_BOUND('',#4372,.T.);
#4741=FACE_BOUND('',#4373,.T.);
#4742=FACE_BOUND('',#4374,.T.);
#4743=FACE_BOUND('',#4375,.T.);
#4744=FACE_BOUND('',#4376,.T.);
#4745=FACE_BOUND('',#4377,.T.);
#4746=FACE_BOUND('',#4378,.T.);
#4747=FACE_BOUND('',#4379,.T.);
#4748=FACE_BOUND('',#4380,.T.);
#4749=FACE_BOUND('',#4381,.T.);
#4750=FACE_BOUND('',#4382,.T.);
#4751=FACE_BOUND('',#4383,.T.);
#4752=FACE_BOUND('',#4384,.T.);
#4753=FACE_BOUND('',#4385,.T.);
#4754=FACE_BOUND('',#4386,.T.);
#4755=FACE_BOUND('',#4387,.T.);
#4756=FACE_BOUND('',#4388,.T.);
#4757=FACE_BOUND('',#4389,.T.);
#4758=FACE_BOUND('',#4390,.T.);
#4759=FACE_BOUND('',#4391,.T.);
#4760=FACE_BOUND('',#4392,.T.);
#4761=FACE_BOUND('',#4393,.T.);
#4762=FACE_BOUND('',#4394,.T.);
#4763=FACE_BOUND('',#4395,.T.);
#4764=FACE_BOUND('',#4396,.T.);
#4765=FACE_BOUND('',#4397,.T.);
#4766=FACE_BOUND('',#4398,.T.);
#4767=FACE_BOUND('',#4399,.T.);
#4768=FACE_BOUND('',#4400,.T.);
#4769=FACE_BOUND('',#4401,.T.);
#4770=FACE_BOUND('',#4402,.T.);
#4771=FACE_BOUND('',#4403,.T.);
#4772=FACE_BOUND('',#4404,.T.);
#4773=FACE_BOUND('',#4405,.T.);
#4774=FACE_BOUND('',#4406,.T.);
#4775=FACE_BOUND('',#4407,.T.);
#4776=FACE_BOUND('',#4408,.T.);
#4777=FACE_BOUND('',#4409,.T.);
#4778=FACE_BOUND('',#4410,.T.);
#4779=FACE_BOUND('',#4411,.T.);
#4780=FACE_BOUND('',#4412,.T.);
#4781=FACE_BOUND('',#4413,.T.);
#4782=FACE_BOUND('',#4414,.T.);
#4783=FACE_BOUND('',#4415,.T.);
#4784=FACE_BOUND('',#4416,.T.);
#4785=FACE_BOUND('',#4417,.T.);
#4786=FACE_BOUND('',#4418,.T.);
#4787=FACE_BOUND('',#4419,.T.);
#4788=FACE_BOUND('',#4420,.T.);
#4789=FACE_BOUND('',#4421,.T.);
#4790=FACE_BOUND('',#4422,.T.);
#4791=FACE_BOUND('',#4423,.T.);
#4792=FACE_BOUND('',#4424,.T.);
#4793=FACE_BOUND('',#4425,.T.);
#4794=FACE_BOUND('',#4426,.T.);
#4795=FACE_BOUND('',#4427,.T.);
#4796=FACE_BOUND('',#4428,.T.);
#4797=FACE_BOUND('',#4429,.T.);
#4798=FACE_BOUND('',#4430,.T.);
#4799=FACE_BOUND('',#4431,.T.);
#4800=FACE_BOUND('',#4432,.T.);
#4801=FACE_BOUND('',#4433,.T.);
#4802=FACE_BOUND('',#4434,.T.);
#4803=FACE_BOUND('',#4435,.T.);
#4804=FACE_BOUND('',#4436,.T.);
#4805=FACE_BOUND('',#4437,.T.);
#4806=FACE_BOUND('',#4438,.T.);
#4807=FACE_BOUND('',#4439,.T.);
#4808=FACE_BOUND('',#4440,.T.);
#4809=FACE_BOUND('',#4441,.T.);
#4810=FACE_BOUND('',#4442,.T.);
#4811=FACE_BOUND('',#4443,.T.);
#4812=FACE_BOUND('',#4444,.T.);
#4813=FACE_BOUND('',#4445,.T.);
#4814=FACE_BOUND('',#4446,.T.);
#4815=FACE_BOUND('',#4447,.T.);
#4816=FACE_BOUND('',#4448,.T.);
#4817=FACE_BOUND('',#4449,.T.);
#4818=FACE_BOUND('',#4450,.T.);
#4819=FACE_BOUND('',#4451,.T.);
#4820=FACE_BOUND('',#4452,.T.);
#4821=FACE_BOUND('',#4453,.T.);
#4822=FACE_BOUND('',#4454,.T.);
#4823=FACE_BOUND('',#4455,.T.);
#4824=FACE_BOUND('',#4456,.T.);
#4825=FACE_BOUND('',#4457,.T.);
#4826=FACE_BOUND('',#4458,.T.);
#4827=FACE_BOUND('',#4459,.T.);
#4828=FACE_BOUND('',#4460,.T.);
#4829=FACE_BOUND('',#4461,.T.);
#4830=FACE_BOUND('',#4462,.T.);
#4831=FACE_BOUND('',#4463,.T.);
#4832=FACE_BOUND('',#4464,.T.);
#4833=FACE_BOUND('',#4465,.T.);
#4834=FACE_BOUND('',#4466,.T.);
#4835=FACE_BOUND('',#4467,.T.);
#4836=FACE_BOUND('',#4468,.T.);
#4837=FACE_BOUND('',#4469,.T.);
#4838=FACE_BOUND('',#4470,.T.);
#4839=FACE_BOUND('',#4471,.T.);
#4840=FACE_BOUND('',#4472,.T.);
#4841=FACE_BOUND('',#4473,.T.);
#4842=FACE_BOUND('',#4474,.T.);
#4843=FACE_BOUND('',#4475,.T.);
#4844=FACE_BOUND('',#4476,.T.);
#4845=FACE_BOUND('',#4477,.T.);
#4846=FACE_BOUND('',#4478,.T.);
#4847=FACE_BOUND('',#4479,.T.);
#4848=FACE_BOUND('',#4480,.T.);
#4849=FACE_BOUND('',#4481,.T.);
#4850=FACE_BOUND('',#4482,.T.);
#4851=FACE_BOUND('',#4483,.T.);
#4852=FACE_BOUND('',#4484,.T.);
#4853=FACE_BOUND('',#4485,.T.);
#4854=FACE_BOUND('',#4486,.T.);
#4855=FACE_BOUND('',#4487,.T.);
#4856=FACE_BOUND('',#4488,.T.);
#4857=FACE_BOUND('',#4489,.T.);
#4858=FACE_BOUND('',#4490,.T.);
#4859=FACE_BOUND('',#4491,.T.);
#4860=FACE_BOUND('',#4492,.T.);
#4861=FACE_BOUND('',#4493,.T.);
#4862=FACE_BOUND('',#4494,.T.);
#4863=FACE_BOUND('',#4495,.T.);
#4864=FACE_BOUND('',#4496,.T.);
#4865=FACE_BOUND('',#4497,.T.);
#4866=FACE_BOUND('',#4498,.T.);
#4867=FACE_BOUND('',#4499,.T.);
#4868=FACE_BOUND('',#4500,.T.);
#4869=FACE_BOUND('',#4501,.T.);
#4870=FACE_BOUND('',#4502,.T.);
#4871=FACE_BOUND('',#4503,.T.);
#4872=FACE_BOUND('',#4504,.T.);
#4873=FACE_BOUND('',#4505,.T.);
#4874=FACE_BOUND('',#4506,.T.);
#4875=FACE_BOUND('',#4507,.T.);
#4876=FACE_BOUND('',#4508,.T.);
#4877=FACE_BOUND('',#4509,.T.);
#4878=FACE_BOUND('',#4510,.T.);
#4879=FACE_BOUND('',#4511,.T.);
#4880=FACE_BOUND('',#4512,.T.);
#4881=FACE_BOUND('',#4513,.T.);
#4882=FACE_BOUND('',#4514,.T.);
#4883=FACE_BOUND('',#4515,.T.);
#4884=FACE_BOUND('',#4516,.T.);
#4885=FACE_BOUND('',#4517,.T.);
#4886=FACE_BOUND('',#4518,.T.);
#4887=FACE_BOUND('',#4519,.T.);
#4888=FACE_BOUND('',#4520,.T.);
#4889=FACE_BOUND('',#4521,.T.);
#4890=FACE_BOUND('',#4522,.T.);
#4891=FACE_BOUND('',#4523,.T.);
#4892=FACE_BOUND('',#4524,.T.);
#4893=FACE_BOUND('',#4525,.T.);
#4894=FACE_BOUND('',#4526,.T.);
#4895=FACE_BOUND('',#4527,.T.);
#4896=FACE_BOUND('',#4528,.T.);
#4897=FACE_BOUND('',#4529,.T.);
#4898=FACE_BOUND('',#4530,.T.);
#4899=FACE_BOUND('',#4531,.T.);
#4900=FACE_BOUND('',#4532,.T.);
#4901=FACE_BOUND('',#4533,.T.);
#4902=FACE_BOUND('',#4534,.T.);
#4903=FACE_BOUND('',#4535,.T.);
#4904=FACE_BOUND('',#4536,.T.);
#4905=FACE_BOUND('',#4537,.T.);
#4906=FACE_BOUND('',#4538,.T.);
#4907=FACE_BOUND('',#4539,.T.);
#4908=FACE_BOUND('',#4540,.T.);
#4909=FACE_BOUND('',#4541,.T.);
#4910=FACE_BOUND('',#4542,.T.);
#4911=FACE_BOUND('',#4543,.T.);
#4912=FACE_BOUND('',#4544,.T.);
#4913=FACE_BOUND('',#4545,.T.);
#4914=FACE_BOUND('',#4546,.T.);
#4915=FACE_BOUND('',#4547,.T.);
#4916=FACE_BOUND('',#4548,.T.);
#4917=FACE_BOUND('',#4549,.T.);
#4918=FACE_BOUND('',#4550,.T.);
#4919=FACE_BOUND('',#4551,.T.);
#4920=FACE_BOUND('',#4552,.T.);
#4921=FACE_BOUND('',#4553,.T.);
#4922=FACE_BOUND('',#4554,.T.);
#4923=FACE_BOUND('',#4555,.T.);
#4924=FACE_BOUND('',#4556,.T.);
#4925=FACE_BOUND('',#4557,.T.);
#4926=FACE_BOUND('',#4558,.T.);
#4927=FACE_BOUND('',#4559,.T.);
#4928=FACE_BOUND('',#4560,.T.);
#4929=FACE_BOUND('',#4561,.T.);
#4930=FACE_BOUND('',#4562,.T.);
#4931=FACE_BOUND('',#4563,.T.);
#4932=FACE_BOUND('',#4564,.T.);
#4933=FACE_BOUND('',#4565,.T.);
#4934=FACE_BOUND('',#4566,.T.);
#4935=FACE_BOUND('',#4567,.T.);
#4936=FACE_BOUND('',#4568,.T.);
#4937=FACE_BOUND('',#4569,.T.);
#4938=FACE_BOUND('',#4570,.T.);
#4939=FACE_BOUND('',#4571,.T.);
#4940=FACE_BOUND('',#4572,.T.);
#4941=FACE_BOUND('',#4573,.T.);
#4942=FACE_BOUND('',#4574,.T.);
#4943=FACE_BOUND('',#4575,.T.);
#4944=FACE_BOUND('',#4576,.T.);
#4945=FACE_BOUND('',#4577,.T.);
#4946=FACE_BOUND('',#4578,.T.);
#4947=FACE_BOUND('',#4579,.T.);
#4948=FACE_BOUND('',#4580,.T.);
#4949=FACE_BOUND('',#4581,.T.);
#4950=FACE_BOUND('',#4582,.T.);
#4951=FACE_BOUND('',#4583,.T.);
#4952=FACE_BOUND('',#4584,.T.);
#4953=FACE_BOUND('',#4585,.T.);
#4954=FACE_BOUND('',#4586,.T.);
#4955=FACE_BOUND('',#4587,.T.);
#4956=FACE_BOUND('',#4588,.T.);
#4957=FACE_BOUND('',#4589,.T.);
#4958=FACE_BOUND('',#4590,.T.);
#4959=FACE_BOUND('',#4591,.T.);
#4960=FACE_BOUND('',#4592,.T.);
#4961=FACE_BOUND('',#4593,.T.);
#4962=FACE_BOUND('',#4594,.T.);
#4963=FACE_BOUND('',#4595,.T.);
#4964=FACE_BOUND('',#4596,.T.);
#4965=FACE_BOUND('',#4597,.T.);
#4966=FACE_BOUND('',#4598,.T.);
#4967=FACE_BOUND('',#4599,.T.);
#4968=FACE_BOUND('',#4600,.T.);
#4969=FACE_BOUND('',#4601,.T.);
#4970=FACE_BOUND('',#4602,.T.);
#4971=FACE_BOUND('',#4603,.T.);
#4972=FACE_BOUND('',#4604,.T.);
#4973=FACE_BOUND('',#4605,.T.);
#4974=FACE_BOUND('',#4606,.T.);
#4975=FACE_BOUND('',#4607,.T.);
#4976=FACE_BOUND('',#4608,.T.);
#4977=FACE_BOUND('',#4609,.T.);
#4978=FACE_BOUND('',#4610,.T.);
#4979=FACE_BOUND('',#4611,.T.);
#4980=FACE_BOUND('',#4612,.T.);
#4981=FACE_BOUND('',#4613,.T.);
#4982=FACE_BOUND('',#4614,.T.);
#4983=FACE_BOUND('',#4615,.T.);
#4984=FACE_BOUND('',#4616,.T.);
#4985=FACE_BOUND('',#4617,.T.);
#4986=FACE_BOUND('',#4618,.T.);
#4987=FACE_BOUND('',#4619,.T.);
#4988=FACE_BOUND('',#4620,.T.);
#4989=FACE_BOUND('',#4621,.T.);
#4990=FACE_BOUND('',#4622,.T.);
#4991=FACE_BOUND('',#4623,.T.);
#4992=FACE_BOUND('',#4624,.T.);
#4993=FACE_BOUND('',#4625,.T.);
#4994=FACE_BOUND('',#4626,.T.);
#4995=FACE_BOUND('',#4627,.T.);
#4996=FACE_BOUND('',#4628,.T.);
#4997=FACE_BOUND('',#4629,.T.);
#4998=FACE_BOUND('',#4630,.T.);
#4999=FACE_BOUND('',#4631,.T.);
#5000=FACE_BOUND('',#4632,.T.);
#5001=FACE_BOUND('',#4633,.T.);
#5002=FACE_BOUND('',#4634,.T.);
#5003=FACE_BOUND('',#4635,.T.);
#5004=FACE_BOUND('',#4636,.T.);
#5005=FACE_BOUND('',#4637,.T.);
#5006=FACE_BOUND('',#4638,.T.);
#5007=FACE_BOUND('',#4639,.T.);
#5008=FACE_BOUND('',#4640,.T.);
#5009=FACE_BOUND('',#4641,.T.);
#5010=FACE_BOUND('',#4642,.T.);
#5011=FACE_BOUND('',#4643,.T.);
#5012=FACE_BOUND('',#4644,.T.);
#5013=FACE_BOUND('',#4645,.T.);
#5014=FACE_BOUND('',#4646,.T.);
#5015=FACE_BOUND('',#4647,.T.);
#5016=FACE_BOUND('',#4648,.T.);
#5017=FACE_BOUND('',#4649,.T.);
#5018=FACE_BOUND('',#4650,.T.);
#5019=FACE_BOUND('',#4651,.T.);
#5020=FACE_BOUND('',#4652,.T.);
#5021=FACE_BOUND('',#4653,.T.);
#5022=FACE_BOUND('',#4654,.T.);
#5023=FACE_BOUND('',#4655,.T.);
#5024=FACE_BOUND('',#4656,.T.);
#5025=FACE_BOUND('',#4657,.T.);
#5026=FACE_BOUND('',#4658,.T.);
#5027=FACE_BOUND('',#4659,.T.);
#5028=FACE_BOUND('',#4660,.T.);
#5029=FACE_BOUND('',#4661,.T.);
#5030=FACE_BOUND('',#4662,.T.);
#5031=FACE_BOUND('',#4663,.T.);
#5032=FACE_BOUND('',#4664,.T.);
#5033=FACE_BOUND('',#4665,.T.);
#5034=FACE_BOUND('',#4666,.T.);
#5035=FACE_BOUND('',#4667,.T.);
#5036=FACE_BOUND('',#4668,.T.);
#5037=FACE_BOUND('',#4669,.T.);
#5038=FACE_BOUND('',#4670,.T.);
#5039=FACE_BOUND('',#4671,.T.);
#5040=PLANE('',#5543);
#5041=PLANE('',#5600);
#5042=PLANE('',#5650);
#5043=PLANE('',#5657);
#5044=PLANE('',#5660);
#5045=PLANE('',#5663);
#5046=PLANE('',#5668);
#5047=PLANE('',#5671);
#5048=PLANE('',#5674);
#5049=PLANE('',#5677);
#5050=PLANE('',#5680);
#5051=PLANE('',#5683);
#5052=PLANE('',#5686);
#5053=PLANE('',#5689);
#5054=PLANE('',#5692);
#5055=PLANE('',#5695);
#5056=PLANE('',#5696);
#5057=PLANE('',#5697);
#5058=PLANE('',#5698);
#5059=PLANE('',#5699);
#5060=PLANE('',#5700);
#5061=PLANE('',#5701);
#5062=PLANE('',#5702);
#5063=PLANE('',#5703);
#5064=PLANE('',#5704);
#5065=PLANE('',#5706);
#5066=PLANE('',#5707);
#5067=PLANE('',#5708);
#5068=PLANE('',#5709);
#5069=PLANE('',#5710);
#5070=PLANE('',#5711);
#5071=PLANE('',#5712);
#5072=PLANE('',#5713);
#5073=PLANE('',#5714);
#5074=PLANE('',#5715);
#5075=PLANE('',#5716);
#5076=PLANE('',#5717);
#5077=PLANE('',#5718);
#5078=PLANE('',#5719);
#5079=PLANE('',#5720);
#5080=PLANE('',#5721);
#5081=PLANE('',#5722);
#5082=PLANE('',#5723);
#5083=PLANE('',#5748);
#5084=PLANE('',#5749);
#5085=PLANE('',#5750);
#5086=PLANE('',#5751);
#5087=PLANE('',#5752);
#5088=PLANE('',#5777);
#5089=PLANE('',#5778);
#5090=PLANE('',#5779);
#5091=PLANE('',#5780);
#5092=PLANE('',#5781);
#5093=PLANE('',#5806);
#5094=PLANE('',#5808);
#5095=PLANE('',#5810);
#5096=PLANE('',#5813);
#5097=PLANE('',#5814);
#5098=PLANE('',#5815);
#5099=PLANE('',#5818);
#5100=PLANE('',#5821);
#5101=PLANE('',#5824);
#5102=PLANE('',#5827);
#5103=PLANE('',#5832);
#5104=PLANE('',#5835);
#5105=PLANE('',#5838);
#5106=PLANE('',#5841);
#5107=PLANE('',#5844);
#5108=PLANE('',#5847);
#5109=PLANE('',#5850);
#5110=PLANE('',#5853);
#5111=PLANE('',#5856);
#5112=PLANE('',#5861);
#5113=PLANE('',#5864);
#5114=PLANE('',#5867);
#5115=PLANE('',#5870);
#5116=PLANE('',#5873);
#5117=PLANE('',#5876);
#5118=PLANE('',#5879);
#5119=PLANE('',#5882);
#5120=PLANE('',#5885);
#5121=PLANE('',#5890);
#5122=PLANE('',#5893);
#5123=PLANE('',#5896);
#5124=PLANE('',#5899);
#5125=PLANE('',#5902);
#5126=PLANE('',#5905);
#5127=PLANE('',#5908);
#5128=PLANE('',#5911);
#5129=PLANE('',#5914);
#5130=PLANE('',#5919);
#5131=PLANE('',#5922);
#5132=PLANE('',#5925);
#5133=PLANE('',#5928);
#5134=PLANE('',#5931);
#5135=PLANE('',#5934);
#5136=PLANE('',#5937);
#5137=PLANE('',#5940);
#5138=PLANE('',#5943);
#5139=PLANE('',#5948);
#5140=PLANE('',#5951);
#5141=PLANE('',#5954);
#5142=PLANE('',#5957);
#5143=PLANE('',#5960);
#5144=PLANE('',#5963);
#5145=PLANE('',#5966);
#5146=PLANE('',#5969);
#5147=PLANE('',#5972);
#5148=PLANE('',#5977);
#5149=PLANE('',#5980);
#5150=PLANE('',#5983);
#5151=PLANE('',#5986);
#5152=PLANE('',#5989);
#5153=PLANE('',#5992);
#5154=PLANE('',#5995);
#5155=PLANE('',#5998);
#5156=PLANE('',#6001);
#5157=PLANE('',#6006);
#5158=PLANE('',#6009);
#5159=PLANE('',#6012);
#5160=PLANE('',#6015);
#5161=PLANE('',#6018);
#5162=PLANE('',#6021);
#5163=PLANE('',#6024);
#5164=PLANE('',#6027);
#5165=PLANE('',#6030);
#5166=PLANE('',#6035);
#5167=PLANE('',#6038);
#5168=PLANE('',#6041);
#5169=PLANE('',#6044);
#5170=PLANE('',#6048);
#5171=PLANE('',#6049);
#5172=PLANE('',#6052);
#5173=PLANE('',#6053);
#5174=PLANE('',#6056);
#5175=PLANE('',#6057);
#5176=PLANE('',#6060);
#5177=PLANE('',#6061);
#5178=PLANE('',#6064);
#5179=PLANE('',#6065);
#5180=PLANE('',#6068);
#5181=PLANE('',#6069);
#5182=PLANE('',#6072);
#5183=PLANE('',#6073);
#5184=PLANE('',#6076);
#5185=PLANE('',#6077);
#5186=PLANE('',#6080);
#5187=PLANE('',#6081);
#5188=PLANE('',#6084);
#5189=PLANE('',#6085);
#5190=PLANE('',#6088);
#5191=PLANE('',#6089);
#5192=PLANE('',#6092);
#5193=PLANE('',#6093);
#5194=PLANE('',#6096);
#5195=PLANE('',#6097);
#5196=PLANE('',#6100);
#5197=PLANE('',#6101);
#5198=PLANE('',#6104);
#5199=PLANE('',#6105);
#5200=PLANE('',#6108);
#5201=PLANE('',#6109);
#5202=PLANE('',#6112);
#5203=PLANE('',#6113);
#5204=PLANE('',#6116);
#5205=PLANE('',#6117);
#5206=ADVANCED_FACE('',(#4672,#4673,#4674,#4675,#4676,#4677,#4678,#4679,
#4680,#4681,#4682,#4683,#4684,#4685,#4686,#4687,#4688,#4689,#4690,#4691,
#4692),#5040,.F.);
#5207=ADVANCED_FACE('',(#4693,#4694,#4695,#4696,#4697,#4698,#4699,#4700,
#4701),#5041,.T.);
#5208=ADVANCED_FACE('',(#4702),#156,.F.);
#5209=ADVANCED_FACE('',(#4703),#48,.F.);
#5210=ADVANCED_FACE('',(#4704),#157,.F.);
#5211=ADVANCED_FACE('',(#4705),#49,.F.);
#5212=ADVANCED_FACE('',(#4706),#50,.F.);
#5213=ADVANCED_FACE('',(#4707),#5042,.F.);
#5214=ADVANCED_FACE('',(#4708),#51,.T.);
#5215=ADVANCED_FACE('',(#4709),#5043,.T.);
#5216=ADVANCED_FACE('',(#4710),#52,.T.);
#5217=ADVANCED_FACE('',(#4711),#5044,.T.);
#5218=ADVANCED_FACE('',(#4712),#53,.T.);
#5219=ADVANCED_FACE('',(#4713),#5045,.F.);
#5220=ADVANCED_FACE('',(#4714),#54,.T.);
#5221=ADVANCED_FACE('',(#4715,#4716),#55,.F.);
#5222=ADVANCED_FACE('',(#4717),#5046,.F.);
#5223=ADVANCED_FACE('',(#4718,#4719),#56,.F.);
#5224=ADVANCED_FACE('',(#4720),#5047,.F.);
#5225=ADVANCED_FACE('',(#4721,#4722),#57,.F.);
#5226=ADVANCED_FACE('',(#4723),#5048,.F.);
#5227=ADVANCED_FACE('',(#4724,#4725),#58,.F.);
#5228=ADVANCED_FACE('',(#4726),#5049,.F.);
#5229=ADVANCED_FACE('',(#4727,#4728),#59,.F.);
#5230=ADVANCED_FACE('',(#4729),#5050,.F.);
#5231=ADVANCED_FACE('',(#4730,#4731),#60,.F.);
#5232=ADVANCED_FACE('',(#4732),#5051,.F.);
#5233=ADVANCED_FACE('',(#4733),#61,.F.);
#5234=ADVANCED_FACE('',(#4734),#5052,.F.);
#5235=ADVANCED_FACE('',(#4735),#62,.F.);
#5236=ADVANCED_FACE('',(#4736),#5053,.F.);
#5237=ADVANCED_FACE('',(#4737),#63,.F.);
#5238=ADVANCED_FACE('',(#4738),#5054,.T.);
#5239=ADVANCED_FACE('',(#4739),#64,.F.);
#5240=ADVANCED_FACE('',(#4740),#5055,.T.);
#5241=ADVANCED_FACE('',(#4741),#5056,.T.);
#5242=ADVANCED_FACE('',(#4742),#5057,.F.);
#5243=ADVANCED_FACE('',(#4743),#5058,.T.);
#5244=ADVANCED_FACE('',(#4744),#5059,.T.);
#5245=ADVANCED_FACE('',(#4745),#5060,.T.);
#5246=ADVANCED_FACE('',(#4746),#5061,.F.);
#5247=ADVANCED_FACE('',(#4747),#5062,.T.);
#5248=ADVANCED_FACE('',(#4748),#5063,.T.);
#5249=ADVANCED_FACE('',(#4749,#4750),#5064,.F.);
#5250=ADVANCED_FACE('',(#4751),#5065,.F.);
#5251=ADVANCED_FACE('',(#4752),#5066,.F.);
#5252=ADVANCED_FACE('',(#4753),#5067,.T.);
#5253=ADVANCED_FACE('',(#4754),#5068,.T.);
#5254=ADVANCED_FACE('',(#4755),#5069,.F.);
#5255=ADVANCED_FACE('',(#4756),#5070,.F.);
#5256=ADVANCED_FACE('',(#4757),#5071,.T.);
#5257=ADVANCED_FACE('',(#4758),#5072,.T.);
#5258=ADVANCED_FACE('',(#4759),#5073,.T.);
#5259=ADVANCED_FACE('',(#4760),#5074,.F.);
#5260=ADVANCED_FACE('',(#4761),#5075,.F.);
#5261=ADVANCED_FACE('',(#4762),#5076,.T.);
#5262=ADVANCED_FACE('',(#4763),#5077,.T.);
#5263=ADVANCED_FACE('',(#4764),#5078,.T.);
#5264=ADVANCED_FACE('',(#4765),#5079,.F.);
#5265=ADVANCED_FACE('',(#4766),#5080,.F.);
#5266=ADVANCED_FACE('',(#4767),#5081,.T.);
#5267=ADVANCED_FACE('',(#4768),#5082,.T.);
#5268=ADVANCED_FACE('',(#4769),#65,.F.);
#5269=ADVANCED_FACE('',(#4770),#66,.F.);
#5270=ADVANCED_FACE('',(#4771),#67,.F.);
#5271=ADVANCED_FACE('',(#4772),#158,.F.);
#5272=ADVANCED_FACE('',(#4773),#159,.F.);
#5273=ADVANCED_FACE('',(#4774),#68,.F.);
#5274=ADVANCED_FACE('',(#4775),#69,.F.);
#5275=ADVANCED_FACE('',(#4776),#70,.F.);
#5276=ADVANCED_FACE('',(#4777),#71,.F.);
#5277=ADVANCED_FACE('',(#4778),#160,.F.);
#5278=ADVANCED_FACE('',(#4779),#161,.F.);
#5279=ADVANCED_FACE('',(#4780),#72,.F.);
#5280=ADVANCED_FACE('',(#4781),#5083,.T.);
#5281=ADVANCED_FACE('',(#4782),#5084,.F.);
#5282=ADVANCED_FACE('',(#4783),#5085,.F.);
#5283=ADVANCED_FACE('',(#4784),#5086,.T.);
#5284=ADVANCED_FACE('',(#4785),#5087,.T.);
#5285=ADVANCED_FACE('',(#4786),#73,.F.);
#5286=ADVANCED_FACE('',(#4787),#74,.F.);
#5287=ADVANCED_FACE('',(#4788),#75,.F.);
#5288=ADVANCED_FACE('',(#4789),#162,.F.);
#5289=ADVANCED_FACE('',(#4790),#163,.F.);
#5290=ADVANCED_FACE('',(#4791),#76,.F.);
#5291=ADVANCED_FACE('',(#4792),#77,.F.);
#5292=ADVANCED_FACE('',(#4793),#78,.F.);
#5293=ADVANCED_FACE('',(#4794),#79,.F.);
#5294=ADVANCED_FACE('',(#4795),#164,.F.);
#5295=ADVANCED_FACE('',(#4796),#165,.F.);
#5296=ADVANCED_FACE('',(#4797),#80,.F.);
#5297=ADVANCED_FACE('',(#4798),#5088,.T.);
#5298=ADVANCED_FACE('',(#4799),#5089,.F.);
#5299=ADVANCED_FACE('',(#4800),#5090,.F.);
#5300=ADVANCED_FACE('',(#4801),#5091,.T.);
#5301=ADVANCED_FACE('',(#4802),#5092,.T.);
#5302=ADVANCED_FACE('',(#4803),#81,.F.);
#5303=ADVANCED_FACE('',(#4804),#82,.F.);
#5304=ADVANCED_FACE('',(#4805),#83,.F.);
#5305=ADVANCED_FACE('',(#4806),#166,.F.);
#5306=ADVANCED_FACE('',(#4807),#167,.F.);
#5307=ADVANCED_FACE('',(#4808),#84,.F.);
#5308=ADVANCED_FACE('',(#4809),#85,.F.);
#5309=ADVANCED_FACE('',(#4810),#86,.F.);
#5310=ADVANCED_FACE('',(#4811),#87,.F.);
#5311=ADVANCED_FACE('',(#4812),#168,.F.);
#5312=ADVANCED_FACE('',(#4813),#169,.F.);
#5313=ADVANCED_FACE('',(#4814),#88,.F.);
#5314=ADVANCED_FACE('',(#4815),#5093,.F.);
#5315=ADVANCED_FACE('',(#4816),#89,.F.);
#5316=ADVANCED_FACE('',(#4817),#5094,.T.);
#5317=ADVANCED_FACE('',(#4818),#90,.F.);
#5318=ADVANCED_FACE('',(#4819),#5095,.T.);
#5319=ADVANCED_FACE('',(#4820,#4821),#91,.F.);
#5320=ADVANCED_FACE('',(#4822),#5096,.T.);
#5321=ADVANCED_FACE('',(#4823),#5097,.T.);
#5322=ADVANCED_FACE('',(#4824),#5098,.T.);
#5323=ADVANCED_FACE('',(#4825),#92,.F.);
#5324=ADVANCED_FACE('',(#4826),#5099,.F.);
#5325=ADVANCED_FACE('',(#4827),#93,.F.);
#5326=ADVANCED_FACE('',(#4828),#5100,.F.);
#5327=ADVANCED_FACE('',(#4829),#94,.F.);
#5328=ADVANCED_FACE('',(#4830),#5101,.T.);
#5329=ADVANCED_FACE('',(#4831),#95,.F.);
#5330=ADVANCED_FACE('',(#4832,#4833),#5102,.F.);
#5331=ADVANCED_FACE('',(#4834),#5103,.T.);
#5332=ADVANCED_FACE('',(#4835),#96,.F.);
#5333=ADVANCED_FACE('',(#4836),#5104,.T.);
#5334=ADVANCED_FACE('',(#4837),#97,.F.);
#5335=ADVANCED_FACE('',(#4838),#5105,.F.);
#5336=ADVANCED_FACE('',(#4839),#98,.F.);
#5337=ADVANCED_FACE('',(#4840),#5106,.F.);
#5338=ADVANCED_FACE('',(#4841),#99,.F.);
#5339=ADVANCED_FACE('',(#4842),#5107,.T.);
#5340=ADVANCED_FACE('',(#4843),#100,.F.);
#5341=ADVANCED_FACE('',(#4844),#5108,.F.);
#5342=ADVANCED_FACE('',(#4845),#101,.F.);
#5343=ADVANCED_FACE('',(#4846),#5109,.F.);
#5344=ADVANCED_FACE('',(#4847),#102,.F.);
#5345=ADVANCED_FACE('',(#4848),#5110,.T.);
#5346=ADVANCED_FACE('',(#4849),#103,.F.);
#5347=ADVANCED_FACE('',(#4850,#4851),#5111,.F.);
#5348=ADVANCED_FACE('',(#4852),#5112,.T.);
#5349=ADVANCED_FACE('',(#4853),#104,.F.);
#5350=ADVANCED_FACE('',(#4854),#5113,.T.);
#5351=ADVANCED_FACE('',(#4855),#105,.F.);
#5352=ADVANCED_FACE('',(#4856),#5114,.F.);
#5353=ADVANCED_FACE('',(#4857),#106,.F.);
#5354=ADVANCED_FACE('',(#4858),#5115,.F.);
#5355=ADVANCED_FACE('',(#4859),#107,.F.);
#5356=ADVANCED_FACE('',(#4860),#5116,.T.);
#5357=ADVANCED_FACE('',(#4861),#108,.F.);
#5358=ADVANCED_FACE('',(#4862),#5117,.F.);
#5359=ADVANCED_FACE('',(#4863),#109,.F.);
#5360=ADVANCED_FACE('',(#4864),#5118,.F.);
#5361=ADVANCED_FACE('',(#4865),#110,.F.);
#5362=ADVANCED_FACE('',(#4866),#5119,.T.);
#5363=ADVANCED_FACE('',(#4867),#111,.F.);
#5364=ADVANCED_FACE('',(#4868,#4869),#5120,.F.);
#5365=ADVANCED_FACE('',(#4870),#5121,.T.);
#5366=ADVANCED_FACE('',(#4871),#112,.F.);
#5367=ADVANCED_FACE('',(#4872),#5122,.T.);
#5368=ADVANCED_FACE('',(#4873),#113,.F.);
#5369=ADVANCED_FACE('',(#4874),#5123,.F.);
#5370=ADVANCED_FACE('',(#4875),#114,.F.);
#5371=ADVANCED_FACE('',(#4876),#5124,.F.);
#5372=ADVANCED_FACE('',(#4877),#115,.F.);
#5373=ADVANCED_FACE('',(#4878),#5125,.T.);
#5374=ADVANCED_FACE('',(#4879),#116,.F.);
#5375=ADVANCED_FACE('',(#4880),#5126,.F.);
#5376=ADVANCED_FACE('',(#4881),#117,.F.);
#5377=ADVANCED_FACE('',(#4882),#5127,.F.);
#5378=ADVANCED_FACE('',(#4883),#118,.F.);
#5379=ADVANCED_FACE('',(#4884),#5128,.T.);
#5380=ADVANCED_FACE('',(#4885),#119,.F.);
#5381=ADVANCED_FACE('',(#4886,#4887),#5129,.F.);
#5382=ADVANCED_FACE('',(#4888),#5130,.T.);
#5383=ADVANCED_FACE('',(#4889),#120,.F.);
#5384=ADVANCED_FACE('',(#4890),#5131,.T.);
#5385=ADVANCED_FACE('',(#4891),#121,.F.);
#5386=ADVANCED_FACE('',(#4892),#5132,.F.);
#5387=ADVANCED_FACE('',(#4893),#122,.F.);
#5388=ADVANCED_FACE('',(#4894),#5133,.F.);
#5389=ADVANCED_FACE('',(#4895),#123,.F.);
#5390=ADVANCED_FACE('',(#4896),#5134,.T.);
#5391=ADVANCED_FACE('',(#4897),#124,.F.);
#5392=ADVANCED_FACE('',(#4898),#5135,.F.);
#5393=ADVANCED_FACE('',(#4899),#125,.F.);
#5394=ADVANCED_FACE('',(#4900),#5136,.F.);
#5395=ADVANCED_FACE('',(#4901),#126,.F.);
#5396=ADVANCED_FACE('',(#4902),#5137,.T.);
#5397=ADVANCED_FACE('',(#4903),#127,.F.);
#5398=ADVANCED_FACE('',(#4904,#4905),#5138,.F.);
#5399=ADVANCED_FACE('',(#4906),#5139,.T.);
#5400=ADVANCED_FACE('',(#4907),#128,.F.);
#5401=ADVANCED_FACE('',(#4908),#5140,.T.);
#5402=ADVANCED_FACE('',(#4909),#129,.F.);
#5403=ADVANCED_FACE('',(#4910),#5141,.F.);
#5404=ADVANCED_FACE('',(#4911),#130,.F.);
#5405=ADVANCED_FACE('',(#4912),#5142,.F.);
#5406=ADVANCED_FACE('',(#4913),#131,.F.);
#5407=ADVANCED_FACE('',(#4914),#5143,.T.);
#5408=ADVANCED_FACE('',(#4915),#132,.F.);
#5409=ADVANCED_FACE('',(#4916),#5144,.F.);
#5410=ADVANCED_FACE('',(#4917),#133,.F.);
#5411=ADVANCED_FACE('',(#4918),#5145,.F.);
#5412=ADVANCED_FACE('',(#4919),#134,.F.);
#5413=ADVANCED_FACE('',(#4920),#5146,.T.);
#5414=ADVANCED_FACE('',(#4921),#135,.F.);
#5415=ADVANCED_FACE('',(#4922,#4923),#5147,.F.);
#5416=ADVANCED_FACE('',(#4924),#5148,.T.);
#5417=ADVANCED_FACE('',(#4925),#136,.F.);
#5418=ADVANCED_FACE('',(#4926),#5149,.T.);
#5419=ADVANCED_FACE('',(#4927),#137,.F.);
#5420=ADVANCED_FACE('',(#4928),#5150,.F.);
#5421=ADVANCED_FACE('',(#4929),#138,.F.);
#5422=ADVANCED_FACE('',(#4930),#5151,.F.);
#5423=ADVANCED_FACE('',(#4931),#139,.F.);
#5424=ADVANCED_FACE('',(#4932),#5152,.T.);
#5425=ADVANCED_FACE('',(#4933),#140,.F.);
#5426=ADVANCED_FACE('',(#4934),#5153,.F.);
#5427=ADVANCED_FACE('',(#4935),#141,.F.);
#5428=ADVANCED_FACE('',(#4936),#5154,.F.);
#5429=ADVANCED_FACE('',(#4937),#142,.F.);
#5430=ADVANCED_FACE('',(#4938),#5155,.T.);
#5431=ADVANCED_FACE('',(#4939),#143,.F.);
#5432=ADVANCED_FACE('',(#4940,#4941),#5156,.F.);
#5433=ADVANCED_FACE('',(#4942),#5157,.T.);
#5434=ADVANCED_FACE('',(#4943),#144,.F.);
#5435=ADVANCED_FACE('',(#4944),#5158,.T.);
#5436=ADVANCED_FACE('',(#4945),#145,.F.);
#5437=ADVANCED_FACE('',(#4946),#5159,.F.);
#5438=ADVANCED_FACE('',(#4947),#146,.F.);
#5439=ADVANCED_FACE('',(#4948),#5160,.F.);
#5440=ADVANCED_FACE('',(#4949),#147,.F.);
#5441=ADVANCED_FACE('',(#4950),#5161,.T.);
#5442=ADVANCED_FACE('',(#4951),#148,.F.);
#5443=ADVANCED_FACE('',(#4952),#5162,.F.);
#5444=ADVANCED_FACE('',(#4953),#149,.F.);
#5445=ADVANCED_FACE('',(#4954),#5163,.F.);
#5446=ADVANCED_FACE('',(#4955),#150,.F.);
#5447=ADVANCED_FACE('',(#4956),#5164,.T.);
#5448=ADVANCED_FACE('',(#4957),#151,.F.);
#5449=ADVANCED_FACE('',(#4958,#4959),#5165,.F.);
#5450=ADVANCED_FACE('',(#4960),#5166,.T.);
#5451=ADVANCED_FACE('',(#4961),#152,.F.);
#5452=ADVANCED_FACE('',(#4962),#5167,.T.);
#5453=ADVANCED_FACE('',(#4963),#153,.F.);
#5454=ADVANCED_FACE('',(#4964),#5168,.F.);
#5455=ADVANCED_FACE('',(#4965),#154,.F.);
#5456=ADVANCED_FACE('',(#4966),#5169,.F.);
#5457=ADVANCED_FACE('',(#4967),#155,.F.);
#5458=ADVANCED_FACE('',(#4968),#12,.F.);
#5459=ADVANCED_FACE('',(#4969),#5170,.F.);
#5460=ADVANCED_FACE('',(#4970),#5171,.F.);
#5461=ADVANCED_FACE('',(#4971),#13,.F.);
#5462=ADVANCED_FACE('',(#4972),#14,.F.);
#5463=ADVANCED_FACE('',(#4973),#5172,.T.);
#5464=ADVANCED_FACE('',(#4974),#5173,.T.);
#5465=ADVANCED_FACE('',(#4975),#15,.F.);
#5466=ADVANCED_FACE('',(#4976),#16,.F.);
#5467=ADVANCED_FACE('',(#4977),#5174,.F.);
#5468=ADVANCED_FACE('',(#4978),#5175,.F.);
#5469=ADVANCED_FACE('',(#4979),#17,.F.);
#5470=ADVANCED_FACE('',(#4980),#18,.F.);
#5471=ADVANCED_FACE('',(#4981),#5176,.T.);
#5472=ADVANCED_FACE('',(#4982),#5177,.T.);
#5473=ADVANCED_FACE('',(#4983),#19,.F.);
#5474=ADVANCED_FACE('',(#4984),#20,.F.);
#5475=ADVANCED_FACE('',(#4985),#5178,.F.);
#5476=ADVANCED_FACE('',(#4986),#5179,.F.);
#5477=ADVANCED_FACE('',(#4987),#21,.F.);
#5478=ADVANCED_FACE('',(#4988),#22,.F.);
#5479=ADVANCED_FACE('',(#4989),#5180,.T.);
#5480=ADVANCED_FACE('',(#4990),#5181,.T.);
#5481=ADVANCED_FACE('',(#4991),#23,.F.);
#5482=ADVANCED_FACE('',(#4992),#24,.F.);
#5483=ADVANCED_FACE('',(#4993),#5182,.F.);
#5484=ADVANCED_FACE('',(#4994),#5183,.F.);
#5485=ADVANCED_FACE('',(#4995),#25,.F.);
#5486=ADVANCED_FACE('',(#4996),#26,.F.);
#5487=ADVANCED_FACE('',(#4997),#5184,.T.);
#5488=ADVANCED_FACE('',(#4998),#5185,.T.);
#5489=ADVANCED_FACE('',(#4999),#27,.F.);
#5490=ADVANCED_FACE('',(#5000),#28,.F.);
#5491=ADVANCED_FACE('',(#5001),#5186,.F.);
#5492=ADVANCED_FACE('',(#5002),#5187,.F.);
#5493=ADVANCED_FACE('',(#5003),#29,.F.);
#5494=ADVANCED_FACE('',(#5004),#30,.F.);
#5495=ADVANCED_FACE('',(#5005),#5188,.T.);
#5496=ADVANCED_FACE('',(#5006),#5189,.T.);
#5497=ADVANCED_FACE('',(#5007),#31,.F.);
#5498=ADVANCED_FACE('',(#5008),#32,.F.);
#5499=ADVANCED_FACE('',(#5009),#5190,.F.);
#5500=ADVANCED_FACE('',(#5010),#5191,.F.);
#5501=ADVANCED_FACE('',(#5011),#33,.F.);
#5502=ADVANCED_FACE('',(#5012),#34,.F.);
#5503=ADVANCED_FACE('',(#5013),#5192,.T.);
#5504=ADVANCED_FACE('',(#5014),#5193,.T.);
#5505=ADVANCED_FACE('',(#5015),#35,.F.);
#5506=ADVANCED_FACE('',(#5016),#36,.F.);
#5507=ADVANCED_FACE('',(#5017),#5194,.F.);
#5508=ADVANCED_FACE('',(#5018),#5195,.F.);
#5509=ADVANCED_FACE('',(#5019),#37,.F.);
#5510=ADVANCED_FACE('',(#5020),#38,.F.);
#5511=ADVANCED_FACE('',(#5021),#5196,.T.);
#5512=ADVANCED_FACE('',(#5022),#5197,.T.);
#5513=ADVANCED_FACE('',(#5023),#39,.F.);
#5514=ADVANCED_FACE('',(#5024),#40,.F.);
#5515=ADVANCED_FACE('',(#5025),#5198,.F.);
#5516=ADVANCED_FACE('',(#5026),#5199,.F.);
#5517=ADVANCED_FACE('',(#5027),#41,.F.);
#5518=ADVANCED_FACE('',(#5028),#42,.F.);
#5519=ADVANCED_FACE('',(#5029),#5200,.T.);
#5520=ADVANCED_FACE('',(#5030),#5201,.T.);
#5521=ADVANCED_FACE('',(#5031),#43,.F.);
#5522=ADVANCED_FACE('',(#5032),#44,.T.);
#5523=ADVANCED_FACE('',(#5033),#5202,.F.);
#5524=ADVANCED_FACE('',(#5034),#5203,.T.);
#5525=ADVANCED_FACE('',(#5035),#45,.T.);
#5526=ADVANCED_FACE('',(#5036),#46,.T.);
#5527=ADVANCED_FACE('',(#5037),#5204,.F.);
#5528=ADVANCED_FACE('',(#5038),#5205,.T.);
#5529=ADVANCED_FACE('',(#5039),#47,.T.);
#5530=CLOSED_SHELL('',(#5206,#5207,#5208,#5209,#5210,#5211,#5212,#5213,
#5214,#5215,#5216,#5217,#5218,#5219,#5220,#5221,#5222,#5223,#5224,#5225,
#5226,#5227,#5228,#5229,#5230,#5231,#5232,#5233,#5234,#5235,#5236,#5237,
#5238,#5239,#5240,#5241,#5242,#5243,#5244,#5245,#5246,#5247,#5248,#5249,
#5250,#5251,#5252,#5253,#5254,#5255,#5256,#5257,#5258,#5259,#5260,#5261,
#5262,#5263,#5264,#5265,#5266,#5267,#5268,#5269,#5270,#5271,#5272,#5273,
#5274,#5275,#5276,#5277,#5278,#5279,#5280,#5281,#5282,#5283,#5284,#5285,
#5286,#5287,#5288,#5289,#5290,#5291,#5292,#5293,#5294,#5295,#5296,#5297,
#5298,#5299,#5300,#5301,#5302,#5303,#5304,#5305,#5306,#5307,#5308,#5309,
#5310,#5311,#5312,#5313,#5314,#5315,#5316,#5317,#5318,#5319,#5320,#5321,
#5322,#5323,#5324,#5325,#5326,#5327,#5328,#5329,#5330,#5331,#5332,#5333,
#5334,#5335,#5336,#5337,#5338,#5339,#5340,#5341,#5342,#5343,#5344,#5345,
#5346,#5347,#5348,#5349,#5350,#5351,#5352,#5353,#5354,#5355,#5356,#5357,
#5358,#5359,#5360,#5361,#5362,#5363,#5364,#5365,#5366,#5367,#5368,#5369,
#5370,#5371,#5372,#5373,#5374,#5375,#5376,#5377,#5378,#5379,#5380,#5381,
#5382,#5383,#5384,#5385,#5386,#5387,#5388,#5389,#5390,#5391,#5392,#5393,
#5394,#5395,#5396,#5397,#5398,#5399,#5400,#5401,#5402,#5403,#5404,#5405,
#5406,#5407,#5408,#5409,#5410,#5411,#5412,#5413,#5414,#5415,#5416,#5417,
#5418,#5419,#5420,#5421,#5422,#5423,#5424,#5425,#5426,#5427,#5428,#5429,
#5430,#5431,#5432,#5433,#5434,#5435,#5436,#5437,#5438,#5439,#5440,#5441,
#5442,#5443,#5444,#5445,#5446,#5447,#5448,#5449,#5450,#5451,#5452,#5453,
#5454,#5455,#5456,#5457,#5458,#5459,#5460,#5461,#5462,#5463,#5464,#5465,
#5466,#5467,#5468,#5469,#5470,#5471,#5472,#5473,#5474,#5475,#5476,#5477,
#5478,#5479,#5480,#5481,#5482,#5483,#5484,#5485,#5486,#5487,#5488,#5489,
#5490,#5491,#5492,#5493,#5494,#5495,#5496,#5497,#5498,#5499,#5500,#5501,
#5502,#5503,#5504,#5505,#5506,#5507,#5508,#5509,#5510,#5511,#5512,#5513,
#5514,#5515,#5516,#5517,#5518,#5519,#5520,#5521,#5522,#5523,#5524,#5525,
#5526,#5527,#5528,#5529));
#5531=STYLED_ITEM('',(#5532),#5539);
#5532=PRESENTATION_STYLE_ASSIGNMENT((#5533));
#5533=SURFACE_STYLE_USAGE(.BOTH.,#5534);
#5534=SURFACE_SIDE_STYLE('',(#5535));
#5535=SURFACE_STYLE_FILL_AREA(#5536);
#5536=FILL_AREA_STYLE('',(#5537));
#5537=FILL_AREA_STYLE_COLOUR('',#5538);
#5538=COLOUR_RGB('',0.647058823529412,0.647058823529412,0.647058823529412);
#5539=MANIFOLD_SOLID_BREP('Dock Top',#5530);
#5540=SHAPE_DEFINITION_REPRESENTATION(#9398,#5541);
#5541=SHAPE_REPRESENTATION('Dock Top',(#5542),#9393);
#5542=AXIS2_PLACEMENT_3D('',#7801,#6119,#6120);
#5543=AXIS2_PLACEMENT_3D('',#7802,#6121,#6122);
#5544=AXIS2_PLACEMENT_3D('',#7806,#6124,#6125);
#5545=AXIS2_PLACEMENT_3D('',#7810,#6127,#6128);
#5546=AXIS2_PLACEMENT_3D('',#7814,#6130,#6131);
#5547=AXIS2_PLACEMENT_3D('',#7818,#6133,#6134);
#5548=AXIS2_PLACEMENT_3D('',#7822,#6136,#6137);
#5549=AXIS2_PLACEMENT_3D('',#7826,#6139,#6140);
#5550=AXIS2_PLACEMENT_3D('',#7830,#6142,#6143);
#5551=AXIS2_PLACEMENT_3D('',#7834,#6145,#6146);
#5552=AXIS2_PLACEMENT_3D('',#7838,#6148,#6149);
#5553=AXIS2_PLACEMENT_3D('',#7842,#6151,#6152);
#5554=AXIS2_PLACEMENT_3D('',#7846,#6154,#6155);
#5555=AXIS2_PLACEMENT_3D('',#7850,#6157,#6158);
#5556=AXIS2_PLACEMENT_3D('',#7854,#6160,#6161);
#5557=AXIS2_PLACEMENT_3D('',#7858,#6163,#6164);
#5558=AXIS2_PLACEMENT_3D('',#7862,#6166,#6167);
#5559=AXIS2_PLACEMENT_3D('',#7866,#6169,#6170);
#5560=AXIS2_PLACEMENT_3D('',#7867,#6171,#6172);
#5561=AXIS2_PLACEMENT_3D('',#7872,#6174,#6175);
#5562=AXIS2_PLACEMENT_3D('',#7876,#6177,#6178);
#5563=AXIS2_PLACEMENT_3D('',#7880,#6180,#6181);
#5564=AXIS2_PLACEMENT_3D('',#7883,#6183,#6184);
#5565=AXIS2_PLACEMENT_3D('',#7888,#6186,#6187);
#5566=AXIS2_PLACEMENT_3D('',#7892,#6189,#6190);
#5567=AXIS2_PLACEMENT_3D('',#7896,#6192,#6193);
#5568=AXIS2_PLACEMENT_3D('',#7907,#6199,#6200);
#5569=AXIS2_PLACEMENT_3D('',#7909,#6201,#6202);
#5570=AXIS2_PLACEMENT_3D('',#7911,#6203,#6204);
#5571=AXIS2_PLACEMENT_3D('',#7913,#6205,#6206);
#5572=AXIS2_PLACEMENT_3D('',#7915,#6207,#6208);
#5573=AXIS2_PLACEMENT_3D('',#7917,#6209,#6210);
#5574=AXIS2_PLACEMENT_3D('',#7930,#6216,#6217);
#5575=AXIS2_PLACEMENT_3D('',#7934,#6219,#6220);
#5576=AXIS2_PLACEMENT_3D('',#7938,#6222,#6223);
#5577=AXIS2_PLACEMENT_3D('',#7942,#6225,#6226);
#5578=AXIS2_PLACEMENT_3D('',#7959,#6235,#6236);
#5579=AXIS2_PLACEMENT_3D('',#7964,#6238,#6239);
#5580=AXIS2_PLACEMENT_3D('',#7968,#6241,#6242);
#5581=AXIS2_PLACEMENT_3D('',#7972,#6244,#6245);
#5582=AXIS2_PLACEMENT_3D('',#7975,#6247,#6248);
#5583=AXIS2_PLACEMENT_3D('',#7988,#6254,#6255);
#5584=AXIS2_PLACEMENT_3D('',#7994,#6258,#6259);
#5585=AXIS2_PLACEMENT_3D('',#7998,#6261,#6262);
#5586=AXIS2_PLACEMENT_3D('',#8002,#6264,#6265);
#5587=AXIS2_PLACEMENT_3D('',#8006,#6267,#6268);
#5588=AXIS2_PLACEMENT_3D('',#8010,#6270,#6271);
#5589=AXIS2_PLACEMENT_3D('',#8014,#6273,#6274);
#5590=AXIS2_PLACEMENT_3D('',#8018,#6276,#6277);
#5591=AXIS2_PLACEMENT_3D('',#8022,#6279,#6280);
#5592=AXIS2_PLACEMENT_3D('',#8026,#6282,#6283);
#5593=AXIS2_PLACEMENT_3D('',#8030,#6285,#6286);
#5594=AXIS2_PLACEMENT_3D('',#8034,#6288,#6289);
#5595=AXIS2_PLACEMENT_3D('',#8038,#6291,#6292);
#5596=AXIS2_PLACEMENT_3D('',#8042,#6294,#6295);
#5597=AXIS2_PLACEMENT_3D('',#8046,#6297,#6298);
#5598=AXIS2_PLACEMENT_3D('',#8050,#6300,#6301);
#5599=AXIS2_PLACEMENT_3D('',#8054,#6303,#6304);
#5600=AXIS2_PLACEMENT_3D('',#8055,#6305,#6306);
#5601=AXIS2_PLACEMENT_3D('',#8059,#6308,#6309);
#5602=AXIS2_PLACEMENT_3D('',#8063,#6311,#6312);
#5603=AXIS2_PLACEMENT_3D('',#8067,#6314,#6315);
#5604=AXIS2_PLACEMENT_3D('',#8071,#6317,#6318);
#5605=AXIS2_PLACEMENT_3D('',#8075,#6320,#6321);
#5606=AXIS2_PLACEMENT_3D('',#8079,#6323,#6324);
#5607=AXIS2_PLACEMENT_3D('',#8083,#6326,#6327);
#5608=AXIS2_PLACEMENT_3D('',#8087,#6329,#6330);
#5609=AXIS2_PLACEMENT_3D('',#8091,#6332,#6333);
#5610=AXIS2_PLACEMENT_3D('',#8095,#6335,#6336);
#5611=AXIS2_PLACEMENT_3D('',#8099,#6338,#6339);
#5612=AXIS2_PLACEMENT_3D('',#8103,#6341,#6342);
#5613=AXIS2_PLACEMENT_3D('',#8107,#6344,#6345);
#5614=AXIS2_PLACEMENT_3D('',#8111,#6347,#6348);
#5615=AXIS2_PLACEMENT_3D('',#8115,#6350,#6351);
#5616=AXIS2_PLACEMENT_3D('',#8119,#6353,#6354);
#5617=AXIS2_PLACEMENT_3D('',#8123,#6356,#6357);
#5618=AXIS2_PLACEMENT_3D('',#8127,#6359,#6360);
#5619=AXIS2_PLACEMENT_3D('',#8131,#6362,#6363);
#5620=AXIS2_PLACEMENT_3D('',#8135,#6365,#6366);
#5621=AXIS2_PLACEMENT_3D('',#8139,#6368,#6369);
#5622=AXIS2_PLACEMENT_3D('',#8143,#6371,#6372);
#5623=AXIS2_PLACEMENT_3D('',#8147,#6374,#6375);
#5624=AXIS2_PLACEMENT_3D('',#8151,#6377,#6378);
#5625=AXIS2_PLACEMENT_3D('',#8155,#6380,#6381);
#5626=AXIS2_PLACEMENT_3D('',#8159,#6383,#6384);
#5627=AXIS2_PLACEMENT_3D('',#8163,#6386,#6387);
#5628=AXIS2_PLACEMENT_3D('',#8167,#6389,#6390);
#5629=AXIS2_PLACEMENT_3D('',#8171,#6392,#6393);
#5630=AXIS2_PLACEMENT_3D('',#8175,#6395,#6396);
#5631=AXIS2_PLACEMENT_3D('',#8179,#6398,#6399);
#5632=AXIS2_PLACEMENT_3D('',#8183,#6401,#6402);
#5633=AXIS2_PLACEMENT_3D('',#8187,#6404,#6405);
#5634=AXIS2_PLACEMENT_3D('',#8191,#6407,#6408);
#5635=AXIS2_PLACEMENT_3D('',#8195,#6410,#6411);
#5636=AXIS2_PLACEMENT_3D('',#8199,#6413,#6414);
#5637=AXIS2_PLACEMENT_3D('',#8200,#6415,#6416);
#5638=AXIS2_PLACEMENT_3D('',#8201,#6417,#6418);
#5639=AXIS2_PLACEMENT_3D('',#8204,#6419,#6420);
#5640=AXIS2_PLACEMENT_3D('',#8206,#6421,#6422);
#5641=AXIS2_PLACEMENT_3D('',#8207,#6423,#6424);
#5642=AXIS2_PLACEMENT_3D('',#8210,#6426,#6427);
#5643=AXIS2_PLACEMENT_3D('',#8213,#6429,#6430);
#5644=AXIS2_PLACEMENT_3D('',#8214,#6431,#6432);
#5645=AXIS2_PLACEMENT_3D('',#8216,#6433,#6434);
#5646=AXIS2_PLACEMENT_3D('',#8217,#6435,#6436);
#5647=AXIS2_PLACEMENT_3D('',#8220,#6438,#6439);
#5648=AXIS2_PLACEMENT_3D('',#8223,#6441,#6442);
#5649=AXIS2_PLACEMENT_3D('',#8228,#6445,#6446);
#5650=AXIS2_PLACEMENT_3D('',#8229,#6447,#6448);
#5651=AXIS2_PLACEMENT_3D('',#8235,#6452,#6453);
#5652=AXIS2_PLACEMENT_3D('',#8239,#6455,#6456);
#5653=AXIS2_PLACEMENT_3D('',#8243,#6458,#6459);
#5654=AXIS2_PLACEMENT_3D('',#8247,#6461,#6462);
#5655=AXIS2_PLACEMENT_3D('',#8248,#6463,#6464);
#5656=AXIS2_PLACEMENT_3D('',#8251,#6466,#6467);
#5657=AXIS2_PLACEMENT_3D('',#8252,#6468,#6469);
#5658=AXIS2_PLACEMENT_3D('',#8256,#6472,#6473);
#5659=AXIS2_PLACEMENT_3D('',#8259,#6475,#6476);
#5660=AXIS2_PLACEMENT_3D('',#8260,#6477,#6478);
#5661=AXIS2_PLACEMENT_3D('',#8264,#6481,#6482);
#5662=AXIS2_PLACEMENT_3D('',#8267,#6484,#6485);
#5663=AXIS2_PLACEMENT_3D('',#8268,#6486,#6487);
#5664=AXIS2_PLACEMENT_3D('',#8272,#6490,#6491);
#5665=AXIS2_PLACEMENT_3D('',#8273,#6492,#6493);
#5666=AXIS2_PLACEMENT_3D('',#8274,#6494,#6495);
#5667=AXIS2_PLACEMENT_3D('',#8275,#6496,#6497);
#5668=AXIS2_PLACEMENT_3D('',#8277,#6498,#6499);
#5669=AXIS2_PLACEMENT_3D('',#8278,#6500,#6501);
#5670=AXIS2_PLACEMENT_3D('',#8279,#6502,#6503);
#5671=AXIS2_PLACEMENT_3D('',#8281,#6504,#6505);
#5672=AXIS2_PLACEMENT_3D('',#8282,#6506,#6507);
#5673=AXIS2_PLACEMENT_3D('',#8283,#6508,#6509);
#5674=AXIS2_PLACEMENT_3D('',#8285,#6510,#6511);
#5675=AXIS2_PLACEMENT_3D('',#8286,#6512,#6513);
#5676=AXIS2_PLACEMENT_3D('',#8287,#6514,#6515);
#5677=AXIS2_PLACEMENT_3D('',#8289,#6516,#6517);
#5678=AXIS2_PLACEMENT_3D('',#8290,#6518,#6519);
#5679=AXIS2_PLACEMENT_3D('',#8291,#6520,#6521);
#5680=AXIS2_PLACEMENT_3D('',#8293,#6522,#6523);
#5681=AXIS2_PLACEMENT_3D('',#8294,#6524,#6525);
#5682=AXIS2_PLACEMENT_3D('',#8295,#6526,#6527);
#5683=AXIS2_PLACEMENT_3D('',#8297,#6528,#6529);
#5684=AXIS2_PLACEMENT_3D('',#8298,#6530,#6531);
#5685=AXIS2_PLACEMENT_3D('',#8301,#6533,#6534);
#5686=AXIS2_PLACEMENT_3D('',#8302,#6535,#6536);
#5687=AXIS2_PLACEMENT_3D('',#8306,#6539,#6540);
#5688=AXIS2_PLACEMENT_3D('',#8309,#6542,#6543);
#5689=AXIS2_PLACEMENT_3D('',#8310,#6544,#6545);
#5690=AXIS2_PLACEMENT_3D('',#8314,#6548,#6549);
#5691=AXIS2_PLACEMENT_3D('',#8317,#6551,#6552);
#5692=AXIS2_PLACEMENT_3D('',#8318,#6553,#6554);
#5693=AXIS2_PLACEMENT_3D('',#8322,#6557,#6558);
#5694=AXIS2_PLACEMENT_3D('',#8323,#6559,#6560);
#5695=AXIS2_PLACEMENT_3D('',#8324,#6561,#6562);
#5696=AXIS2_PLACEMENT_3D('',#8334,#6568,#6569);
#5697=AXIS2_PLACEMENT_3D('',#8344,#6575,#6576);
#5698=AXIS2_PLACEMENT_3D('',#8346,#6578,#6579);
#5699=AXIS2_PLACEMENT_3D('',#8348,#6581,#6582);
#5700=AXIS2_PLACEMENT_3D('',#8350,#6584,#6585);
#5701=AXIS2_PLACEMENT_3D('',#8352,#6587,#6588);
#5702=AXIS2_PLACEMENT_3D('',#8353,#6589,#6590);
#5703=AXIS2_PLACEMENT_3D('',#8360,#6595,#6596);
#5704=AXIS2_PLACEMENT_3D('',#8364,#6599,#6600);
#5705=AXIS2_PLACEMENT_3D('',#8365,#6601,#6602);
#5706=AXIS2_PLACEMENT_3D('',#8370,#6605,#6606);
#5707=AXIS2_PLACEMENT_3D('',#8374,#6609,#6610);
#5708=AXIS2_PLACEMENT_3D('',#8379,#6614,#6615);
#5709=AXIS2_PLACEMENT_3D('',#8381,#6617,#6618);
#5710=AXIS2_PLACEMENT_3D('',#8387,#6622,#6623);
#5711=AXIS2_PLACEMENT_3D('',#8391,#6626,#6627);
#5712=AXIS2_PLACEMENT_3D('',#8395,#6630,#6631);
#5713=AXIS2_PLACEMENT_3D('',#8397,#6633,#6634);
#5714=AXIS2_PLACEMENT_3D('',#8398,#6635,#6636);
#5715=AXIS2_PLACEMENT_3D('',#8404,#6640,#6641);
#5716=AXIS2_PLACEMENT_3D('',#8408,#6644,#6645);
#5717=AXIS2_PLACEMENT_3D('',#8412,#6648,#6649);
#5718=AXIS2_PLACEMENT_3D('',#8414,#6651,#6652);
#5719=AXIS2_PLACEMENT_3D('',#8415,#6653,#6654);
#5720=AXIS2_PLACEMENT_3D('',#8421,#6658,#6659);
#5721=AXIS2_PLACEMENT_3D('',#8427,#6663,#6664);
#5722=AXIS2_PLACEMENT_3D('',#8433,#6668,#6669);
#5723=AXIS2_PLACEMENT_3D('',#8439,#6673,#6674);
#5724=AXIS2_PLACEMENT_3D('',#8448,#6679,#6680);
#5725=AXIS2_PLACEMENT_3D('',#8449,#6681,#6682);
#5726=AXIS2_PLACEMENT_3D('',#8450,#6683,#6684);
#5727=AXIS2_PLACEMENT_3D('',#8451,#6685,#6686);
#5728=AXIS2_PLACEMENT_3D('',#8452,#6687,#6688);
#5729=AXIS2_PLACEMENT_3D('',#8453,#6689,#6690);
#5730=AXIS2_PLACEMENT_3D('',#8454,#6691,#6692);
#5731=AXIS2_PLACEMENT_3D('',#8455,#6693,#6694);
#5732=AXIS2_PLACEMENT_3D('',#8456,#6695,#6696);
#5733=AXIS2_PLACEMENT_3D('',#8457,#6697,#6698);
#5734=AXIS2_PLACEMENT_3D('',#8458,#6699,#6700);
#5735=AXIS2_PLACEMENT_3D('',#8459,#6701,#6702);
#5736=AXIS2_PLACEMENT_3D('',#8460,#6703,#6704);
#5737=AXIS2_PLACEMENT_3D('',#8461,#6705,#6706);
#5738=AXIS2_PLACEMENT_3D('',#8462,#6707,#6708);
#5739=AXIS2_PLACEMENT_3D('',#8463,#6709,#6710);
#5740=AXIS2_PLACEMENT_3D('',#8464,#6711,#6712);
#5741=AXIS2_PLACEMENT_3D('',#8465,#6713,#6714);
#5742=AXIS2_PLACEMENT_3D('',#8466,#6715,#6716);
#5743=AXIS2_PLACEMENT_3D('',#8467,#6717,#6718);
#5744=AXIS2_PLACEMENT_3D('',#8468,#6719,#6720);
#5745=AXIS2_PLACEMENT_3D('',#8469,#6721,#6722);
#5746=AXIS2_PLACEMENT_3D('',#8470,#6723,#6724);
#5747=AXIS2_PLACEMENT_3D('',#8471,#6725,#6726);
#5748=AXIS2_PLACEMENT_3D('',#8472,#6727,#6728);
#5749=AXIS2_PLACEMENT_3D('',#8478,#6732,#6733);
#5750=AXIS2_PLACEMENT_3D('',#8484,#6737,#6738);
#5751=AXIS2_PLACEMENT_3D('',#8490,#6742,#6743);
#5752=AXIS2_PLACEMENT_3D('',#8496,#6747,#6748);
#5753=AXIS2_PLACEMENT_3D('',#8505,#6753,#6754);
#5754=AXIS2_PLACEMENT_3D('',#8506,#6755,#6756);
#5755=AXIS2_PLACEMENT_3D('',#8507,#6757,#6758);
#5756=AXIS2_PLACEMENT_3D('',#8508,#6759,#6760);
#5757=AXIS2_PLACEMENT_3D('',#8509,#6761,#6762);
#5758=AXIS2_PLACEMENT_3D('',#8510,#6763,#6764);
#5759=AXIS2_PLACEMENT_3D('',#8511,#6765,#6766);
#5760=AXIS2_PLACEMENT_3D('',#8512,#6767,#6768);
#5761=AXIS2_PLACEMENT_3D('',#8513,#6769,#6770);
#5762=AXIS2_PLACEMENT_3D('',#8514,#6771,#6772);
#5763=AXIS2_PLACEMENT_3D('',#8515,#6773,#6774);
#5764=AXIS2_PLACEMENT_3D('',#8516,#6775,#6776);
#5765=AXIS2_PLACEMENT_3D('',#8517,#6777,#6778);
#5766=AXIS2_PLACEMENT_3D('',#8518,#6779,#6780);
#5767=AXIS2_PLACEMENT_3D('',#8519,#6781,#6782);
#5768=AXIS2_PLACEMENT_3D('',#8520,#6783,#6784);
#5769=AXIS2_PLACEMENT_3D('',#8521,#6785,#6786);
#5770=AXIS2_PLACEMENT_3D('',#8522,#6787,#6788);
#5771=AXIS2_PLACEMENT_3D('',#8523,#6789,#6790);
#5772=AXIS2_PLACEMENT_3D('',#8524,#6791,#6792);
#5773=AXIS2_PLACEMENT_3D('',#8525,#6793,#6794);
#5774=AXIS2_PLACEMENT_3D('',#8526,#6795,#6796);
#5775=AXIS2_PLACEMENT_3D('',#8527,#6797,#6798);
#5776=AXIS2_PLACEMENT_3D('',#8528,#6799,#6800);
#5777=AXIS2_PLACEMENT_3D('',#8529,#6801,#6802);
#5778=AXIS2_PLACEMENT_3D('',#8535,#6806,#6807);
#5779=AXIS2_PLACEMENT_3D('',#8541,#6811,#6812);
#5780=AXIS2_PLACEMENT_3D('',#8547,#6816,#6817);
#5781=AXIS2_PLACEMENT_3D('',#8553,#6821,#6822);
#5782=AXIS2_PLACEMENT_3D('',#8562,#6827,#6828);
#5783=AXIS2_PLACEMENT_3D('',#8563,#6829,#6830);
#5784=AXIS2_PLACEMENT_3D('',#8564,#6831,#6832);
#5785=AXIS2_PLACEMENT_3D('',#8565,#6833,#6834);
#5786=AXIS2_PLACEMENT_3D('',#8566,#6835,#6836);
#5787=AXIS2_PLACEMENT_3D('',#8567,#6837,#6838);
#5788=AXIS2_PLACEMENT_3D('',#8568,#6839,#6840);
#5789=AXIS2_PLACEMENT_3D('',#8569,#6841,#6842);
#5790=AXIS2_PLACEMENT_3D('',#8570,#6843,#6844);
#5791=AXIS2_PLACEMENT_3D('',#8571,#6845,#6846);
#5792=AXIS2_PLACEMENT_3D('',#8572,#6847,#6848);
#5793=AXIS2_PLACEMENT_3D('',#8573,#6849,#6850);
#5794=AXIS2_PLACEMENT_3D('',#8574,#6851,#6852);
#5795=AXIS2_PLACEMENT_3D('',#8575,#6853,#6854);
#5796=AXIS2_PLACEMENT_3D('',#8576,#6855,#6856);
#5797=AXIS2_PLACEMENT_3D('',#8577,#6857,#6858);
#5798=AXIS2_PLACEMENT_3D('',#8578,#6859,#6860);
#5799=AXIS2_PLACEMENT_3D('',#8579,#6861,#6862);
#5800=AXIS2_PLACEMENT_3D('',#8580,#6863,#6864);
#5801=AXIS2_PLACEMENT_3D('',#8581,#6865,#6866);
#5802=AXIS2_PLACEMENT_3D('',#8582,#6867,#6868);
#5803=AXIS2_PLACEMENT_3D('',#8583,#6869,#6870);
#5804=AXIS2_PLACEMENT_3D('',#8584,#6871,#6872);
#5805=AXIS2_PLACEMENT_3D('',#8585,#6873,#6874);
#5806=AXIS2_PLACEMENT_3D('',#8586,#6875,#6876);
#5807=AXIS2_PLACEMENT_3D('',#8589,#6879,#6880);
#5808=AXIS2_PLACEMENT_3D('',#8591,#6882,#6883);
#5809=AXIS2_PLACEMENT_3D('',#8593,#6885,#6886);
#5810=AXIS2_PLACEMENT_3D('',#8594,#6887,#6888);
#5811=AXIS2_PLACEMENT_3D('',#8595,#6889,#6890);
#5812=AXIS2_PLACEMENT_3D('',#8596,#6891,#6892);
#5813=AXIS2_PLACEMENT_3D('',#8598,#6893,#6894);
#5814=AXIS2_PLACEMENT_3D('',#8599,#6895,#6896);
#5815=AXIS2_PLACEMENT_3D('',#8600,#6897,#6898);
#5816=AXIS2_PLACEMENT_3D('',#8606,#6902,#6903);
#5817=AXIS2_PLACEMENT_3D('',#8607,#6904,#6905);
#5818=AXIS2_PLACEMENT_3D('',#8610,#6907,#6908);
#5819=AXIS2_PLACEMENT_3D('',#8614,#6911,#6912);
#5820=AXIS2_PLACEMENT_3D('',#8615,#6913,#6914);
#5821=AXIS2_PLACEMENT_3D('',#8618,#6916,#6917);
#5822=AXIS2_PLACEMENT_3D('',#8622,#6920,#6921);
#5823=AXIS2_PLACEMENT_3D('',#8623,#6922,#6923);
#5824=AXIS2_PLACEMENT_3D('',#8626,#6925,#6926);
#5825=AXIS2_PLACEMENT_3D('',#8630,#6929,#6930);
#5826=AXIS2_PLACEMENT_3D('',#8631,#6931,#6932);
#5827=AXIS2_PLACEMENT_3D('',#8632,#6933,#6934);
#5828=AXIS2_PLACEMENT_3D('',#8636,#6936,#6937);
#5829=AXIS2_PLACEMENT_3D('',#8640,#6939,#6940);
#5830=AXIS2_PLACEMENT_3D('',#8644,#6942,#6943);
#5831=AXIS2_PLACEMENT_3D('',#8648,#6945,#6946);
#5832=AXIS2_PLACEMENT_3D('',#8649,#6947,#6948);
#5833=AXIS2_PLACEMENT_3D('',#8655,#6952,#6953);
#5834=AXIS2_PLACEMENT_3D('',#8658,#6955,#6956);
#5835=AXIS2_PLACEMENT_3D('',#8659,#6957,#6958);
#5836=AXIS2_PLACEMENT_3D('',#8663,#6961,#6962);
#5837=AXIS2_PLACEMENT_3D('',#8666,#6964,#6965);
#5838=AXIS2_PLACEMENT_3D('',#8667,#6966,#6967);
#5839=AXIS2_PLACEMENT_3D('',#8671,#6970,#6971);
#5840=AXIS2_PLACEMENT_3D('',#8674,#6973,#6974);
#5841=AXIS2_PLACEMENT_3D('',#8675,#6975,#6976);
#5842=AXIS2_PLACEMENT_3D('',#8679,#6979,#6980);
#5843=AXIS2_PLACEMENT_3D('',#8680,#6981,#6982);
#5844=AXIS2_PLACEMENT_3D('',#8681,#6983,#6984);
#5845=AXIS2_PLACEMENT_3D('',#8687,#6988,#6989);
#5846=AXIS2_PLACEMENT_3D('',#8688,#6990,#6991);
#5847=AXIS2_PLACEMENT_3D('',#8691,#6993,#6994);
#5848=AXIS2_PLACEMENT_3D('',#8695,#6997,#6998);
#5849=AXIS2_PLACEMENT_3D('',#8696,#6999,#7000);
#5850=AXIS2_PLACEMENT_3D('',#8699,#7002,#7003);
#5851=AXIS2_PLACEMENT_3D('',#8703,#7006,#7007);
#5852=AXIS2_PLACEMENT_3D('',#8704,#7008,#7009);
#5853=AXIS2_PLACEMENT_3D('',#8707,#7011,#7012);
#5854=AXIS2_PLACEMENT_3D('',#8711,#7015,#7016);
#5855=AXIS2_PLACEMENT_3D('',#8712,#7017,#7018);
#5856=AXIS2_PLACEMENT_3D('',#8713,#7019,#7020);
#5857=AXIS2_PLACEMENT_3D('',#8717,#7022,#7023);
#5858=AXIS2_PLACEMENT_3D('',#8721,#7025,#7026);
#5859=AXIS2_PLACEMENT_3D('',#8725,#7028,#7029);
#5860=AXIS2_PLACEMENT_3D('',#8729,#7031,#7032);
#5861=AXIS2_PLACEMENT_3D('',#8730,#7033,#7034);
#5862=AXIS2_PLACEMENT_3D('',#8736,#7038,#7039);
#5863=AXIS2_PLACEMENT_3D('',#8739,#7041,#7042);
#5864=AXIS2_PLACEMENT_3D('',#8740,#7043,#7044);
#5865=AXIS2_PLACEMENT_3D('',#8744,#7047,#7048);
#5866=AXIS2_PLACEMENT_3D('',#8747,#7050,#7051);
#5867=AXIS2_PLACEMENT_3D('',#8748,#7052,#7053);
#5868=AXIS2_PLACEMENT_3D('',#8752,#7056,#7057);
#5869=AXIS2_PLACEMENT_3D('',#8755,#7059,#7060);
#5870=AXIS2_PLACEMENT_3D('',#8756,#7061,#7062);
#5871=AXIS2_PLACEMENT_3D('',#8760,#7065,#7066);
#5872=AXIS2_PLACEMENT_3D('',#8761,#7067,#7068);
#5873=AXIS2_PLACEMENT_3D('',#8762,#7069,#7070);
#5874=AXIS2_PLACEMENT_3D('',#8768,#7074,#7075);
#5875=AXIS2_PLACEMENT_3D('',#8769,#7076,#7077);
#5876=AXIS2_PLACEMENT_3D('',#8772,#7079,#7080);
#5877=AXIS2_PLACEMENT_3D('',#8776,#7083,#7084);
#5878=AXIS2_PLACEMENT_3D('',#8777,#7085,#7086);
#5879=AXIS2_PLACEMENT_3D('',#8780,#7088,#7089);
#5880=AXIS2_PLACEMENT_3D('',#8784,#7092,#7093);
#5881=AXIS2_PLACEMENT_3D('',#8785,#7094,#7095);
#5882=AXIS2_PLACEMENT_3D('',#8788,#7097,#7098);
#5883=AXIS2_PLACEMENT_3D('',#8792,#7101,#7102);
#5884=AXIS2_PLACEMENT_3D('',#8793,#7103,#7104);
#5885=AXIS2_PLACEMENT_3D('',#8794,#7105,#7106);
#5886=AXIS2_PLACEMENT_3D('',#8798,#7108,#7109);
#5887=AXIS2_PLACEMENT_3D('',#8802,#7111,#7112);
#5888=AXIS2_PLACEMENT_3D('',#8806,#7114,#7115);
#5889=AXIS2_PLACEMENT_3D('',#8810,#7117,#7118);
#5890=AXIS2_PLACEMENT_3D('',#8811,#7119,#7120);
#5891=AXIS2_PLACEMENT_3D('',#8817,#7124,#7125);
#5892=AXIS2_PLACEMENT_3D('',#8820,#7127,#7128);
#5893=AXIS2_PLACEMENT_3D('',#8821,#7129,#7130);
#5894=AXIS2_PLACEMENT_3D('',#8825,#7133,#7134);
#5895=AXIS2_PLACEMENT_3D('',#8828,#7136,#7137);
#5896=AXIS2_PLACEMENT_3D('',#8829,#7138,#7139);
#5897=AXIS2_PLACEMENT_3D('',#8833,#7142,#7143);
#5898=AXIS2_PLACEMENT_3D('',#8836,#7145,#7146);
#5899=AXIS2_PLACEMENT_3D('',#8837,#7147,#7148);
#5900=AXIS2_PLACEMENT_3D('',#8841,#7151,#7152);
#5901=AXIS2_PLACEMENT_3D('',#8842,#7153,#7154);
#5902=AXIS2_PLACEMENT_3D('',#8843,#7155,#7156);
#5903=AXIS2_PLACEMENT_3D('',#8849,#7160,#7161);
#5904=AXIS2_PLACEMENT_3D('',#8850,#7162,#7163);
#5905=AXIS2_PLACEMENT_3D('',#8853,#7165,#7166);
#5906=AXIS2_PLACEMENT_3D('',#8857,#7169,#7170);
#5907=AXIS2_PLACEMENT_3D('',#8858,#7171,#7172);
#5908=AXIS2_PLACEMENT_3D('',#8861,#7174,#7175);
#5909=AXIS2_PLACEMENT_3D('',#8865,#7178,#7179);
#5910=AXIS2_PLACEMENT_3D('',#8866,#7180,#7181);
#5911=AXIS2_PLACEMENT_3D('',#8869,#7183,#7184);
#5912=AXIS2_PLACEMENT_3D('',#8873,#7187,#7188);
#5913=AXIS2_PLACEMENT_3D('',#8874,#7189,#7190);
#5914=AXIS2_PLACEMENT_3D('',#8875,#7191,#7192);
#5915=AXIS2_PLACEMENT_3D('',#8879,#7194,#7195);
#5916=AXIS2_PLACEMENT_3D('',#8883,#7197,#7198);
#5917=AXIS2_PLACEMENT_3D('',#8887,#7200,#7201);
#5918=AXIS2_PLACEMENT_3D('',#8891,#7203,#7204);
#5919=AXIS2_PLACEMENT_3D('',#8892,#7205,#7206);
#5920=AXIS2_PLACEMENT_3D('',#8898,#7210,#7211);
#5921=AXIS2_PLACEMENT_3D('',#8901,#7213,#7214);
#5922=AXIS2_PLACEMENT_3D('',#8902,#7215,#7216);
#5923=AXIS2_PLACEMENT_3D('',#8906,#7219,#7220);
#5924=AXIS2_PLACEMENT_3D('',#8909,#7222,#7223);
#5925=AXIS2_PLACEMENT_3D('',#8910,#7224,#7225);
#5926=AXIS2_PLACEMENT_3D('',#8914,#7228,#7229);
#5927=AXIS2_PLACEMENT_3D('',#8917,#7231,#7232);
#5928=AXIS2_PLACEMENT_3D('',#8918,#7233,#7234);
#5929=AXIS2_PLACEMENT_3D('',#8922,#7237,#7238);
#5930=AXIS2_PLACEMENT_3D('',#8923,#7239,#7240);
#5931=AXIS2_PLACEMENT_3D('',#8924,#7241,#7242);
#5932=AXIS2_PLACEMENT_3D('',#8930,#7246,#7247);
#5933=AXIS2_PLACEMENT_3D('',#8931,#7248,#7249);
#5934=AXIS2_PLACEMENT_3D('',#8934,#7251,#7252);
#5935=AXIS2_PLACEMENT_3D('',#8938,#7255,#7256);
#5936=AXIS2_PLACEMENT_3D('',#8939,#7257,#7258);
#5937=AXIS2_PLACEMENT_3D('',#8942,#7260,#7261);
#5938=AXIS2_PLACEMENT_3D('',#8946,#7264,#7265);
#5939=AXIS2_PLACEMENT_3D('',#8947,#7266,#7267);
#5940=AXIS2_PLACEMENT_3D('',#8950,#7269,#7270);
#5941=AXIS2_PLACEMENT_3D('',#8954,#7273,#7274);
#5942=AXIS2_PLACEMENT_3D('',#8955,#7275,#7276);
#5943=AXIS2_PLACEMENT_3D('',#8956,#7277,#7278);
#5944=AXIS2_PLACEMENT_3D('',#8960,#7280,#7281);
#5945=AXIS2_PLACEMENT_3D('',#8964,#7283,#7284);
#5946=AXIS2_PLACEMENT_3D('',#8968,#7286,#7287);
#5947=AXIS2_PLACEMENT_3D('',#8972,#7289,#7290);
#5948=AXIS2_PLACEMENT_3D('',#8973,#7291,#7292);
#5949=AXIS2_PLACEMENT_3D('',#8979,#7296,#7297);
#5950=AXIS2_PLACEMENT_3D('',#8982,#7299,#7300);
#5951=AXIS2_PLACEMENT_3D('',#8983,#7301,#7302);
#5952=AXIS2_PLACEMENT_3D('',#8987,#7305,#7306);
#5953=AXIS2_PLACEMENT_3D('',#8990,#7308,#7309);
#5954=AXIS2_PLACEMENT_3D('',#8991,#7310,#7311);
#5955=AXIS2_PLACEMENT_3D('',#8995,#7314,#7315);
#5956=AXIS2_PLACEMENT_3D('',#8998,#7317,#7318);
#5957=AXIS2_PLACEMENT_3D('',#8999,#7319,#7320);
#5958=AXIS2_PLACEMENT_3D('',#9003,#7323,#7324);
#5959=AXIS2_PLACEMENT_3D('',#9004,#7325,#7326);
#5960=AXIS2_PLACEMENT_3D('',#9005,#7327,#7328);
#5961=AXIS2_PLACEMENT_3D('',#9011,#7332,#7333);
#5962=AXIS2_PLACEMENT_3D('',#9012,#7334,#7335);
#5963=AXIS2_PLACEMENT_3D('',#9015,#7337,#7338);
#5964=AXIS2_PLACEMENT_3D('',#9019,#7341,#7342);
#5965=AXIS2_PLACEMENT_3D('',#9020,#7343,#7344);
#5966=AXIS2_PLACEMENT_3D('',#9023,#7346,#7347);
#5967=AXIS2_PLACEMENT_3D('',#9027,#7350,#7351);
#5968=AXIS2_PLACEMENT_3D('',#9028,#7352,#7353);
#5969=AXIS2_PLACEMENT_3D('',#9031,#7355,#7356);
#5970=AXIS2_PLACEMENT_3D('',#9035,#7359,#7360);
#5971=AXIS2_PLACEMENT_3D('',#9036,#7361,#7362);
#5972=AXIS2_PLACEMENT_3D('',#9037,#7363,#7364);
#5973=AXIS2_PLACEMENT_3D('',#9041,#7366,#7367);
#5974=AXIS2_PLACEMENT_3D('',#9045,#7369,#7370);
#5975=AXIS2_PLACEMENT_3D('',#9049,#7372,#7373);
#5976=AXIS2_PLACEMENT_3D('',#9053,#7375,#7376);
#5977=AXIS2_PLACEMENT_3D('',#9054,#7377,#7378);
#5978=AXIS2_PLACEMENT_3D('',#9060,#7382,#7383);
#5979=AXIS2_PLACEMENT_3D('',#9063,#7385,#7386);
#5980=AXIS2_PLACEMENT_3D('',#9064,#7387,#7388);
#5981=AXIS2_PLACEMENT_3D('',#9068,#7391,#7392);
#5982=AXIS2_PLACEMENT_3D('',#9071,#7394,#7395);
#5983=AXIS2_PLACEMENT_3D('',#9072,#7396,#7397);
#5984=AXIS2_PLACEMENT_3D('',#9076,#7400,#7401);
#5985=AXIS2_PLACEMENT_3D('',#9079,#7403,#7404);
#5986=AXIS2_PLACEMENT_3D('',#9080,#7405,#7406);
#5987=AXIS2_PLACEMENT_3D('',#9084,#7409,#7410);
#5988=AXIS2_PLACEMENT_3D('',#9085,#7411,#7412);
#5989=AXIS2_PLACEMENT_3D('',#9086,#7413,#7414);
#5990=AXIS2_PLACEMENT_3D('',#9092,#7418,#7419);
#5991=AXIS2_PLACEMENT_3D('',#9093,#7420,#7421);
#5992=AXIS2_PLACEMENT_3D('',#9096,#7423,#7424);
#5993=AXIS2_PLACEMENT_3D('',#9100,#7427,#7428);
#5994=AXIS2_PLACEMENT_3D('',#9101,#7429,#7430);
#5995=AXIS2_PLACEMENT_3D('',#9104,#7432,#7433);
#5996=AXIS2_PLACEMENT_3D('',#9108,#7436,#7437);
#5997=AXIS2_PLACEMENT_3D('',#9109,#7438,#7439);
#5998=AXIS2_PLACEMENT_3D('',#9112,#7441,#7442);
#5999=AXIS2_PLACEMENT_3D('',#9116,#7445,#7446);
#6000=AXIS2_PLACEMENT_3D('',#9117,#7447,#7448);
#6001=AXIS2_PLACEMENT_3D('',#9118,#7449,#7450);
#6002=AXIS2_PLACEMENT_3D('',#9122,#7452,#7453);
#6003=AXIS2_PLACEMENT_3D('',#9126,#7455,#7456);
#6004=AXIS2_PLACEMENT_3D('',#9130,#7458,#7459);
#6005=AXIS2_PLACEMENT_3D('',#9134,#7461,#7462);
#6006=AXIS2_PLACEMENT_3D('',#9135,#7463,#7464);
#6007=AXIS2_PLACEMENT_3D('',#9141,#7468,#7469);
#6008=AXIS2_PLACEMENT_3D('',#9144,#7471,#7472);
#6009=AXIS2_PLACEMENT_3D('',#9145,#7473,#7474);
#6010=AXIS2_PLACEMENT_3D('',#9149,#7477,#7478);
#6011=AXIS2_PLACEMENT_3D('',#9152,#7480,#7481);
#6012=AXIS2_PLACEMENT_3D('',#9153,#7482,#7483);
#6013=AXIS2_PLACEMENT_3D('',#9157,#7486,#7487);
#6014=AXIS2_PLACEMENT_3D('',#9160,#7489,#7490);
#6015=AXIS2_PLACEMENT_3D('',#9161,#7491,#7492);
#6016=AXIS2_PLACEMENT_3D('',#9165,#7495,#7496);
#6017=AXIS2_PLACEMENT_3D('',#9166,#7497,#7498);
#6018=AXIS2_PLACEMENT_3D('',#9167,#7499,#7500);
#6019=AXIS2_PLACEMENT_3D('',#9173,#7504,#7505);
#6020=AXIS2_PLACEMENT_3D('',#9174,#7506,#7507);
#6021=AXIS2_PLACEMENT_3D('',#9177,#7509,#7510);
#6022=AXIS2_PLACEMENT_3D('',#9181,#7513,#7514);
#6023=AXIS2_PLACEMENT_3D('',#9182,#7515,#7516);
#6024=AXIS2_PLACEMENT_3D('',#9185,#7518,#7519);
#6025=AXIS2_PLACEMENT_3D('',#9189,#7522,#7523);
#6026=AXIS2_PLACEMENT_3D('',#9190,#7524,#7525);
#6027=AXIS2_PLACEMENT_3D('',#9193,#7527,#7528);
#6028=AXIS2_PLACEMENT_3D('',#9197,#7531,#7532);
#6029=AXIS2_PLACEMENT_3D('',#9198,#7533,#7534);
#6030=AXIS2_PLACEMENT_3D('',#9199,#7535,#7536);
#6031=AXIS2_PLACEMENT_3D('',#9203,#7538,#7539);
#6032=AXIS2_PLACEMENT_3D('',#9207,#7541,#7542);
#6033=AXIS2_PLACEMENT_3D('',#9211,#7544,#7545);
#6034=AXIS2_PLACEMENT_3D('',#9215,#7547,#7548);
#6035=AXIS2_PLACEMENT_3D('',#9216,#7549,#7550);
#6036=AXIS2_PLACEMENT_3D('',#9222,#7554,#7555);
#6037=AXIS2_PLACEMENT_3D('',#9225,#7557,#7558);
#6038=AXIS2_PLACEMENT_3D('',#9226,#7559,#7560);
#6039=AXIS2_PLACEMENT_3D('',#9230,#7563,#7564);
#6040=AXIS2_PLACEMENT_3D('',#9233,#7566,#7567);
#6041=AXIS2_PLACEMENT_3D('',#9234,#7568,#7569);
#6042=AXIS2_PLACEMENT_3D('',#9238,#7572,#7573);
#6043=AXIS2_PLACEMENT_3D('',#9241,#7575,#7576);
#6044=AXIS2_PLACEMENT_3D('',#9242,#7577,#7578);
#6045=AXIS2_PLACEMENT_3D('',#9246,#7581,#7582);
#6046=AXIS2_PLACEMENT_3D('',#9247,#7583,#7584);
#6047=AXIS2_PLACEMENT_3D('',#9248,#7585,#7586);
#6048=AXIS2_PLACEMENT_3D('',#9251,#7589,#7590);
#6049=AXIS2_PLACEMENT_3D('',#9253,#7592,#7593);
#6050=AXIS2_PLACEMENT_3D('',#9255,#7595,#7596);
#6051=AXIS2_PLACEMENT_3D('',#9257,#7598,#7599);
#6052=AXIS2_PLACEMENT_3D('',#9259,#7601,#7602);
#6053=AXIS2_PLACEMENT_3D('',#9261,#7604,#7605);
#6054=AXIS2_PLACEMENT_3D('',#9263,#7607,#7608);
#6055=AXIS2_PLACEMENT_3D('',#9264,#7609,#7610);
#6056=AXIS2_PLACEMENT_3D('',#9267,#7613,#7614);
#6057=AXIS2_PLACEMENT_3D('',#9269,#7616,#7617);
#6058=AXIS2_PLACEMENT_3D('',#9271,#7619,#7620);
#6059=AXIS2_PLACEMENT_3D('',#9273,#7622,#7623);
#6060=AXIS2_PLACEMENT_3D('',#9275,#7625,#7626);
#6061=AXIS2_PLACEMENT_3D('',#9277,#7628,#7629);
#6062=AXIS2_PLACEMENT_3D('',#9279,#7631,#7632);
#6063=AXIS2_PLACEMENT_3D('',#9280,#7633,#7634);
#6064=AXIS2_PLACEMENT_3D('',#9283,#7637,#7638);
#6065=AXIS2_PLACEMENT_3D('',#9285,#7640,#7641);
#6066=AXIS2_PLACEMENT_3D('',#9287,#7643,#7644);
#6067=AXIS2_PLACEMENT_3D('',#9289,#7646,#7647);
#6068=AXIS2_PLACEMENT_3D('',#9291,#7649,#7650);
#6069=AXIS2_PLACEMENT_3D('',#9293,#7652,#7653);
#6070=AXIS2_PLACEMENT_3D('',#9295,#7655,#7656);
#6071=AXIS2_PLACEMENT_3D('',#9296,#7657,#7658);
#6072=AXIS2_PLACEMENT_3D('',#9299,#7661,#7662);
#6073=AXIS2_PLACEMENT_3D('',#9301,#7664,#7665);
#6074=AXIS2_PLACEMENT_3D('',#9303,#7667,#7668);
#6075=AXIS2_PLACEMENT_3D('',#9305,#7670,#7671);
#6076=AXIS2_PLACEMENT_3D('',#9307,#7673,#7674);
#6077=AXIS2_PLACEMENT_3D('',#9309,#7676,#7677);
#6078=AXIS2_PLACEMENT_3D('',#9311,#7679,#7680);
#6079=AXIS2_PLACEMENT_3D('',#9312,#7681,#7682);
#6080=AXIS2_PLACEMENT_3D('',#9315,#7685,#7686);
#6081=AXIS2_PLACEMENT_3D('',#9317,#7688,#7689);
#6082=AXIS2_PLACEMENT_3D('',#9319,#7691,#7692);
#6083=AXIS2_PLACEMENT_3D('',#9321,#7694,#7695);
#6084=AXIS2_PLACEMENT_3D('',#9323,#7697,#7698);
#6085=AXIS2_PLACEMENT_3D('',#9325,#7700,#7701);
#6086=AXIS2_PLACEMENT_3D('',#9327,#7703,#7704);
#6087=AXIS2_PLACEMENT_3D('',#9328,#7705,#7706);
#6088=AXIS2_PLACEMENT_3D('',#9331,#7709,#7710);
#6089=AXIS2_PLACEMENT_3D('',#9333,#7712,#7713);
#6090=AXIS2_PLACEMENT_3D('',#9335,#7715,#7716);
#6091=AXIS2_PLACEMENT_3D('',#9337,#7718,#7719);
#6092=AXIS2_PLACEMENT_3D('',#9339,#7721,#7722);
#6093=AXIS2_PLACEMENT_3D('',#9341,#7724,#7725);
#6094=AXIS2_PLACEMENT_3D('',#9343,#7727,#7728);
#6095=AXIS2_PLACEMENT_3D('',#9344,#7729,#7730);
#6096=AXIS2_PLACEMENT_3D('',#9347,#7733,#7734);
#6097=AXIS2_PLACEMENT_3D('',#9349,#7736,#7737);
#6098=AXIS2_PLACEMENT_3D('',#9351,#7739,#7740);
#6099=AXIS2_PLACEMENT_3D('',#9353,#7742,#7743);
#6100=AXIS2_PLACEMENT_3D('',#9355,#7745,#7746);
#6101=AXIS2_PLACEMENT_3D('',#9357,#7748,#7749);
#6102=AXIS2_PLACEMENT_3D('',#9359,#7751,#7752);
#6103=AXIS2_PLACEMENT_3D('',#9360,#7753,#7754);
#6104=AXIS2_PLACEMENT_3D('',#9363,#7757,#7758);
#6105=AXIS2_PLACEMENT_3D('',#9365,#7760,#7761);
#6106=AXIS2_PLACEMENT_3D('',#9367,#7763,#7764);
#6107=AXIS2_PLACEMENT_3D('',#9369,#7766,#7767);
#6108=AXIS2_PLACEMENT_3D('',#9371,#7769,#7770);
#6109=AXIS2_PLACEMENT_3D('',#9373,#7772,#7773);
#6110=AXIS2_PLACEMENT_3D('',#9375,#7775,#7776);
#6111=AXIS2_PLACEMENT_3D('',#9376,#7777,#7778);
#6112=AXIS2_PLACEMENT_3D('',#9379,#7781,#7782);
#6113=AXIS2_PLACEMENT_3D('',#9381,#7784,#7785);
#6114=AXIS2_PLACEMENT_3D('',#9383,#7787,#7788);
#6115=AXIS2_PLACEMENT_3D('',#9385,#7790,#7791);
#6116=AXIS2_PLACEMENT_3D('',#9387,#7793,#7794);
#6117=AXIS2_PLACEMENT_3D('',#9389,#7796,#7797);
#6118=AXIS2_PLACEMENT_3D('',#9391,#7799,#7800);
#6119=DIRECTION('',(0.,0.,1.));
#6120=DIRECTION('',(1.,0.,0.));
#6121=DIRECTION('',(0.,0.,1.));
#6122=DIRECTION('',(1.,0.,0.));
#6123=DIRECTION('',(-1.,0.,0.));
#6124=DIRECTION('',(0.,0.,-1.));
#6125=DIRECTION('',(-1.,0.,0.));
#6126=DIRECTION('',(0.,-1.,0.));
#6127=DIRECTION('',(0.,0.,-1.));
#6128=DIRECTION('',(-1.,0.,0.));
#6129=DIRECTION('',(-1.,0.,0.));
#6130=DIRECTION('',(0.,0.,-1.));
#6131=DIRECTION('',(-1.,0.,0.));
#6132=DIRECTION('',(0.,-1.,0.));
#6133=DIRECTION('',(0.,0.,-1.));
#6134=DIRECTION('',(-1.,0.,0.));
#6135=DIRECTION('',(-1.,0.,0.));
#6136=DIRECTION('',(0.,0.,-1.));
#6137=DIRECTION('',(-1.,0.,0.));
#6138=DIRECTION('',(0.,-1.,0.));
#6139=DIRECTION('',(0.,0.,-1.));
#6140=DIRECTION('',(-1.,0.,0.));
#6141=DIRECTION('',(-1.,0.,0.));
#6142=DIRECTION('',(0.,0.,-1.));
#6143=DIRECTION('',(-1.,0.,0.));
#6144=DIRECTION('',(0.,-1.,0.));
#6145=DIRECTION('',(0.,0.,-1.));
#6146=DIRECTION('',(-1.,0.,0.));
#6147=DIRECTION('',(-1.,0.,0.));
#6148=DIRECTION('',(0.,0.,-1.));
#6149=DIRECTION('',(-1.,0.,0.));
#6150=DIRECTION('',(0.,-1.,0.));
#6151=DIRECTION('',(0.,0.,-1.));
#6152=DIRECTION('',(-1.,0.,0.));
#6153=DIRECTION('',(-1.,0.,0.));
#6154=DIRECTION('',(0.,0.,-1.));
#6155=DIRECTION('',(-1.,0.,0.));
#6156=DIRECTION('',(0.,-1.,0.));
#6157=DIRECTION('',(0.,0.,-1.));
#6158=DIRECTION('',(-1.,0.,0.));
#6159=DIRECTION('',(-1.,0.,0.));
#6160=DIRECTION('',(0.,0.,-1.));
#6161=DIRECTION('',(-1.,0.,0.));
#6162=DIRECTION('',(0.,-1.,0.));
#6163=DIRECTION('',(0.,0.,-1.));
#6164=DIRECTION('',(-1.,0.,0.));
#6165=DIRECTION('',(-1.,0.,0.));
#6166=DIRECTION('',(0.,0.,-1.));
#6167=DIRECTION('',(-1.,0.,0.));
#6168=DIRECTION('',(0.,-1.,0.));
#6169=DIRECTION('',(0.,0.,-1.));
#6170=DIRECTION('',(-1.,0.,0.));
#6171=DIRECTION('',(0.,0.,-1.));
#6172=DIRECTION('',(-1.,0.,0.));
#6173=DIRECTION('',(0.,1.,0.));
#6174=DIRECTION('',(0.,0.,-1.));
#6175=DIRECTION('',(-1.,0.,0.));
#6176=DIRECTION('',(1.,0.,0.));
#6177=DIRECTION('',(0.,0.,-1.));
#6178=DIRECTION('',(-1.,0.,0.));
#6179=DIRECTION('',(0.,1.,0.));
#6180=DIRECTION('',(0.,0.,-1.));
#6181=DIRECTION('',(-1.,0.,0.));
#6182=DIRECTION('',(1.,0.,0.));
#6183=DIRECTION('',(0.,0.,-1.));
#6184=DIRECTION('',(-1.,0.,0.));
#6185=DIRECTION('',(0.,1.,0.));
#6186=DIRECTION('',(0.,0.,-1.));
#6187=DIRECTION('',(-1.,0.,0.));
#6188=DIRECTION('',(1.,0.,0.));
#6189=DIRECTION('',(0.,0.,-1.));
#6190=DIRECTION('',(-1.,0.,0.));
#6191=DIRECTION('',(0.,1.,0.));
#6192=DIRECTION('',(0.,0.,-1.));
#6193=DIRECTION('',(-1.,0.,0.));
#6194=DIRECTION('',(1.,0.,0.));
#6195=DIRECTION('',(1.,0.,0.));
#6196=DIRECTION('',(0.,1.,0.));
#6197=DIRECTION('',(1.,0.,0.));
#6198=DIRECTION('',(0.,1.,0.));
#6199=DIRECTION('',(0.,0.,1.));
#6200=DIRECTION('',(1.,0.,0.));
#6201=DIRECTION('',(0.,0.,1.));
#6202=DIRECTION('',(1.,0.,0.));
#6203=DIRECTION('',(0.,0.,1.));
#6204=DIRECTION('',(1.,0.,0.));
#6205=DIRECTION('',(0.,0.,1.));
#6206=DIRECTION('',(1.,0.,0.));
#6207=DIRECTION('',(0.,0.,1.));
#6208=DIRECTION('',(1.,0.,0.));
#6209=DIRECTION('',(0.,0.,1.));
#6210=DIRECTION('',(1.,0.,0.));
#6211=DIRECTION('',(1.,0.,0.));
#6212=DIRECTION('',(0.,-1.,0.));
#6213=DIRECTION('',(1.,0.,0.));
#6214=DIRECTION('',(0.,-1.,0.));
#6215=DIRECTION('',(1.,0.,0.));
#6216=DIRECTION('',(0.,0.,1.));
#6217=DIRECTION('',(1.,0.,0.));
#6218=DIRECTION('',(1.13939144563337E-16,-1.,0.));
#6219=DIRECTION('',(0.,0.,1.));
#6220=DIRECTION('',(1.,0.,0.));
#6221=DIRECTION('',(1.,0.,0.));
#6222=DIRECTION('',(0.,0.,1.));
#6223=DIRECTION('',(1.,0.,0.));
#6224=DIRECTION('',(1.13939144563337E-16,-1.,0.));
#6225=DIRECTION('',(0.,0.,1.));
#6226=DIRECTION('',(1.,0.,0.));
#6227=DIRECTION('',(1.,0.,0.));
#6228=DIRECTION('',(0.,-1.,0.));
#6229=DIRECTION('',(1.,0.,0.));
#6230=DIRECTION('',(0.,-1.,0.));
#6231=DIRECTION('',(1.,0.,0.));
#6232=DIRECTION('',(0.,1.,0.));
#6233=DIRECTION('',(1.,0.,0.));
#6234=DIRECTION('',(0.,1.,0.));
#6235=DIRECTION('',(0.,0.,-1.));
#6236=DIRECTION('',(-1.,0.,0.));
#6237=DIRECTION('',(0.,1.,0.));
#6238=DIRECTION('',(0.,0.,-1.));
#6239=DIRECTION('',(-1.,0.,0.));
#6240=DIRECTION('',(1.,0.,0.));
#6241=DIRECTION('',(0.,0.,-1.));
#6242=DIRECTION('',(-1.,0.,0.));
#6243=DIRECTION('',(0.,1.,0.));
#6244=DIRECTION('',(0.,0.,-1.));
#6245=DIRECTION('',(-1.,0.,0.));
#6246=DIRECTION('',(1.,0.,0.));
#6247=DIRECTION('',(0.,0.,-1.));
#6248=DIRECTION('',(-1.,0.,0.));
#6249=DIRECTION('',(0.,-1.,0.));
#6250=DIRECTION('',(0.707106781186547,-0.707106781186548,0.));
#6251=DIRECTION('',(1.,0.,0.));
#6252=DIRECTION('',(-0.707106781186547,-0.707106781186548,0.));
#6253=DIRECTION('',(0.,-1.,0.));
#6254=DIRECTION('',(0.,0.,-1.));
#6255=DIRECTION('',(-1.,0.,0.));
#6256=DIRECTION('',(1.,0.,0.));
#6257=DIRECTION('',(-1.,0.,0.));
#6258=DIRECTION('',(0.,0.,-1.));
#6259=DIRECTION('',(-1.,0.,0.));
#6260=DIRECTION('',(0.,-1.,0.));
#6261=DIRECTION('',(0.,0.,-1.));
#6262=DIRECTION('',(-1.,0.,0.));
#6263=DIRECTION('',(-1.,0.,0.));
#6264=DIRECTION('',(0.,0.,-1.));
#6265=DIRECTION('',(-1.,0.,0.));
#6266=DIRECTION('',(0.,-1.,0.));
#6267=DIRECTION('',(0.,0.,-1.));
#6268=DIRECTION('',(-1.,0.,0.));
#6269=DIRECTION('',(-1.,0.,0.));
#6270=DIRECTION('',(0.,0.,-1.));
#6271=DIRECTION('',(-1.,0.,0.));
#6272=DIRECTION('',(0.,-1.,0.));
#6273=DIRECTION('',(0.,0.,-1.));
#6274=DIRECTION('',(-1.,0.,0.));
#6275=DIRECTION('',(-1.,0.,0.));
#6276=DIRECTION('',(0.,0.,-1.));
#6277=DIRECTION('',(-1.,0.,0.));
#6278=DIRECTION('',(0.,-1.,0.));
#6279=DIRECTION('',(0.,0.,-1.));
#6280=DIRECTION('',(-1.,0.,0.));
#6281=DIRECTION('',(-1.,0.,0.));
#6282=DIRECTION('',(0.,0.,-1.));
#6283=DIRECTION('',(-1.,0.,0.));
#6284=DIRECTION('',(0.,-1.,0.));
#6285=DIRECTION('',(0.,0.,-1.));
#6286=DIRECTION('',(-1.,0.,0.));
#6287=DIRECTION('',(-1.,0.,0.));
#6288=DIRECTION('',(0.,0.,-1.));
#6289=DIRECTION('',(-1.,0.,0.));
#6290=DIRECTION('',(0.,-1.,0.));
#6291=DIRECTION('',(0.,0.,-1.));
#6292=DIRECTION('',(-1.,0.,0.));
#6293=DIRECTION('',(-1.,0.,0.));
#6294=DIRECTION('',(0.,0.,-1.));
#6295=DIRECTION('',(-1.,0.,0.));
#6296=DIRECTION('',(0.,-1.,0.));
#6297=DIRECTION('',(0.,0.,-1.));
#6298=DIRECTION('',(-1.,0.,0.));
#6299=DIRECTION('',(-1.,0.,0.));
#6300=DIRECTION('',(0.,0.,-1.));
#6301=DIRECTION('',(-1.,0.,0.));
#6302=DIRECTION('',(0.,-1.,0.));
#6303=DIRECTION('',(0.,0.,-1.));
#6304=DIRECTION('',(-1.,0.,0.));
#6305=DIRECTION('',(0.,0.,1.));
#6306=DIRECTION('',(1.,0.,0.));
#6307=DIRECTION('',(-1.,0.,0.));
#6308=DIRECTION('',(0.,0.,1.));
#6309=DIRECTION('',(1.,0.,0.));
#6310=DIRECTION('',(1.13939144563337E-16,-1.,0.));
#6311=DIRECTION('',(0.,0.,1.));
#6312=DIRECTION('',(1.,0.,0.));
#6313=DIRECTION('',(1.,0.,0.));
#6314=DIRECTION('',(0.,0.,1.));
#6315=DIRECTION('',(1.,0.,0.));
#6316=DIRECTION('',(-1.13939144563337E-16,1.,0.));
#6317=DIRECTION('',(0.,0.,1.));
#6318=DIRECTION('',(1.,0.,0.));
#6319=DIRECTION('',(0.,1.,0.));
#6320=DIRECTION('',(0.,0.,1.));
#6321=DIRECTION('',(1.,0.,0.));
#6322=DIRECTION('',(1.,-2.0900282843094E-16,0.));
#6323=DIRECTION('',(0.,0.,1.));
#6324=DIRECTION('',(1.,0.,0.));
#6325=DIRECTION('',(0.,-1.,0.));
#6326=DIRECTION('',(0.,0.,1.));
#6327=DIRECTION('',(1.,0.,0.));
#6328=DIRECTION('',(-1.,2.0900282843094E-16,0.));
#6329=DIRECTION('',(0.,0.,1.));
#6330=DIRECTION('',(1.,0.,0.));
#6331=DIRECTION('',(0.,1.,0.));
#6332=DIRECTION('',(0.,0.,1.));
#6333=DIRECTION('',(1.,0.,0.));
#6334=DIRECTION('',(1.,-2.0900282843094E-16,0.));
#6335=DIRECTION('',(0.,0.,1.));
#6336=DIRECTION('',(1.,0.,0.));
#6337=DIRECTION('',(0.,-1.,0.));
#6338=DIRECTION('',(0.,0.,1.));
#6339=DIRECTION('',(1.,0.,0.));
#6340=DIRECTION('',(-1.,2.0900282843094E-16,0.));
#6341=DIRECTION('',(0.,0.,1.));
#6342=DIRECTION('',(1.,0.,0.));
#6343=DIRECTION('',(0.,1.,0.));
#6344=DIRECTION('',(0.,0.,1.));
#6345=DIRECTION('',(1.,0.,0.));
#6346=DIRECTION('',(1.,-2.0900282843094E-16,0.));
#6347=DIRECTION('',(0.,0.,1.));
#6348=DIRECTION('',(1.,0.,0.));
#6349=DIRECTION('',(0.,-1.,0.));
#6350=DIRECTION('',(0.,0.,1.));
#6351=DIRECTION('',(1.,0.,0.));
#6352=DIRECTION('',(-1.,2.0900282843094E-16,0.));
#6353=DIRECTION('',(0.,0.,1.));
#6354=DIRECTION('',(1.,0.,0.));
#6355=DIRECTION('',(0.,1.,0.));
#6356=DIRECTION('',(0.,0.,1.));
#6357=DIRECTION('',(1.,0.,0.));
#6358=DIRECTION('',(1.,-2.0900282843094E-16,0.));
#6359=DIRECTION('',(0.,0.,1.));
#6360=DIRECTION('',(1.,0.,0.));
#6361=DIRECTION('',(0.,-1.,0.));
#6362=DIRECTION('',(0.,0.,1.));
#6363=DIRECTION('',(1.,0.,0.));
#6364=DIRECTION('',(-1.,2.0900282843094E-16,0.));
#6365=DIRECTION('',(0.,0.,1.));
#6366=DIRECTION('',(1.,0.,0.));
#6367=DIRECTION('',(0.,1.,0.));
#6368=DIRECTION('',(0.,0.,1.));
#6369=DIRECTION('',(1.,0.,0.));
#6370=DIRECTION('',(1.,-2.0900282843094E-16,0.));
#6371=DIRECTION('',(0.,0.,1.));
#6372=DIRECTION('',(1.,0.,0.));
#6373=DIRECTION('',(0.,-1.,0.));
#6374=DIRECTION('',(0.,0.,1.));
#6375=DIRECTION('',(1.,0.,0.));
#6376=DIRECTION('',(-1.,2.0900282843094E-16,0.));
#6377=DIRECTION('',(0.,0.,1.));
#6378=DIRECTION('',(1.,0.,0.));
#6379=DIRECTION('',(0.,1.,0.));
#6380=DIRECTION('',(0.,0.,1.));
#6381=DIRECTION('',(1.,0.,0.));
#6382=DIRECTION('',(1.,-2.0900282843094E-16,0.));
#6383=DIRECTION('',(0.,0.,1.));
#6384=DIRECTION('',(1.,0.,0.));
#6385=DIRECTION('',(0.,-1.,0.));
#6386=DIRECTION('',(0.,0.,1.));
#6387=DIRECTION('',(1.,0.,0.));
#6388=DIRECTION('',(-1.,2.0900282843094E-16,0.));
#6389=DIRECTION('',(0.,0.,1.));
#6390=DIRECTION('',(1.,0.,0.));
#6391=DIRECTION('',(0.,1.,0.));
#6392=DIRECTION('',(0.,0.,1.));
#6393=DIRECTION('',(1.,0.,0.));
#6394=DIRECTION('',(1.,-2.0900282843094E-16,0.));
#6395=DIRECTION('',(0.,0.,1.));
#6396=DIRECTION('',(1.,0.,0.));
#6397=DIRECTION('',(0.,-1.,0.));
#6398=DIRECTION('',(0.,0.,1.));
#6399=DIRECTION('',(1.,0.,0.));
#6400=DIRECTION('',(-1.,2.0900282843094E-16,0.));
#6401=DIRECTION('',(0.,0.,1.));
#6402=DIRECTION('',(1.,0.,0.));
#6403=DIRECTION('',(0.,1.,0.));
#6404=DIRECTION('',(0.,0.,1.));
#6405=DIRECTION('',(1.,0.,0.));
#6406=DIRECTION('',(1.,-2.0900282843094E-16,0.));
#6407=DIRECTION('',(0.,0.,1.));
#6408=DIRECTION('',(1.,0.,0.));
#6409=DIRECTION('',(0.,-1.,0.));
#6410=DIRECTION('',(0.,0.,1.));
#6411=DIRECTION('',(1.,0.,0.));
#6412=DIRECTION('',(-1.,2.0900282843094E-16,0.));
#6413=DIRECTION('',(0.,0.,1.));
#6414=DIRECTION('',(1.,0.,0.));
#6415=DIRECTION('',(0.,0.,-1.));
#6416=DIRECTION('',(-1.,0.,0.));
#6417=DIRECTION('',(0.,-1.,0.));
#6418=DIRECTION('',(0.,0.,-1.));
#6419=DIRECTION('',(1.,0.,0.));
#6420=DIRECTION('',(0.,0.,-1.));
#6421=DIRECTION('',(0.,0.,-1.));
#6422=DIRECTION('',(-1.,0.,0.));
#6423=DIRECTION('',(1.,0.,0.));
#6424=DIRECTION('',(0.,0.,-1.));
#6425=DIRECTION('',(-1.,0.,0.));
#6426=DIRECTION('',(1.,-2.89120579329468E-16,0.));
#6427=DIRECTION('',(2.89120579329468E-16,1.,0.));
#6428=DIRECTION('',(-1.,0.,0.));
#6429=DIRECTION('',(0.,0.,-1.));
#6430=DIRECTION('',(-1.,0.,0.));
#6431=DIRECTION('',(0.,1.,0.));
#6432=DIRECTION('',(0.,0.,1.));
#6433=DIRECTION('',(0.,0.,-1.));
#6434=DIRECTION('',(-1.,0.,0.));
#6435=DIRECTION('',(0.,-1.,0.));
#6436=DIRECTION('',(0.,0.,-1.));
#6437=DIRECTION('',(0.,-1.,0.));
#6438=DIRECTION('',(0.,1.,0.));
#6439=DIRECTION('',(0.,0.,1.));
#6440=DIRECTION('',(0.,-1.,0.));
#6441=DIRECTION('',(0.,-1.,0.));
#6442=DIRECTION('',(0.,0.,-1.));
#6443=DIRECTION('',(0.,1.,0.));
#6444=DIRECTION('',(0.,1.,0.));
#6445=DIRECTION('',(0.,1.,0.));
#6446=DIRECTION('',(0.,0.,1.));
#6447=DIRECTION('',(0.,1.,0.));
#6448=DIRECTION('',(0.,0.,1.));
#6449=DIRECTION('',(0.,0.,-1.));
#6450=DIRECTION('',(-1.,0.,0.));
#6451=DIRECTION('',(0.,0.,-1.));
#6452=DIRECTION('',(0.,-1.,0.));
#6453=DIRECTION('',(0.,0.,-1.));
#6454=DIRECTION('',(4.33680868994202E-16,0.,1.));
#6455=DIRECTION('',(0.,-1.,0.));
#6456=DIRECTION('',(0.,0.,-1.));
#6457=DIRECTION('',(-1.,0.,0.));
#6458=DIRECTION('',(0.,-1.,0.));
#6459=DIRECTION('',(0.,0.,-1.));
#6460=DIRECTION('',(4.33680868994202E-16,0.,1.));
#6461=DIRECTION('',(0.,-1.,0.));
#6462=DIRECTION('',(0.,0.,-1.));
#6463=DIRECTION('',(0.,0.,-1.));
#6464=DIRECTION('',(-1.,0.,0.));
#6465=DIRECTION('',(0.,0.,-1.));
#6466=DIRECTION('',(0.,0.,1.));
#6467=DIRECTION('',(1.,0.,0.));
#6468=DIRECTION('',(1.,1.13939144563337E-16,0.));
#6469=DIRECTION('',(-1.13939144563337E-16,1.,0.));
#6470=DIRECTION('',(0.,0.,-1.));
#6471=DIRECTION('',(1.13939144563337E-16,-1.,0.));
#6472=DIRECTION('',(0.,0.,-1.));
#6473=DIRECTION('',(-1.,0.,0.));
#6474=DIRECTION('',(0.,0.,-1.));
#6475=DIRECTION('',(0.,0.,1.));
#6476=DIRECTION('',(1.,0.,0.));
#6477=DIRECTION('',(0.,1.,0.));
#6478=DIRECTION('',(0.,0.,1.));
#6479=DIRECTION('',(0.,0.,-1.));
#6480=DIRECTION('',(1.,0.,0.));
#6481=DIRECTION('',(0.,0.,-1.));
#6482=DIRECTION('',(-1.,0.,0.));
#6483=DIRECTION('',(0.,0.,-1.));
#6484=DIRECTION('',(0.,0.,1.));
#6485=DIRECTION('',(1.,0.,0.));
#6486=DIRECTION('',(1.,1.13939144563337E-16,0.));
#6487=DIRECTION('',(-1.13939144563337E-16,1.,0.));
#6488=DIRECTION('',(0.,0.,-1.));
#6489=DIRECTION('',(-1.13939144563337E-16,1.,0.));
#6490=DIRECTION('',(0.,0.,-1.));
#6491=DIRECTION('',(-1.,0.,0.));
#6492=DIRECTION('',(0.,0.,1.));
#6493=DIRECTION('',(1.,0.,0.));
#6494=DIRECTION('',(0.,0.,-1.));
#6495=DIRECTION('',(-1.,0.,0.));
#6496=DIRECTION('',(0.,0.,1.));
#6497=DIRECTION('',(1.,0.,0.));
#6498=DIRECTION('',(0.,0.,1.));
#6499=DIRECTION('',(1.,0.,0.));
#6500=DIRECTION('',(0.,0.,-1.));
#6501=DIRECTION('',(-1.,0.,0.));
#6502=DIRECTION('',(0.,0.,1.));
#6503=DIRECTION('',(1.,0.,0.));
#6504=DIRECTION('',(0.,0.,1.));
#6505=DIRECTION('',(1.,0.,0.));
#6506=DIRECTION('',(0.,0.,-1.));
#6507=DIRECTION('',(-1.,0.,0.));
#6508=DIRECTION('',(0.,0.,1.));
#6509=DIRECTION('',(1.,0.,0.));
#6510=DIRECTION('',(0.,0.,1.));
#6511=DIRECTION('',(1.,0.,0.));
#6512=DIRECTION('',(0.,0.,-1.));
#6513=DIRECTION('',(-1.,0.,0.));
#6514=DIRECTION('',(0.,0.,1.));
#6515=DIRECTION('',(1.,0.,0.));
#6516=DIRECTION('',(0.,0.,1.));
#6517=DIRECTION('',(1.,0.,0.));
#6518=DIRECTION('',(0.,0.,-1.));
#6519=DIRECTION('',(-1.,0.,0.));
#6520=DIRECTION('',(0.,0.,1.));
#6521=DIRECTION('',(1.,0.,0.));
#6522=DIRECTION('',(0.,0.,1.));
#6523=DIRECTION('',(1.,0.,0.));
#6524=DIRECTION('',(0.,0.,-1.));
#6525=DIRECTION('',(-1.,0.,0.));
#6526=DIRECTION('',(0.,0.,1.));
#6527=DIRECTION('',(1.,0.,0.));
#6528=DIRECTION('',(0.,0.,1.));
#6529=DIRECTION('',(1.,0.,0.));
#6530=DIRECTION('',(0.,-1.,0.));
#6531=DIRECTION('',(0.,0.,-1.));
#6532=DIRECTION('',(0.,-1.,0.));
#6533=DIRECTION('',(0.,-1.,0.));
#6534=DIRECTION('',(0.,0.,-1.));
#6535=DIRECTION('',(1.,0.,-4.33680868994202E-16));
#6536=DIRECTION('',(-4.33680868994202E-16,0.,-1.));
#6537=DIRECTION('',(0.,-1.,0.));
#6538=DIRECTION('',(4.33680868994202E-16,0.,1.));
#6539=DIRECTION('',(0.,-1.,0.));
#6540=DIRECTION('',(0.,0.,-1.));
#6541=DIRECTION('',(0.,-1.,0.));
#6542=DIRECTION('',(0.,-1.,0.));
#6543=DIRECTION('',(0.,0.,-1.));
#6544=DIRECTION('',(0.,0.,1.));
#6545=DIRECTION('',(1.,0.,0.));
#6546=DIRECTION('',(0.,-1.,0.));
#6547=DIRECTION('',(-1.,0.,0.));
#6548=DIRECTION('',(0.,-1.,0.));
#6549=DIRECTION('',(0.,0.,-1.));
#6550=DIRECTION('',(0.,-1.,0.));
#6551=DIRECTION('',(0.,-1.,0.));
#6552=DIRECTION('',(0.,0.,-1.));
#6553=DIRECTION('',(1.,0.,-4.33680868994202E-16));
#6554=DIRECTION('',(-4.33680868994202E-16,0.,-1.));
#6555=DIRECTION('',(0.,-1.,0.));
#6556=DIRECTION('',(4.33680868994202E-16,0.,1.));
#6557=DIRECTION('',(0.,-1.,0.));
#6558=DIRECTION('',(0.,0.,-1.));
#6559=DIRECTION('',(0.,-1.,0.));
#6560=DIRECTION('',(0.,0.,-1.));
#6561=DIRECTION('',(0.,-1.,0.));
#6562=DIRECTION('',(1.,0.,0.));
#6563=DIRECTION('',(1.73472347597681E-15,0.,-1.));
#6564=DIRECTION('',(-0.707106781186548,0.,-0.707106781186548));
#6565=DIRECTION('',(1.,0.,0.));
#6566=DIRECTION('',(0.707106781186548,0.,-0.707106781186548));
#6567=DIRECTION('',(8.67361737988404E-16,0.,-1.));
#6568=DIRECTION('',(0.,-1.,0.));
#6569=DIRECTION('',(1.,0.,0.));
#6570=DIRECTION('',(8.67361737988404E-16,0.,-1.));
#6571=DIRECTION('',(0.707106781186548,0.,-0.707106781186548));
#6572=DIRECTION('',(1.,0.,0.));
#6573=DIRECTION('',(-0.707106781186548,0.,-0.707106781186548));
#6574=DIRECTION('',(1.73472347597681E-15,0.,-1.));
#6575=DIRECTION('',(-1.,0.,-1.73472347597681E-15));
#6576=DIRECTION('',(-1.73472347597681E-15,0.,1.));
#6577=DIRECTION('',(0.,-1.,0.));
#6578=DIRECTION('',(-1.,0.,-8.67361737988404E-16));
#6579=DIRECTION('',(-8.67361737988404E-16,0.,1.));
#6580=DIRECTION('',(0.,-1.,0.));
#6581=DIRECTION('',(-0.707106781186548,0.,-0.707106781186548));
#6582=DIRECTION('',(-0.707106781186548,0.,0.707106781186548));
#6583=DIRECTION('',(0.,-1.,0.));
#6584=DIRECTION('',(0.,0.,-1.));
#6585=DIRECTION('',(-1.,0.,0.));
#6586=DIRECTION('',(0.,-1.,0.));
#6587=DIRECTION('',(-0.707106781186548,0.,0.707106781186548));
#6588=DIRECTION('',(0.707106781186548,0.,0.707106781186548));
#6589=DIRECTION('',(1.,0.,0.));
#6590=DIRECTION('',(0.,0.,-1.));
#6591=DIRECTION('',(0.,-1.,0.));
#6592=DIRECTION('',(0.,-0.707106781186548,0.707106781186547));
#6593=DIRECTION('',(0.,0.,-1.));
#6594=DIRECTION('',(0.,0.,-1.));
#6595=DIRECTION('',(0.707106781186548,-0.707106781186547,0.));
#6596=DIRECTION('',(0.707106781186547,0.707106781186548,0.));
#6597=DIRECTION('',(0.,0.,-1.));
#6598=DIRECTION('',(-0.707106781186547,-0.707106781186548,0.));
#6599=DIRECTION('',(0.,1.,0.));
#6600=DIRECTION('',(0.,0.,1.));
#6601=DIRECTION('',(0.,-1.,0.));
#6602=DIRECTION('',(0.,0.,-1.));
#6603=DIRECTION('',(0.,0.,-1.));
#6604=DIRECTION('',(1.,0.,0.));
#6605=DIRECTION('',(0.707106781186548,0.707106781186547,0.));
#6606=DIRECTION('',(-0.707106781186547,0.707106781186548,0.));
#6607=DIRECTION('',(0.,0.,-1.));
#6608=DIRECTION('',(0.707106781186547,-0.707106781186548,0.));
#6609=DIRECTION('',(1.,0.,0.));
#6610=DIRECTION('',(0.,0.,-1.));
#6611=DIRECTION('',(0.,0.,-1.));
#6612=DIRECTION('',(0.,0.707106781186548,-0.707106781186547));
#6613=DIRECTION('',(0.,-1.,0.));
#6614=DIRECTION('',(0.,0.,-1.));
#6615=DIRECTION('',(1.,0.,0.));
#6616=DIRECTION('',(-1.,0.,0.));
#6617=DIRECTION('',(0.,1.,0.));
#6618=DIRECTION('',(0.,0.,1.));
#6619=DIRECTION('',(0.,0.,-1.));
#6620=DIRECTION('',(1.,0.,0.));
#6621=DIRECTION('',(0.,0.,-1.));
#6622=DIRECTION('',(-1.,0.,0.));
#6623=DIRECTION('',(0.,0.,1.));
#6624=DIRECTION('',(0.,0.,-1.));
#6625=DIRECTION('',(0.,1.,0.));
#6626=DIRECTION('',(0.,1.,0.));
#6627=DIRECTION('',(0.,0.,1.));
#6628=DIRECTION('',(0.,0.,-1.));
#6629=DIRECTION('',(1.,0.,0.));
#6630=DIRECTION('',(-1.,0.,0.));
#6631=DIRECTION('',(0.,0.,1.));
#6632=DIRECTION('',(0.,1.,0.));
#6633=DIRECTION('',(0.,0.,-1.));
#6634=DIRECTION('',(1.,0.,0.));
#6635=DIRECTION('',(0.,1.,0.));
#6636=DIRECTION('',(0.,0.,1.));
#6637=DIRECTION('',(0.,0.,-1.));
#6638=DIRECTION('',(1.,0.,0.));
#6639=DIRECTION('',(0.,0.,-1.));
#6640=DIRECTION('',(-1.,0.,0.));
#6641=DIRECTION('',(0.,0.,1.));
#6642=DIRECTION('',(0.,0.,-1.));
#6643=DIRECTION('',(0.,1.,0.));
#6644=DIRECTION('',(0.,1.,0.));
#6645=DIRECTION('',(0.,0.,1.));
#6646=DIRECTION('',(0.,0.,-1.));
#6647=DIRECTION('',(1.,0.,0.));
#6648=DIRECTION('',(-1.,0.,0.));
#6649=DIRECTION('',(0.,0.,1.));
#6650=DIRECTION('',(0.,1.,0.));
#6651=DIRECTION('',(0.,0.,-1.));
#6652=DIRECTION('',(1.,0.,0.));
#6653=DIRECTION('',(0.,1.,0.));
#6654=DIRECTION('',(0.,0.,1.));
#6655=DIRECTION('',(1.,0.,0.));
#6656=DIRECTION('',(0.,0.,-1.));
#6657=DIRECTION('',(0.,0.,-1.));
#6658=DIRECTION('',(-1.,0.,0.));
#6659=DIRECTION('',(0.,0.,1.));
#6660=DIRECTION('',(0.,0.,-1.));
#6661=DIRECTION('',(0.,1.,0.));
#6662=DIRECTION('',(0.,0.,-1.));
#6663=DIRECTION('',(0.,1.,0.));
#6664=DIRECTION('',(0.,0.,1.));
#6665=DIRECTION('',(0.,0.,-1.));
#6666=DIRECTION('',(1.,0.,0.));
#6667=DIRECTION('',(0.,0.,-1.));
#6668=DIRECTION('',(-1.,0.,0.));
#6669=DIRECTION('',(0.,0.,1.));
#6670=DIRECTION('',(0.,0.,-1.));
#6671=DIRECTION('',(0.,1.,0.));
#6672=DIRECTION('',(0.,0.,-1.));
#6673=DIRECTION('',(0.,0.,-1.));
#6674=DIRECTION('',(1.,0.,0.));
#6675=DIRECTION('',(0.,1.,0.));
#6676=DIRECTION('',(1.,0.,0.));
#6677=DIRECTION('',(0.,1.,0.));
#6678=DIRECTION('',(1.,0.,0.));
#6679=DIRECTION('',(0.,0.,1.));
#6680=DIRECTION('',(1.,0.,0.));
#6681=DIRECTION('',(0.,0.,1.));
#6682=DIRECTION('',(1.,0.,0.));
#6683=DIRECTION('',(0.,-1.,0.));
#6684=DIRECTION('',(0.,0.,-1.));
#6685=DIRECTION('',(0.,1.,0.));
#6686=DIRECTION('',(0.,0.,1.));
#6687=DIRECTION('',(0.,-1.,0.));
#6688=DIRECTION('',(0.,0.,-1.));
#6689=DIRECTION('',(0.,0.,-1.));
#6690=DIRECTION('',(-1.,0.,0.));
#6691=DIRECTION('',(0.,0.,1.));
#6692=DIRECTION('',(1.,0.,0.));
#6693=DIRECTION('',(-1.,0.,0.));
#6694=DIRECTION('',(0.,0.,1.));
#6695=DIRECTION('',(-1.,0.,0.));
#6696=DIRECTION('',(0.,0.,1.));
#6697=DIRECTION('',(-1.,0.,0.));
#6698=DIRECTION('',(0.,0.,1.));
#6699=DIRECTION('',(-1.,0.,0.));
#6700=DIRECTION('',(0.,0.,1.));
#6701=DIRECTION('',(0.,0.,-1.));
#6702=DIRECTION('',(-1.,0.,0.));
#6703=DIRECTION('',(0.,0.,1.));
#6704=DIRECTION('',(1.,0.,0.));
#6705=DIRECTION('',(1.,0.,0.));
#6706=DIRECTION('',(0.,0.,-1.));
#6707=DIRECTION('',(1.,0.,0.));
#6708=DIRECTION('',(0.,0.,-1.));
#6709=DIRECTION('',(-1.,0.,0.));
#6710=DIRECTION('',(0.,0.,1.));
#6711=DIRECTION('',(1.,0.,0.));
#6712=DIRECTION('',(0.,0.,-1.));
#6713=DIRECTION('',(0.,0.,1.));
#6714=DIRECTION('',(1.,0.,0.));
#6715=DIRECTION('',(0.,0.,1.));
#6716=DIRECTION('',(1.,0.,0.));
#6717=DIRECTION('',(0.,-1.,0.));
#6718=DIRECTION('',(0.,0.,-1.));
#6719=DIRECTION('',(0.,-1.,0.));
#6720=DIRECTION('',(0.,0.,-1.));
#6721=DIRECTION('',(0.,1.,0.));
#6722=DIRECTION('',(0.,0.,1.));
#6723=DIRECTION('',(0.,1.,0.));
#6724=DIRECTION('',(0.,0.,1.));
#6725=DIRECTION('',(0.,1.,0.));
#6726=DIRECTION('',(0.,0.,1.));
#6727=DIRECTION('',(0.,1.,0.));
#6728=DIRECTION('',(0.,0.,1.));
#6729=DIRECTION('',(1.,0.,0.));
#6730=DIRECTION('',(0.,0.,-1.));
#6731=DIRECTION('',(0.,0.,-1.));
#6732=DIRECTION('',(-1.,0.,0.));
#6733=DIRECTION('',(0.,0.,1.));
#6734=DIRECTION('',(0.,0.,-1.));
#6735=DIRECTION('',(0.,1.,0.));
#6736=DIRECTION('',(0.,0.,-1.));
#6737=DIRECTION('',(0.,1.,0.));
#6738=DIRECTION('',(0.,0.,1.));
#6739=DIRECTION('',(0.,0.,-1.));
#6740=DIRECTION('',(1.,0.,0.));
#6741=DIRECTION('',(0.,0.,-1.));
#6742=DIRECTION('',(-1.,0.,0.));
#6743=DIRECTION('',(0.,0.,1.));
#6744=DIRECTION('',(0.,0.,-1.));
#6745=DIRECTION('',(0.,1.,0.));
#6746=DIRECTION('',(0.,0.,-1.));
#6747=DIRECTION('',(0.,0.,-1.));
#6748=DIRECTION('',(1.,0.,0.));
#6749=DIRECTION('',(0.,1.,0.));
#6750=DIRECTION('',(1.,0.,0.));
#6751=DIRECTION('',(0.,1.,0.));
#6752=DIRECTION('',(1.,0.,0.));
#6753=DIRECTION('',(0.,0.,1.));
#6754=DIRECTION('',(1.,0.,0.));
#6755=DIRECTION('',(0.,0.,1.));
#6756=DIRECTION('',(1.,0.,0.));
#6757=DIRECTION('',(0.,-1.,0.));
#6758=DIRECTION('',(0.,0.,-1.));
#6759=DIRECTION('',(0.,1.,0.));
#6760=DIRECTION('',(0.,0.,1.));
#6761=DIRECTION('',(0.,-1.,0.));
#6762=DIRECTION('',(0.,0.,-1.));
#6763=DIRECTION('',(0.,0.,-1.));
#6764=DIRECTION('',(-1.,0.,0.));
#6765=DIRECTION('',(0.,0.,1.));
#6766=DIRECTION('',(1.,0.,0.));
#6767=DIRECTION('',(-1.,0.,0.));
#6768=DIRECTION('',(0.,0.,1.));
#6769=DIRECTION('',(-1.,0.,0.));
#6770=DIRECTION('',(0.,0.,1.));
#6771=DIRECTION('',(-1.,0.,0.));
#6772=DIRECTION('',(0.,0.,1.));
#6773=DIRECTION('',(-1.,0.,0.));
#6774=DIRECTION('',(0.,0.,1.));
#6775=DIRECTION('',(0.,0.,-1.));
#6776=DIRECTION('',(-1.,0.,0.));
#6777=DIRECTION('',(0.,0.,1.));
#6778=DIRECTION('',(1.,0.,0.));
#6779=DIRECTION('',(1.,0.,0.));
#6780=DIRECTION('',(0.,0.,-1.));
#6781=DIRECTION('',(1.,0.,0.));
#6782=DIRECTION('',(0.,0.,-1.));
#6783=DIRECTION('',(-1.,0.,0.));
#6784=DIRECTION('',(0.,0.,1.));
#6785=DIRECTION('',(1.,0.,0.));
#6786=DIRECTION('',(0.,0.,-1.));
#6787=DIRECTION('',(0.,0.,1.));
#6788=DIRECTION('',(1.,0.,0.));
#6789=DIRECTION('',(0.,0.,1.));
#6790=DIRECTION('',(1.,0.,0.));
#6791=DIRECTION('',(0.,-1.,0.));
#6792=DIRECTION('',(0.,0.,-1.));
#6793=DIRECTION('',(0.,-1.,0.));
#6794=DIRECTION('',(0.,0.,-1.));
#6795=DIRECTION('',(0.,1.,0.));
#6796=DIRECTION('',(0.,0.,1.));
#6797=DIRECTION('',(0.,1.,0.));
#6798=DIRECTION('',(0.,0.,1.));
#6799=DIRECTION('',(0.,1.,0.));
#6800=DIRECTION('',(0.,0.,1.));
#6801=DIRECTION('',(0.,1.,0.));
#6802=DIRECTION('',(0.,0.,1.));
#6803=DIRECTION('',(1.,0.,0.));
#6804=DIRECTION('',(0.,0.,-1.));
#6805=DIRECTION('',(0.,0.,-1.));
#6806=DIRECTION('',(-1.,0.,0.));
#6807=DIRECTION('',(0.,0.,1.));
#6808=DIRECTION('',(0.,0.,-1.));
#6809=DIRECTION('',(0.,1.,0.));
#6810=DIRECTION('',(0.,0.,-1.));
#6811=DIRECTION('',(0.,1.,0.));
#6812=DIRECTION('',(0.,0.,1.));
#6813=DIRECTION('',(0.,0.,-1.));
#6814=DIRECTION('',(1.,0.,0.));
#6815=DIRECTION('',(0.,0.,-1.));
#6816=DIRECTION('',(-1.,0.,0.));
#6817=DIRECTION('',(0.,0.,1.));
#6818=DIRECTION('',(0.,0.,-1.));
#6819=DIRECTION('',(0.,1.,0.));
#6820=DIRECTION('',(0.,0.,-1.));
#6821=DIRECTION('',(0.,0.,-1.));
#6822=DIRECTION('',(1.,0.,0.));
#6823=DIRECTION('',(0.,1.,0.));
#6824=DIRECTION('',(1.,0.,0.));
#6825=DIRECTION('',(0.,1.,0.));
#6826=DIRECTION('',(1.,0.,0.));
#6827=DIRECTION('',(0.,0.,1.));
#6828=DIRECTION('',(1.,0.,0.));
#6829=DIRECTION('',(0.,0.,1.));
#6830=DIRECTION('',(1.,0.,0.));
#6831=DIRECTION('',(0.,-1.,0.));
#6832=DIRECTION('',(0.,0.,-1.));
#6833=DIRECTION('',(0.,1.,0.));
#6834=DIRECTION('',(0.,0.,1.));
#6835=DIRECTION('',(0.,-1.,0.));
#6836=DIRECTION('',(0.,0.,-1.));
#6837=DIRECTION('',(0.,0.,-1.));
#6838=DIRECTION('',(-1.,0.,0.));
#6839=DIRECTION('',(0.,0.,1.));
#6840=DIRECTION('',(1.,0.,0.));
#6841=DIRECTION('',(-1.,0.,0.));
#6842=DIRECTION('',(0.,0.,1.));
#6843=DIRECTION('',(-1.,0.,0.));
#6844=DIRECTION('',(0.,0.,1.));
#6845=DIRECTION('',(-1.,0.,0.));
#6846=DIRECTION('',(0.,0.,1.));
#6847=DIRECTION('',(-1.,0.,0.));
#6848=DIRECTION('',(0.,0.,1.));
#6849=DIRECTION('',(0.,0.,-1.));
#6850=DIRECTION('',(-1.,0.,0.));
#6851=DIRECTION('',(0.,0.,1.));
#6852=DIRECTION('',(1.,0.,0.));
#6853=DIRECTION('',(1.,0.,0.));
#6854=DIRECTION('',(0.,0.,-1.));
#6855=DIRECTION('',(1.,0.,0.));
#6856=DIRECTION('',(0.,0.,-1.));
#6857=DIRECTION('',(-1.,0.,0.));
#6858=DIRECTION('',(0.,0.,1.));
#6859=DIRECTION('',(1.,0.,0.));
#6860=DIRECTION('',(0.,0.,-1.));
#6861=DIRECTION('',(0.,0.,1.));
#6862=DIRECTION('',(1.,0.,0.));
#6863=DIRECTION('',(0.,0.,1.));
#6864=DIRECTION('',(1.,0.,0.));
#6865=DIRECTION('',(0.,-1.,0.));
#6866=DIRECTION('',(0.,0.,-1.));
#6867=DIRECTION('',(0.,-1.,0.));
#6868=DIRECTION('',(0.,0.,-1.));
#6869=DIRECTION('',(0.,1.,0.));
#6870=DIRECTION('',(0.,0.,1.));
#6871=DIRECTION('',(0.,1.,0.));
#6872=DIRECTION('',(0.,0.,1.));
#6873=DIRECTION('',(0.,1.,0.));
#6874=DIRECTION('',(0.,0.,1.));
#6875=DIRECTION('',(0.,1.,0.));
#6876=DIRECTION('',(0.,0.,1.));
#6877=DIRECTION('',(1.,0.,0.));
#6878=DIRECTION('',(1.,0.,0.));
#6879=DIRECTION('',(0.,0.,-1.));
#6880=DIRECTION('',(-1.,0.,0.));
#6881=DIRECTION('',(0.,0.,-1.));
#6882=DIRECTION('',(0.,1.,0.));
#6883=DIRECTION('',(0.,0.,1.));
#6884=DIRECTION('',(0.,0.,-1.));
#6885=DIRECTION('',(0.,0.,-1.));
#6886=DIRECTION('',(-1.,0.,0.));
#6887=DIRECTION('',(0.,0.,-1.));
#6888=DIRECTION('',(1.,0.,0.));
#6889=DIRECTION('',(0.,-1.,0.));
#6890=DIRECTION('',(0.,0.,-1.));
#6891=DIRECTION('',(0.,-1.,0.));
#6892=DIRECTION('',(0.,0.,-1.));
#6893=DIRECTION('',(0.,-1.,0.));
#6894=DIRECTION('',(1.,0.,0.));
#6895=DIRECTION('',(0.,-0.707106781186547,-0.707106781186548));
#6896=DIRECTION('',(-1.,0.,0.));
#6897=DIRECTION('',(0.,-1.,0.));
#6898=DIRECTION('',(0.,0.,-1.));
#6899=DIRECTION('',(0.,0.,-1.));
#6900=DIRECTION('',(0.,0.,-1.));
#6901=DIRECTION('',(1.,0.,0.));
#6902=DIRECTION('',(0.,0.,-1.));
#6903=DIRECTION('',(-1.,0.,0.));
#6904=DIRECTION('',(0.,0.,-1.));
#6905=DIRECTION('',(-1.,0.,0.));
#6906=DIRECTION('',(0.,0.,-1.));
#6907=DIRECTION('',(1.,0.,0.));
#6908=DIRECTION('',(0.,0.,-1.));
#6909=DIRECTION('',(0.,1.,0.));
#6910=DIRECTION('',(0.,0.,-1.));
#6911=DIRECTION('',(0.,0.,-1.));
#6912=DIRECTION('',(-1.,0.,0.));
#6913=DIRECTION('',(0.,0.,-1.));
#6914=DIRECTION('',(-1.,0.,0.));
#6915=DIRECTION('',(0.,0.,-1.));
#6916=DIRECTION('',(0.,-1.,0.));
#6917=DIRECTION('',(0.,0.,-1.));
#6918=DIRECTION('',(1.,0.,0.));
#6919=DIRECTION('',(0.,0.,-1.));
#6920=DIRECTION('',(0.,0.,-1.));
#6921=DIRECTION('',(-1.,0.,0.));
#6922=DIRECTION('',(0.,0.,-1.));
#6923=DIRECTION('',(-1.,0.,0.));
#6924=DIRECTION('',(0.,0.,-1.));
#6925=DIRECTION('',(1.,0.,0.));
#6926=DIRECTION('',(0.,0.,-1.));
#6927=DIRECTION('',(0.,0.,-1.));
#6928=DIRECTION('',(0.,1.,0.));
#6929=DIRECTION('',(0.,0.,-1.));
#6930=DIRECTION('',(-1.,0.,0.));
#6931=DIRECTION('',(0.,0.,-1.));
#6932=DIRECTION('',(-1.,0.,0.));
#6933=DIRECTION('',(0.,0.,-1.));
#6934=DIRECTION('',(1.,0.,0.));
#6935=DIRECTION('',(0.,1.,0.));
#6936=DIRECTION('',(0.,0.,-1.));
#6937=DIRECTION('',(-1.,0.,0.));
#6938=DIRECTION('',(1.,-2.0900282843094E-16,0.));
#6939=DIRECTION('',(0.,0.,-1.));
#6940=DIRECTION('',(-1.,0.,0.));
#6941=DIRECTION('',(0.,1.,0.));
#6942=DIRECTION('',(0.,0.,-1.));
#6943=DIRECTION('',(-1.,0.,0.));
#6944=DIRECTION('',(1.,-2.0900282843094E-16,0.));
#6945=DIRECTION('',(0.,0.,-1.));
#6946=DIRECTION('',(-1.,0.,0.));
#6947=DIRECTION('',(-1.,0.,0.));
#6948=DIRECTION('',(0.,0.,1.));
#6949=DIRECTION('',(0.,0.,-1.));
#6950=DIRECTION('',(0.,1.,0.));
#6951=DIRECTION('',(0.,0.,-1.));
#6952=DIRECTION('',(0.,0.,-1.));
#6953=DIRECTION('',(-1.,0.,0.));
#6954=DIRECTION('',(0.,0.,-1.));
#6955=DIRECTION('',(0.,0.,1.));
#6956=DIRECTION('',(1.,0.,0.));
#6957=DIRECTION('',(2.0900282843094E-16,1.,0.));
#6958=DIRECTION('',(-1.,2.0900282843094E-16,0.));
#6959=DIRECTION('',(0.,0.,-1.));
#6960=DIRECTION('',(1.,-2.0900282843094E-16,0.));
#6961=DIRECTION('',(0.,0.,-1.));
#6962=DIRECTION('',(-1.,0.,0.));
#6963=DIRECTION('',(0.,0.,-1.));
#6964=DIRECTION('',(0.,0.,1.));
#6965=DIRECTION('',(1.,0.,0.));
#6966=DIRECTION('',(-1.,0.,0.));
#6967=DIRECTION('',(0.,0.,1.));
#6968=DIRECTION('',(0.,0.,-1.));
#6969=DIRECTION('',(0.,-1.,0.));
#6970=DIRECTION('',(0.,0.,-1.));
#6971=DIRECTION('',(-1.,0.,0.));
#6972=DIRECTION('',(0.,0.,-1.));
#6973=DIRECTION('',(0.,0.,1.));
#6974=DIRECTION('',(1.,0.,0.));
#6975=DIRECTION('',(2.0900282843094E-16,1.,0.));
#6976=DIRECTION('',(-1.,2.0900282843094E-16,0.));
#6977=DIRECTION('',(0.,0.,-1.));
#6978=DIRECTION('',(-1.,2.0900282843094E-16,0.));
#6979=DIRECTION('',(0.,0.,-1.));
#6980=DIRECTION('',(-1.,0.,0.));
#6981=DIRECTION('',(0.,0.,1.));
#6982=DIRECTION('',(1.,0.,0.));
#6983=DIRECTION('',(0.,-1.,0.));
#6984=DIRECTION('',(0.,0.,-1.));
#6985=DIRECTION('',(0.,0.,-1.));
#6986=DIRECTION('',(0.,0.,-1.));
#6987=DIRECTION('',(1.,0.,0.));
#6988=DIRECTION('',(0.,0.,-1.));
#6989=DIRECTION('',(-1.,0.,0.));
#6990=DIRECTION('',(0.,0.,-1.));
#6991=DIRECTION('',(-1.,0.,0.));
#6992=DIRECTION('',(0.,0.,-1.));
#6993=DIRECTION('',(1.,0.,0.));
#6994=DIRECTION('',(0.,0.,-1.));
#6995=DIRECTION('',(0.,1.,0.));
#6996=DIRECTION('',(0.,0.,-1.));
#6997=DIRECTION('',(0.,0.,-1.));
#6998=DIRECTION('',(-1.,0.,0.));
#6999=DIRECTION('',(0.,0.,-1.));
#7000=DIRECTION('',(-1.,0.,0.));
#7001=DIRECTION('',(0.,0.,-1.));
#7002=DIRECTION('',(0.,-1.,0.));
#7003=DIRECTION('',(0.,0.,-1.));
#7004=DIRECTION('',(1.,0.,0.));
#7005=DIRECTION('',(0.,0.,-1.));
#7006=DIRECTION('',(0.,0.,-1.));
#7007=DIRECTION('',(-1.,0.,0.));
#7008=DIRECTION('',(0.,0.,-1.));
#7009=DIRECTION('',(-1.,0.,0.));
#7010=DIRECTION('',(0.,0.,-1.));
#7011=DIRECTION('',(1.,0.,0.));
#7012=DIRECTION('',(0.,0.,-1.));
#7013=DIRECTION('',(0.,0.,-1.));
#7014=DIRECTION('',(0.,1.,0.));
#7015=DIRECTION('',(0.,0.,-1.));
#7016=DIRECTION('',(-1.,0.,0.));
#7017=DIRECTION('',(0.,0.,-1.));
#7018=DIRECTION('',(-1.,0.,0.));
#7019=DIRECTION('',(0.,0.,-1.));
#7020=DIRECTION('',(1.,0.,0.));
#7021=DIRECTION('',(0.,1.,0.));
#7022=DIRECTION('',(0.,0.,-1.));
#7023=DIRECTION('',(-1.,0.,0.));
#7024=DIRECTION('',(1.,-2.0900282843094E-16,0.));
#7025=DIRECTION('',(0.,0.,-1.));
#7026=DIRECTION('',(-1.,0.,0.));
#7027=DIRECTION('',(0.,1.,0.));
#7028=DIRECTION('',(0.,0.,-1.));
#7029=DIRECTION('',(-1.,0.,0.));
#7030=DIRECTION('',(1.,-2.0900282843094E-16,0.));
#7031=DIRECTION('',(0.,0.,-1.));
#7032=DIRECTION('',(-1.,0.,0.));
#7033=DIRECTION('',(-1.,0.,0.));
#7034=DIRECTION('',(0.,0.,1.));
#7035=DIRECTION('',(0.,0.,-1.));
#7036=DIRECTION('',(0.,1.,0.));
#7037=DIRECTION('',(0.,0.,-1.));
#7038=DIRECTION('',(0.,0.,-1.));
#7039=DIRECTION('',(-1.,0.,0.));
#7040=DIRECTION('',(0.,0.,-1.));
#7041=DIRECTION('',(0.,0.,1.));
#7042=DIRECTION('',(1.,0.,0.));
#7043=DIRECTION('',(2.0900282843094E-16,1.,0.));
#7044=DIRECTION('',(-1.,2.0900282843094E-16,0.));
#7045=DIRECTION('',(0.,0.,-1.));
#7046=DIRECTION('',(1.,-2.0900282843094E-16,0.));
#7047=DIRECTION('',(0.,0.,-1.));
#7048=DIRECTION('',(-1.,0.,0.));
#7049=DIRECTION('',(0.,0.,-1.));
#7050=DIRECTION('',(0.,0.,1.));
#7051=DIRECTION('',(1.,0.,0.));
#7052=DIRECTION('',(-1.,0.,0.));
#7053=DIRECTION('',(0.,0.,1.));
#7054=DIRECTION('',(0.,0.,-1.));
#7055=DIRECTION('',(0.,-1.,0.));
#7056=DIRECTION('',(0.,0.,-1.));
#7057=DIRECTION('',(-1.,0.,0.));
#7058=DIRECTION('',(0.,0.,-1.));
#7059=DIRECTION('',(0.,0.,1.));
#7060=DIRECTION('',(1.,0.,0.));
#7061=DIRECTION('',(2.0900282843094E-16,1.,0.));
#7062=DIRECTION('',(-1.,2.0900282843094E-16,0.));
#7063=DIRECTION('',(0.,0.,-1.));
#7064=DIRECTION('',(-1.,2.0900282843094E-16,0.));
#7065=DIRECTION('',(0.,0.,-1.));
#7066=DIRECTION('',(-1.,0.,0.));
#7067=DIRECTION('',(0.,0.,1.));
#7068=DIRECTION('',(1.,0.,0.));
#7069=DIRECTION('',(0.,-1.,0.));
#7070=DIRECTION('',(0.,0.,-1.));
#7071=DIRECTION('',(0.,0.,-1.));
#7072=DIRECTION('',(0.,0.,-1.));
#7073=DIRECTION('',(1.,0.,0.));
#7074=DIRECTION('',(0.,0.,-1.));
#7075=DIRECTION('',(-1.,0.,0.));
#7076=DIRECTION('',(0.,0.,-1.));
#7077=DIRECTION('',(-1.,0.,0.));
#7078=DIRECTION('',(0.,0.,-1.));
#7079=DIRECTION('',(1.,0.,0.));
#7080=DIRECTION('',(0.,0.,-1.));
#7081=DIRECTION('',(0.,1.,0.));
#7082=DIRECTION('',(0.,0.,-1.));
#7083=DIRECTION('',(0.,0.,-1.));
#7084=DIRECTION('',(-1.,0.,0.));
#7085=DIRECTION('',(0.,0.,-1.));
#7086=DIRECTION('',(-1.,0.,0.));
#7087=DIRECTION('',(0.,0.,-1.));
#7088=DIRECTION('',(0.,-1.,0.));
#7089=DIRECTION('',(0.,0.,-1.));
#7090=DIRECTION('',(1.,0.,0.));
#7091=DIRECTION('',(0.,0.,-1.));
#7092=DIRECTION('',(0.,0.,-1.));
#7093=DIRECTION('',(-1.,0.,0.));
#7094=DIRECTION('',(0.,0.,-1.));
#7095=DIRECTION('',(-1.,0.,0.));
#7096=DIRECTION('',(0.,0.,-1.));
#7097=DIRECTION('',(1.,0.,0.));
#7098=DIRECTION('',(0.,0.,-1.));
#7099=DIRECTION('',(0.,0.,-1.));
#7100=DIRECTION('',(0.,1.,0.));
#7101=DIRECTION('',(0.,0.,-1.));
#7102=DIRECTION('',(-1.,0.,0.));
#7103=DIRECTION('',(0.,0.,-1.));
#7104=DIRECTION('',(-1.,0.,0.));
#7105=DIRECTION('',(0.,0.,-1.));
#7106=DIRECTION('',(1.,0.,0.));
#7107=DIRECTION('',(0.,1.,0.));
#7108=DIRECTION('',(0.,0.,-1.));
#7109=DIRECTION('',(-1.,0.,0.));
#7110=DIRECTION('',(1.,-2.0900282843094E-16,0.));
#7111=DIRECTION('',(0.,0.,-1.));
#7112=DIRECTION('',(-1.,0.,0.));
#7113=DIRECTION('',(0.,1.,0.));
#7114=DIRECTION('',(0.,0.,-1.));
#7115=DIRECTION('',(-1.,0.,0.));
#7116=DIRECTION('',(1.,-2.0900282843094E-16,0.));
#7117=DIRECTION('',(0.,0.,-1.));
#7118=DIRECTION('',(-1.,0.,0.));
#7119=DIRECTION('',(-1.,0.,0.));
#7120=DIRECTION('',(0.,0.,1.));
#7121=DIRECTION('',(0.,0.,-1.));
#7122=DIRECTION('',(0.,1.,0.));
#7123=DIRECTION('',(0.,0.,-1.));
#7124=DIRECTION('',(0.,0.,-1.));
#7125=DIRECTION('',(-1.,0.,0.));
#7126=DIRECTION('',(0.,0.,-1.));
#7127=DIRECTION('',(0.,0.,1.));
#7128=DIRECTION('',(1.,0.,0.));
#7129=DIRECTION('',(2.0900282843094E-16,1.,0.));
#7130=DIRECTION('',(-1.,2.0900282843094E-16,0.));
#7131=DIRECTION('',(0.,0.,-1.));
#7132=DIRECTION('',(1.,-2.0900282843094E-16,0.));
#7133=DIRECTION('',(0.,0.,-1.));
#7134=DIRECTION('',(-1.,0.,0.));
#7135=DIRECTION('',(0.,0.,-1.));
#7136=DIRECTION('',(0.,0.,1.));
#7137=DIRECTION('',(1.,0.,0.));
#7138=DIRECTION('',(-1.,0.,0.));
#7139=DIRECTION('',(0.,0.,1.));
#7140=DIRECTION('',(0.,0.,-1.));
#7141=DIRECTION('',(0.,-1.,0.));
#7142=DIRECTION('',(0.,0.,-1.));
#7143=DIRECTION('',(-1.,0.,0.));
#7144=DIRECTION('',(0.,0.,-1.));
#7145=DIRECTION('',(0.,0.,1.));
#7146=DIRECTION('',(1.,0.,0.));
#7147=DIRECTION('',(2.0900282843094E-16,1.,0.));
#7148=DIRECTION('',(-1.,2.0900282843094E-16,0.));
#7149=DIRECTION('',(0.,0.,-1.));
#7150=DIRECTION('',(-1.,2.0900282843094E-16,0.));
#7151=DIRECTION('',(0.,0.,-1.));
#7152=DIRECTION('',(-1.,0.,0.));
#7153=DIRECTION('',(0.,0.,1.));
#7154=DIRECTION('',(1.,0.,0.));
#7155=DIRECTION('',(0.,-1.,0.));
#7156=DIRECTION('',(0.,0.,-1.));
#7157=DIRECTION('',(0.,0.,-1.));
#7158=DIRECTION('',(0.,0.,-1.));
#7159=DIRECTION('',(1.,0.,0.));
#7160=DIRECTION('',(0.,0.,-1.));
#7161=DIRECTION('',(-1.,0.,0.));
#7162=DIRECTION('',(0.,0.,-1.));
#7163=DIRECTION('',(-1.,0.,0.));
#7164=DIRECTION('',(0.,0.,-1.));
#7165=DIRECTION('',(1.,0.,0.));
#7166=DIRECTION('',(0.,0.,-1.));
#7167=DIRECTION('',(0.,1.,0.));
#7168=DIRECTION('',(0.,0.,-1.));
#7169=DIRECTION('',(0.,0.,-1.));
#7170=DIRECTION('',(-1.,0.,0.));
#7171=DIRECTION('',(0.,0.,-1.));
#7172=DIRECTION('',(-1.,0.,0.));
#7173=DIRECTION('',(0.,0.,-1.));
#7174=DIRECTION('',(0.,-1.,0.));
#7175=DIRECTION('',(0.,0.,-1.));
#7176=DIRECTION('',(1.,0.,0.));
#7177=DIRECTION('',(0.,0.,-1.));
#7178=DIRECTION('',(0.,0.,-1.));
#7179=DIRECTION('',(-1.,0.,0.));
#7180=DIRECTION('',(0.,0.,-1.));
#7181=DIRECTION('',(-1.,0.,0.));
#7182=DIRECTION('',(0.,0.,-1.));
#7183=DIRECTION('',(1.,0.,0.));
#7184=DIRECTION('',(0.,0.,-1.));
#7185=DIRECTION('',(0.,0.,-1.));
#7186=DIRECTION('',(0.,1.,0.));
#7187=DIRECTION('',(0.,0.,-1.));
#7188=DIRECTION('',(-1.,0.,0.));
#7189=DIRECTION('',(0.,0.,-1.));
#7190=DIRECTION('',(-1.,0.,0.));
#7191=DIRECTION('',(0.,0.,-1.));
#7192=DIRECTION('',(1.,0.,0.));
#7193=DIRECTION('',(0.,1.,0.));
#7194=DIRECTION('',(0.,0.,-1.));
#7195=DIRECTION('',(-1.,0.,0.));
#7196=DIRECTION('',(1.,-2.0900282843094E-16,0.));
#7197=DIRECTION('',(0.,0.,-1.));
#7198=DIRECTION('',(-1.,0.,0.));
#7199=DIRECTION('',(0.,1.,0.));
#7200=DIRECTION('',(0.,0.,-1.));
#7201=DIRECTION('',(-1.,0.,0.));
#7202=DIRECTION('',(1.,-2.0900282843094E-16,0.));
#7203=DIRECTION('',(0.,0.,-1.));
#7204=DIRECTION('',(-1.,0.,0.));
#7205=DIRECTION('',(-1.,0.,0.));
#7206=DIRECTION('',(0.,0.,1.));
#7207=DIRECTION('',(0.,0.,-1.));
#7208=DIRECTION('',(0.,1.,0.));
#7209=DIRECTION('',(0.,0.,-1.));
#7210=DIRECTION('',(0.,0.,-1.));
#7211=DIRECTION('',(-1.,0.,0.));
#7212=DIRECTION('',(0.,0.,-1.));
#7213=DIRECTION('',(0.,0.,1.));
#7214=DIRECTION('',(1.,0.,0.));
#7215=DIRECTION('',(2.0900282843094E-16,1.,0.));
#7216=DIRECTION('',(-1.,2.0900282843094E-16,0.));
#7217=DIRECTION('',(0.,0.,-1.));
#7218=DIRECTION('',(1.,-2.0900282843094E-16,0.));
#7219=DIRECTION('',(0.,0.,-1.));
#7220=DIRECTION('',(-1.,0.,0.));
#7221=DIRECTION('',(0.,0.,-1.));
#7222=DIRECTION('',(0.,0.,1.));
#7223=DIRECTION('',(1.,0.,0.));
#7224=DIRECTION('',(-1.,0.,0.));
#7225=DIRECTION('',(0.,0.,1.));
#7226=DIRECTION('',(0.,0.,-1.));
#7227=DIRECTION('',(0.,-1.,0.));
#7228=DIRECTION('',(0.,0.,-1.));
#7229=DIRECTION('',(-1.,0.,0.));
#7230=DIRECTION('',(0.,0.,-1.));
#7231=DIRECTION('',(0.,0.,1.));
#7232=DIRECTION('',(1.,0.,0.));
#7233=DIRECTION('',(2.0900282843094E-16,1.,0.));
#7234=DIRECTION('',(-1.,2.0900282843094E-16,0.));
#7235=DIRECTION('',(0.,0.,-1.));
#7236=DIRECTION('',(-1.,2.0900282843094E-16,0.));
#7237=DIRECTION('',(0.,0.,-1.));
#7238=DIRECTION('',(-1.,0.,0.));
#7239=DIRECTION('',(0.,0.,1.));
#7240=DIRECTION('',(1.,0.,0.));
#7241=DIRECTION('',(0.,-1.,0.));
#7242=DIRECTION('',(0.,0.,-1.));
#7243=DIRECTION('',(0.,0.,-1.));
#7244=DIRECTION('',(0.,0.,-1.));
#7245=DIRECTION('',(1.,0.,0.));
#7246=DIRECTION('',(0.,0.,-1.));
#7247=DIRECTION('',(-1.,0.,0.));
#7248=DIRECTION('',(0.,0.,-1.));
#7249=DIRECTION('',(-1.,0.,0.));
#7250=DIRECTION('',(0.,0.,-1.));
#7251=DIRECTION('',(1.,0.,0.));
#7252=DIRECTION('',(0.,0.,-1.));
#7253=DIRECTION('',(0.,1.,0.));
#7254=DIRECTION('',(0.,0.,-1.));
#7255=DIRECTION('',(0.,0.,-1.));
#7256=DIRECTION('',(-1.,0.,0.));
#7257=DIRECTION('',(0.,0.,-1.));
#7258=DIRECTION('',(-1.,0.,0.));
#7259=DIRECTION('',(0.,0.,-1.));
#7260=DIRECTION('',(0.,-1.,0.));
#7261=DIRECTION('',(0.,0.,-1.));
#7262=DIRECTION('',(1.,0.,0.));
#7263=DIRECTION('',(0.,0.,-1.));
#7264=DIRECTION('',(0.,0.,-1.));
#7265=DIRECTION('',(-1.,0.,0.));
#7266=DIRECTION('',(0.,0.,-1.));
#7267=DIRECTION('',(-1.,0.,0.));
#7268=DIRECTION('',(0.,0.,-1.));
#7269=DIRECTION('',(1.,0.,0.));
#7270=DIRECTION('',(0.,0.,-1.));
#7271=DIRECTION('',(0.,0.,-1.));
#7272=DIRECTION('',(0.,1.,0.));
#7273=DIRECTION('',(0.,0.,-1.));
#7274=DIRECTION('',(-1.,0.,0.));
#7275=DIRECTION('',(0.,0.,-1.));
#7276=DIRECTION('',(-1.,0.,0.));
#7277=DIRECTION('',(0.,0.,-1.));
#7278=DIRECTION('',(1.,0.,0.));
#7279=DIRECTION('',(0.,1.,0.));
#7280=DIRECTION('',(0.,0.,-1.));
#7281=DIRECTION('',(-1.,0.,0.));
#7282=DIRECTION('',(1.,-2.0900282843094E-16,0.));
#7283=DIRECTION('',(0.,0.,-1.));
#7284=DIRECTION('',(-1.,0.,0.));
#7285=DIRECTION('',(0.,1.,0.));
#7286=DIRECTION('',(0.,0.,-1.));
#7287=DIRECTION('',(-1.,0.,0.));
#7288=DIRECTION('',(1.,-2.0900282843094E-16,0.));
#7289=DIRECTION('',(0.,0.,-1.));
#7290=DIRECTION('',(-1.,0.,0.));
#7291=DIRECTION('',(-1.,0.,0.));
#7292=DIRECTION('',(0.,0.,1.));
#7293=DIRECTION('',(0.,0.,-1.));
#7294=DIRECTION('',(0.,1.,0.));
#7295=DIRECTION('',(0.,0.,-1.));
#7296=DIRECTION('',(0.,0.,-1.));
#7297=DIRECTION('',(-1.,0.,0.));
#7298=DIRECTION('',(0.,0.,-1.));
#7299=DIRECTION('',(0.,0.,1.));
#7300=DIRECTION('',(1.,0.,0.));
#7301=DIRECTION('',(2.0900282843094E-16,1.,0.));
#7302=DIRECTION('',(-1.,2.0900282843094E-16,0.));
#7303=DIRECTION('',(0.,0.,-1.));
#7304=DIRECTION('',(1.,-2.0900282843094E-16,0.));
#7305=DIRECTION('',(0.,0.,-1.));
#7306=DIRECTION('',(-1.,0.,0.));
#7307=DIRECTION('',(0.,0.,-1.));
#7308=DIRECTION('',(0.,0.,1.));
#7309=DIRECTION('',(1.,0.,0.));
#7310=DIRECTION('',(-1.,0.,0.));
#7311=DIRECTION('',(0.,0.,1.));
#7312=DIRECTION('',(0.,0.,-1.));
#7313=DIRECTION('',(0.,-1.,0.));
#7314=DIRECTION('',(0.,0.,-1.));
#7315=DIRECTION('',(-1.,0.,0.));
#7316=DIRECTION('',(0.,0.,-1.));
#7317=DIRECTION('',(0.,0.,1.));
#7318=DIRECTION('',(1.,0.,0.));
#7319=DIRECTION('',(2.0900282843094E-16,1.,0.));
#7320=DIRECTION('',(-1.,2.0900282843094E-16,0.));
#7321=DIRECTION('',(0.,0.,-1.));
#7322=DIRECTION('',(-1.,2.0900282843094E-16,0.));
#7323=DIRECTION('',(0.,0.,-1.));
#7324=DIRECTION('',(-1.,0.,0.));
#7325=DIRECTION('',(0.,0.,1.));
#7326=DIRECTION('',(1.,0.,0.));
#7327=DIRECTION('',(0.,-1.,0.));
#7328=DIRECTION('',(0.,0.,-1.));
#7329=DIRECTION('',(0.,0.,-1.));
#7330=DIRECTION('',(0.,0.,-1.));
#7331=DIRECTION('',(1.,0.,0.));
#7332=DIRECTION('',(0.,0.,-1.));
#7333=DIRECTION('',(-1.,0.,0.));
#7334=DIRECTION('',(0.,0.,-1.));
#7335=DIRECTION('',(-1.,0.,0.));
#7336=DIRECTION('',(0.,0.,-1.));
#7337=DIRECTION('',(1.,0.,0.));
#7338=DIRECTION('',(0.,0.,-1.));
#7339=DIRECTION('',(0.,1.,0.));
#7340=DIRECTION('',(0.,0.,-1.));
#7341=DIRECTION('',(0.,0.,-1.));
#7342=DIRECTION('',(-1.,0.,0.));
#7343=DIRECTION('',(0.,0.,-1.));
#7344=DIRECTION('',(-1.,0.,0.));
#7345=DIRECTION('',(0.,0.,-1.));
#7346=DIRECTION('',(0.,-1.,0.));
#7347=DIRECTION('',(0.,0.,-1.));
#7348=DIRECTION('',(1.,0.,0.));
#7349=DIRECTION('',(0.,0.,-1.));
#7350=DIRECTION('',(0.,0.,-1.));
#7351=DIRECTION('',(-1.,0.,0.));
#7352=DIRECTION('',(0.,0.,-1.));
#7353=DIRECTION('',(-1.,0.,0.));
#7354=DIRECTION('',(0.,0.,-1.));
#7355=DIRECTION('',(1.,0.,0.));
#7356=DIRECTION('',(0.,0.,-1.));
#7357=DIRECTION('',(0.,0.,-1.));
#7358=DIRECTION('',(0.,1.,0.));
#7359=DIRECTION('',(0.,0.,-1.));
#7360=DIRECTION('',(-1.,0.,0.));
#7361=DIRECTION('',(0.,0.,-1.));
#7362=DIRECTION('',(-1.,0.,0.));
#7363=DIRECTION('',(0.,0.,-1.));
#7364=DIRECTION('',(1.,0.,0.));
#7365=DIRECTION('',(0.,1.,0.));
#7366=DIRECTION('',(0.,0.,-1.));
#7367=DIRECTION('',(-1.,0.,0.));
#7368=DIRECTION('',(1.,-2.0900282843094E-16,0.));
#7369=DIRECTION('',(0.,0.,-1.));
#7370=DIRECTION('',(-1.,0.,0.));
#7371=DIRECTION('',(0.,1.,0.));
#7372=DIRECTION('',(0.,0.,-1.));
#7373=DIRECTION('',(-1.,0.,0.));
#7374=DIRECTION('',(1.,-2.0900282843094E-16,0.));
#7375=DIRECTION('',(0.,0.,-1.));
#7376=DIRECTION('',(-1.,0.,0.));
#7377=DIRECTION('',(-1.,0.,0.));
#7378=DIRECTION('',(0.,0.,1.));
#7379=DIRECTION('',(0.,0.,-1.));
#7380=DIRECTION('',(0.,1.,0.));
#7381=DIRECTION('',(0.,0.,-1.));
#7382=DIRECTION('',(0.,0.,-1.));
#7383=DIRECTION('',(-1.,0.,0.));
#7384=DIRECTION('',(0.,0.,-1.));
#7385=DIRECTION('',(0.,0.,1.));
#7386=DIRECTION('',(1.,0.,0.));
#7387=DIRECTION('',(2.0900282843094E-16,1.,0.));
#7388=DIRECTION('',(-1.,2.0900282843094E-16,0.));
#7389=DIRECTION('',(0.,0.,-1.));
#7390=DIRECTION('',(1.,-2.0900282843094E-16,0.));
#7391=DIRECTION('',(0.,0.,-1.));
#7392=DIRECTION('',(-1.,0.,0.));
#7393=DIRECTION('',(0.,0.,-1.));
#7394=DIRECTION('',(0.,0.,1.));
#7395=DIRECTION('',(1.,0.,0.));
#7396=DIRECTION('',(-1.,0.,0.));
#7397=DIRECTION('',(0.,0.,1.));
#7398=DIRECTION('',(0.,0.,-1.));
#7399=DIRECTION('',(0.,-1.,0.));
#7400=DIRECTION('',(0.,0.,-1.));
#7401=DIRECTION('',(-1.,0.,0.));
#7402=DIRECTION('',(0.,0.,-1.));
#7403=DIRECTION('',(0.,0.,1.));
#7404=DIRECTION('',(1.,0.,0.));
#7405=DIRECTION('',(2.0900282843094E-16,1.,0.));
#7406=DIRECTION('',(-1.,2.0900282843094E-16,0.));
#7407=DIRECTION('',(0.,0.,-1.));
#7408=DIRECTION('',(-1.,2.0900282843094E-16,0.));
#7409=DIRECTION('',(0.,0.,-1.));
#7410=DIRECTION('',(-1.,0.,0.));
#7411=DIRECTION('',(0.,0.,1.));
#7412=DIRECTION('',(1.,0.,0.));
#7413=DIRECTION('',(0.,-1.,0.));
#7414=DIRECTION('',(0.,0.,-1.));
#7415=DIRECTION('',(0.,0.,-1.));
#7416=DIRECTION('',(0.,0.,-1.));
#7417=DIRECTION('',(1.,0.,0.));
#7418=DIRECTION('',(0.,0.,-1.));
#7419=DIRECTION('',(-1.,0.,0.));
#7420=DIRECTION('',(0.,0.,-1.));
#7421=DIRECTION('',(-1.,0.,0.));
#7422=DIRECTION('',(0.,0.,-1.));
#7423=DIRECTION('',(1.,0.,0.));
#7424=DIRECTION('',(0.,0.,-1.));
#7425=DIRECTION('',(0.,1.,0.));
#7426=DIRECTION('',(0.,0.,-1.));
#7427=DIRECTION('',(0.,0.,-1.));
#7428=DIRECTION('',(-1.,0.,0.));
#7429=DIRECTION('',(0.,0.,-1.));
#7430=DIRECTION('',(-1.,0.,0.));
#7431=DIRECTION('',(0.,0.,-1.));
#7432=DIRECTION('',(0.,-1.,0.));
#7433=DIRECTION('',(0.,0.,-1.));
#7434=DIRECTION('',(1.,0.,0.));
#7435=DIRECTION('',(0.,0.,-1.));
#7436=DIRECTION('',(0.,0.,-1.));
#7437=DIRECTION('',(-1.,0.,0.));
#7438=DIRECTION('',(0.,0.,-1.));
#7439=DIRECTION('',(-1.,0.,0.));
#7440=DIRECTION('',(0.,0.,-1.));
#7441=DIRECTION('',(1.,0.,0.));
#7442=DIRECTION('',(0.,0.,-1.));
#7443=DIRECTION('',(0.,0.,-1.));
#7444=DIRECTION('',(0.,1.,0.));
#7445=DIRECTION('',(0.,0.,-1.));
#7446=DIRECTION('',(-1.,0.,0.));
#7447=DIRECTION('',(0.,0.,-1.));
#7448=DIRECTION('',(-1.,0.,0.));
#7449=DIRECTION('',(0.,0.,-1.));
#7450=DIRECTION('',(1.,0.,0.));
#7451=DIRECTION('',(0.,1.,0.));
#7452=DIRECTION('',(0.,0.,-1.));
#7453=DIRECTION('',(-1.,0.,0.));
#7454=DIRECTION('',(1.,-2.0900282843094E-16,0.));
#7455=DIRECTION('',(0.,0.,-1.));
#7456=DIRECTION('',(-1.,0.,0.));
#7457=DIRECTION('',(0.,1.,0.));
#7458=DIRECTION('',(0.,0.,-1.));
#7459=DIRECTION('',(-1.,0.,0.));
#7460=DIRECTION('',(1.,-2.0900282843094E-16,0.));
#7461=DIRECTION('',(0.,0.,-1.));
#7462=DIRECTION('',(-1.,0.,0.));
#7463=DIRECTION('',(-1.,0.,0.));
#7464=DIRECTION('',(0.,0.,1.));
#7465=DIRECTION('',(0.,0.,-1.));
#7466=DIRECTION('',(0.,1.,0.));
#7467=DIRECTION('',(0.,0.,-1.));
#7468=DIRECTION('',(0.,0.,-1.));
#7469=DIRECTION('',(-1.,0.,0.));
#7470=DIRECTION('',(0.,0.,-1.));
#7471=DIRECTION('',(0.,0.,1.));
#7472=DIRECTION('',(1.,0.,0.));
#7473=DIRECTION('',(2.0900282843094E-16,1.,0.));
#7474=DIRECTION('',(-1.,2.0900282843094E-16,0.));
#7475=DIRECTION('',(0.,0.,-1.));
#7476=DIRECTION('',(1.,-2.0900282843094E-16,0.));
#7477=DIRECTION('',(0.,0.,-1.));
#7478=DIRECTION('',(-1.,0.,0.));
#7479=DIRECTION('',(0.,0.,-1.));
#7480=DIRECTION('',(0.,0.,1.));
#7481=DIRECTION('',(1.,0.,0.));
#7482=DIRECTION('',(-1.,0.,0.));
#7483=DIRECTION('',(0.,0.,1.));
#7484=DIRECTION('',(0.,0.,-1.));
#7485=DIRECTION('',(0.,-1.,0.));
#7486=DIRECTION('',(0.,0.,-1.));
#7487=DIRECTION('',(-1.,0.,0.));
#7488=DIRECTION('',(0.,0.,-1.));
#7489=DIRECTION('',(0.,0.,1.));
#7490=DIRECTION('',(1.,0.,0.));
#7491=DIRECTION('',(2.0900282843094E-16,1.,0.));
#7492=DIRECTION('',(-1.,2.0900282843094E-16,0.));
#7493=DIRECTION('',(0.,0.,-1.));
#7494=DIRECTION('',(-1.,2.0900282843094E-16,0.));
#7495=DIRECTION('',(0.,0.,-1.));
#7496=DIRECTION('',(-1.,0.,0.));
#7497=DIRECTION('',(0.,0.,1.));
#7498=DIRECTION('',(1.,0.,0.));
#7499=DIRECTION('',(0.,-1.,0.));
#7500=DIRECTION('',(0.,0.,-1.));
#7501=DIRECTION('',(0.,0.,-1.));
#7502=DIRECTION('',(0.,0.,-1.));
#7503=DIRECTION('',(1.,0.,0.));
#7504=DIRECTION('',(0.,0.,-1.));
#7505=DIRECTION('',(-1.,0.,0.));
#7506=DIRECTION('',(0.,0.,-1.));
#7507=DIRECTION('',(-1.,0.,0.));
#7508=DIRECTION('',(0.,0.,-1.));
#7509=DIRECTION('',(1.,0.,0.));
#7510=DIRECTION('',(0.,0.,-1.));
#7511=DIRECTION('',(0.,1.,0.));
#7512=DIRECTION('',(0.,0.,-1.));
#7513=DIRECTION('',(0.,0.,-1.));
#7514=DIRECTION('',(-1.,0.,0.));
#7515=DIRECTION('',(0.,0.,-1.));
#7516=DIRECTION('',(-1.,0.,0.));
#7517=DIRECTION('',(0.,0.,-1.));
#7518=DIRECTION('',(0.,-1.,0.));
#7519=DIRECTION('',(0.,0.,-1.));
#7520=DIRECTION('',(1.,0.,0.));
#7521=DIRECTION('',(0.,0.,-1.));
#7522=DIRECTION('',(0.,0.,-1.));
#7523=DIRECTION('',(-1.,0.,0.));
#7524=DIRECTION('',(0.,0.,-1.));
#7525=DIRECTION('',(-1.,0.,0.));
#7526=DIRECTION('',(0.,0.,-1.));
#7527=DIRECTION('',(1.,0.,0.));
#7528=DIRECTION('',(0.,0.,-1.));
#7529=DIRECTION('',(0.,0.,-1.));
#7530=DIRECTION('',(0.,1.,0.));
#7531=DIRECTION('',(0.,0.,-1.));
#7532=DIRECTION('',(-1.,0.,0.));
#7533=DIRECTION('',(0.,0.,-1.));
#7534=DIRECTION('',(-1.,0.,0.));
#7535=DIRECTION('',(0.,0.,-1.));
#7536=DIRECTION('',(1.,0.,0.));
#7537=DIRECTION('',(0.,1.,0.));
#7538=DIRECTION('',(0.,0.,-1.));
#7539=DIRECTION('',(-1.,0.,0.));
#7540=DIRECTION('',(1.,-2.0900282843094E-16,0.));
#7541=DIRECTION('',(0.,0.,-1.));
#7542=DIRECTION('',(-1.,0.,0.));
#7543=DIRECTION('',(0.,1.,0.));
#7544=DIRECTION('',(0.,0.,-1.));
#7545=DIRECTION('',(-1.,0.,0.));
#7546=DIRECTION('',(1.,-2.0900282843094E-16,0.));
#7547=DIRECTION('',(0.,0.,-1.));
#7548=DIRECTION('',(-1.,0.,0.));
#7549=DIRECTION('',(-1.,0.,0.));
#7550=DIRECTION('',(0.,0.,1.));
#7551=DIRECTION('',(0.,0.,-1.));
#7552=DIRECTION('',(0.,1.,0.));
#7553=DIRECTION('',(0.,0.,-1.));
#7554=DIRECTION('',(0.,0.,-1.));
#7555=DIRECTION('',(-1.,0.,0.));
#7556=DIRECTION('',(0.,0.,-1.));
#7557=DIRECTION('',(0.,0.,1.));
#7558=DIRECTION('',(1.,0.,0.));
#7559=DIRECTION('',(2.0900282843094E-16,1.,0.));
#7560=DIRECTION('',(-1.,2.0900282843094E-16,0.));
#7561=DIRECTION('',(0.,0.,-1.));
#7562=DIRECTION('',(1.,-2.0900282843094E-16,0.));
#7563=DIRECTION('',(0.,0.,-1.));
#7564=DIRECTION('',(-1.,0.,0.));
#7565=DIRECTION('',(0.,0.,-1.));
#7566=DIRECTION('',(0.,0.,1.));
#7567=DIRECTION('',(1.,0.,0.));
#7568=DIRECTION('',(-1.,0.,0.));
#7569=DIRECTION('',(0.,0.,1.));
#7570=DIRECTION('',(0.,0.,-1.));
#7571=DIRECTION('',(0.,-1.,0.));
#7572=DIRECTION('',(0.,0.,-1.));
#7573=DIRECTION('',(-1.,0.,0.));
#7574=DIRECTION('',(0.,0.,-1.));
#7575=DIRECTION('',(0.,0.,1.));
#7576=DIRECTION('',(1.,0.,0.));
#7577=DIRECTION('',(2.0900282843094E-16,1.,0.));
#7578=DIRECTION('',(-1.,2.0900282843094E-16,0.));
#7579=DIRECTION('',(0.,0.,-1.));
#7580=DIRECTION('',(-1.,2.0900282843094E-16,0.));
#7581=DIRECTION('',(0.,0.,-1.));
#7582=DIRECTION('',(-1.,0.,0.));
#7583=DIRECTION('',(0.,0.,1.));
#7584=DIRECTION('',(1.,0.,0.));
#7585=DIRECTION('',(0.,0.,1.));
#7586=DIRECTION('',(1.,0.,0.));
#7587=DIRECTION('',(0.,0.707106781186548,-0.707106781186548));
#7588=DIRECTION('',(0.707106781186548,0.,0.707106781186548));
#7589=DIRECTION('',(0.707106781186548,0.,-0.707106781186548));
#7590=DIRECTION('',(0.,-1.,0.));
#7591=DIRECTION('',(0.707106781186548,0.,0.707106781186548));
#7592=DIRECTION('',(-1.47787317270687E-16,-0.707106781186548,-0.707106781186547));
#7593=DIRECTION('',(-1.,2.0900282843094E-16,0.));
#7594=DIRECTION('',(1.2266347333467E-14,0.707106781186546,-0.707106781186549));
#7595=DIRECTION('',(0.,0.,1.));
#7596=DIRECTION('',(1.,0.,0.));
#7597=DIRECTION('',(-7.35980840008019E-15,0.707106781186548,0.707106781186548));
#7598=DIRECTION('',(0.,0.,1.));
#7599=DIRECTION('',(1.,0.,0.));
#7600=DIRECTION('',(0.707106781186548,0.,-0.707106781186548));
#7601=DIRECTION('',(-1.47787317270687E-16,-0.707106781186547,0.707106781186548));
#7602=DIRECTION('',(1.,-2.0900282843094E-16,0.));
#7603=DIRECTION('',(0.,0.707106781186548,0.707106781186548));
#7604=DIRECTION('',(0.707106781186548,0.,0.707106781186548));
#7605=DIRECTION('',(0.,1.,0.));
#7606=DIRECTION('',(0.707106781186548,-4.90653893338679E-15,-0.707106781186548));
#7607=DIRECTION('',(0.,0.,1.));
#7608=DIRECTION('',(1.,0.,0.));
#7609=DIRECTION('',(0.,0.,1.));
#7610=DIRECTION('',(1.,0.,0.));
#7611=DIRECTION('',(0.,0.707106781186548,-0.707106781186548));
#7612=DIRECTION('',(0.707106781186548,0.,0.707106781186548));
#7613=DIRECTION('',(0.707106781186548,0.,-0.707106781186548));
#7614=DIRECTION('',(0.,-1.,0.));
#7615=DIRECTION('',(0.707106781186548,0.,0.707106781186548));
#7616=DIRECTION('',(-1.47787317270687E-16,-0.707106781186548,-0.707106781186547));
#7617=DIRECTION('',(-1.,2.0900282843094E-16,0.));
#7618=DIRECTION('',(1.2266347333467E-14,0.707106781186547,-0.707106781186548));
#7619=DIRECTION('',(0.,0.,1.));
#7620=DIRECTION('',(1.,0.,0.));
#7621=DIRECTION('',(-7.35980840008019E-15,0.707106781186548,0.707106781186548));
#7622=DIRECTION('',(0.,0.,1.));
#7623=DIRECTION('',(1.,0.,0.));
#7624=DIRECTION('',(0.707106781186547,0.,-0.707106781186548));
#7625=DIRECTION('',(-1.47787317270687E-16,-0.707106781186547,0.707106781186548));
#7626=DIRECTION('',(1.,-2.0900282843094E-16,0.));
#7627=DIRECTION('',(0.,0.707106781186548,0.707106781186548));
#7628=DIRECTION('',(0.707106781186548,0.,0.707106781186547));
#7629=DIRECTION('',(0.,1.,0.));
#7630=DIRECTION('',(0.707106781186547,-8.58644313342689E-15,-0.707106781186548));
#7631=DIRECTION('',(0.,0.,1.));
#7632=DIRECTION('',(1.,0.,0.));
#7633=DIRECTION('',(0.,0.,1.));
#7634=DIRECTION('',(1.,0.,0.));
#7635=DIRECTION('',(0.,0.707106781186548,-0.707106781186548));
#7636=DIRECTION('',(0.707106781186548,0.,0.707106781186548));
#7637=DIRECTION('',(0.707106781186548,0.,-0.707106781186548));
#7638=DIRECTION('',(0.,-1.,0.));
#7639=DIRECTION('',(0.707106781186548,0.,0.707106781186548));
#7640=DIRECTION('',(-1.47787317270687E-16,-0.707106781186548,-0.707106781186547));
#7641=DIRECTION('',(-1.,2.0900282843094E-16,0.));
#7642=DIRECTION('',(1.2266347333467E-14,0.707106781186547,-0.707106781186548));
#7643=DIRECTION('',(0.,0.,1.));
#7644=DIRECTION('',(1.,0.,0.));
#7645=DIRECTION('',(-7.35980840008019E-15,0.707106781186547,0.707106781186548));
#7646=DIRECTION('',(0.,0.,1.));
#7647=DIRECTION('',(1.,0.,0.));
#7648=DIRECTION('',(0.707106781186547,0.,-0.707106781186548));
#7649=DIRECTION('',(-1.47787317270687E-16,-0.707106781186548,0.707106781186547));
#7650=DIRECTION('',(1.,-2.0900282843094E-16,0.));
#7651=DIRECTION('',(0.,0.707106781186547,0.707106781186548));
#7652=DIRECTION('',(0.707106781186548,0.,0.707106781186547));
#7653=DIRECTION('',(0.,1.,0.));
#7654=DIRECTION('',(0.707106781186547,-9.19976050010024E-15,-0.707106781186548));
#7655=DIRECTION('',(0.,0.,1.));
#7656=DIRECTION('',(1.,0.,0.));
#7657=DIRECTION('',(0.,0.,1.));
#7658=DIRECTION('',(1.,0.,0.));
#7659=DIRECTION('',(0.,0.707106781186548,-0.707106781186548));
#7660=DIRECTION('',(0.707106781186548,0.,0.707106781186548));
#7661=DIRECTION('',(0.707106781186548,0.,-0.707106781186548));
#7662=DIRECTION('',(0.,-1.,0.));
#7663=DIRECTION('',(0.707106781186548,0.,0.707106781186548));
#7664=DIRECTION('',(-1.47787317270686E-16,-0.707106781186547,-0.707106781186548));
#7665=DIRECTION('',(-1.,2.0900282843094E-16,0.));
#7666=DIRECTION('',(1.2266347333467E-14,0.707106781186548,-0.707106781186548));
#7667=DIRECTION('',(0.,0.,1.));
#7668=DIRECTION('',(1.,0.,0.));
#7669=DIRECTION('',(-7.35980840008019E-15,0.707106781186548,0.707106781186548));
#7670=DIRECTION('',(0.,0.,1.));
#7671=DIRECTION('',(1.,0.,0.));
#7672=DIRECTION('',(0.707106781186548,0.,-0.707106781186548));
#7673=DIRECTION('',(-1.47787317270687E-16,-0.707106781186548,0.707106781186547));
#7674=DIRECTION('',(1.,-2.0900282843094E-16,0.));
#7675=DIRECTION('',(0.,0.707106781186548,0.707106781186548));
#7676=DIRECTION('',(0.707106781186548,0.,0.707106781186548));
#7677=DIRECTION('',(0.,1.,0.));
#7678=DIRECTION('',(0.707106781186548,-8.58644313342689E-15,-0.707106781186548));
#7679=DIRECTION('',(0.,0.,1.));
#7680=DIRECTION('',(1.,0.,0.));
#7681=DIRECTION('',(0.,0.,1.));
#7682=DIRECTION('',(1.,0.,0.));
#7683=DIRECTION('',(0.,0.707106781186548,-0.707106781186548));
#7684=DIRECTION('',(0.707106781186548,0.,0.707106781186547));
#7685=DIRECTION('',(0.707106781186548,0.,-0.707106781186548));
#7686=DIRECTION('',(0.,-1.,0.));
#7687=DIRECTION('',(0.707106781186548,0.,0.707106781186548));
#7688=DIRECTION('',(-1.47787317270687E-16,-0.707106781186547,-0.707106781186548));
#7689=DIRECTION('',(-1.,2.0900282843094E-16,0.));
#7690=DIRECTION('',(1.2266347333467E-14,0.707106781186548,-0.707106781186548));
#7691=DIRECTION('',(0.,0.,1.));
#7692=DIRECTION('',(1.,0.,0.));
#7693=DIRECTION('',(-7.05314971674351E-15,0.707106781186548,0.707106781186548));
#7694=DIRECTION('',(0.,0.,1.));
#7695=DIRECTION('',(1.,0.,0.));
#7696=DIRECTION('',(0.707106781186548,0.,-0.707106781186548));
#7697=DIRECTION('',(-1.47787317270687E-16,-0.707106781186548,0.707106781186547));
#7698=DIRECTION('',(1.,-2.0900282843094E-16,0.));
#7699=DIRECTION('',(0.,0.707106781186546,0.707106781186549));
#7700=DIRECTION('',(0.707106781186548,0.,0.707106781186548));
#7701=DIRECTION('',(0.,1.,0.));
#7702=DIRECTION('',(0.707106781186548,-4.90653893338679E-15,-0.707106781186548));
#7703=DIRECTION('',(0.,0.,1.));
#7704=DIRECTION('',(1.,0.,0.));
#7705=DIRECTION('',(0.,0.,1.));
#7706=DIRECTION('',(1.,0.,0.));
#7707=DIRECTION('',(0.,0.707106781186547,-0.707106781186548));
#7708=DIRECTION('',(0.707106781186547,0.,0.707106781186548));
#7709=DIRECTION('',(0.707106781186548,0.,-0.707106781186547));
#7710=DIRECTION('',(0.,-1.,0.));
#7711=DIRECTION('',(0.707106781186547,0.,0.707106781186548));
#7712=DIRECTION('',(-1.47787317270687E-16,-0.707106781186548,-0.707106781186547));
#7713=DIRECTION('',(-1.,2.0900282843094E-16,0.));
#7714=DIRECTION('',(1.2266347333467E-14,0.707106781186547,-0.707106781186548));
#7715=DIRECTION('',(0.,0.,1.));
#7716=DIRECTION('',(1.,0.,0.));
#7717=DIRECTION('',(-7.05314971674353E-15,0.707106781186546,0.707106781186549));
#7718=DIRECTION('',(0.,0.,1.));
#7719=DIRECTION('',(1.,0.,0.));
#7720=DIRECTION('',(0.707106781186548,0.,-0.707106781186548));
#7721=DIRECTION('',(-1.47787317270687E-16,-0.707106781186548,0.707106781186547));
#7722=DIRECTION('',(1.,-2.0900282843094E-16,0.));
#7723=DIRECTION('',(0.,0.707106781186548,0.707106781186548));
#7724=DIRECTION('',(0.707106781186548,0.,0.707106781186548));
#7725=DIRECTION('',(0.,1.,0.));
#7726=DIRECTION('',(0.707106781186548,-8.58644313342689E-15,-0.707106781186548));
#7727=DIRECTION('',(0.,0.,1.));
#7728=DIRECTION('',(1.,0.,0.));
#7729=DIRECTION('',(0.,0.,1.));
#7730=DIRECTION('',(1.,0.,0.));
#7731=DIRECTION('',(0.,0.707106781186547,-0.707106781186548));
#7732=DIRECTION('',(0.707106781186547,0.,0.707106781186548));
#7733=DIRECTION('',(0.707106781186548,0.,-0.707106781186547));
#7734=DIRECTION('',(0.,-1.,0.));
#7735=DIRECTION('',(0.707106781186547,0.,0.707106781186548));
#7736=DIRECTION('',(-1.47787317270687E-16,-0.707106781186549,-0.707106781186547));
#7737=DIRECTION('',(-1.,2.0900282843094E-16,0.));
#7738=DIRECTION('',(1.2266347333467E-14,0.707106781186547,-0.707106781186548));
#7739=DIRECTION('',(0.,0.,1.));
#7740=DIRECTION('',(1.,0.,0.));
#7741=DIRECTION('',(-7.05314971674352E-15,0.707106781186547,0.707106781186548));
#7742=DIRECTION('',(0.,0.,1.));
#7743=DIRECTION('',(1.,0.,0.));
#7744=DIRECTION('',(0.707106781186546,0.,-0.707106781186549));
#7745=DIRECTION('',(-1.47787317270687E-16,-0.707106781186548,0.707106781186547));
#7746=DIRECTION('',(1.,-2.0900282843094E-16,0.));
#7747=DIRECTION('',(0.,0.707106781186547,0.707106781186548));
#7748=DIRECTION('',(0.707106781186548,0.,0.707106781186548));
#7749=DIRECTION('',(0.,1.,0.));
#7750=DIRECTION('',(0.707106781186548,-9.19976050010024E-15,-0.707106781186548));
#7751=DIRECTION('',(0.,0.,1.));
#7752=DIRECTION('',(1.,0.,0.));
#7753=DIRECTION('',(0.,0.,1.));
#7754=DIRECTION('',(1.,0.,0.));
#7755=DIRECTION('',(0.,0.707106781186548,-0.707106781186548));
#7756=DIRECTION('',(0.707106781186548,0.,0.707106781186547));
#7757=DIRECTION('',(0.707106781186548,0.,-0.707106781186548));
#7758=DIRECTION('',(0.,-1.,0.));
#7759=DIRECTION('',(0.707106781186548,0.,0.707106781186548));
#7760=DIRECTION('',(-1.47787317270687E-16,-0.707106781186547,-0.707106781186548));
#7761=DIRECTION('',(-1.,2.0900282843094E-16,0.));
#7762=DIRECTION('',(1.2266347333467E-14,0.707106781186548,-0.707106781186548));
#7763=DIRECTION('',(0.,0.,1.));
#7764=DIRECTION('',(1.,0.,0.));
#7765=DIRECTION('',(-7.05314971674351E-15,0.707106781186548,0.707106781186548));
#7766=DIRECTION('',(0.,0.,1.));
#7767=DIRECTION('',(1.,0.,0.));
#7768=DIRECTION('',(0.707106781186548,0.,-0.707106781186548));
#7769=DIRECTION('',(-1.47787317270687E-16,-0.707106781186547,0.707106781186548));
#7770=DIRECTION('',(1.,-2.0900282843094E-16,0.));
#7771=DIRECTION('',(0.,0.707106781186548,0.707106781186548));
#7772=DIRECTION('',(0.707106781186548,0.,0.707106781186548));
#7773=DIRECTION('',(0.,1.,0.));
#7774=DIRECTION('',(0.707106781186548,-8.58644313342689E-15,-0.707106781186548));
#7775=DIRECTION('',(0.,0.,1.));
#7776=DIRECTION('',(1.,0.,0.));
#7777=DIRECTION('',(0.,0.,-1.));
#7778=DIRECTION('',(-1.,0.,0.));
#7779=DIRECTION('',(0.,0.707106781186552,0.707106781186543));
#7780=DIRECTION('',(0.707106781186548,0.,-0.707106781186548));
#7781=DIRECTION('',(-0.707106781186548,-8.056714176333E-17,-0.707106781186548));
#7782=DIRECTION('',(1.13939144563337E-16,-1.,0.));
#7783=DIRECTION('',(0.707106781186548,0.,-0.707106781186548));
#7784=DIRECTION('',(0.,-0.707106781186548,0.707106781186548));
#7785=DIRECTION('',(-1.,0.,0.));
#7786=DIRECTION('',(0.,0.707106781186548,0.707106781186548));
#7787=DIRECTION('',(0.,0.,-1.));
#7788=DIRECTION('',(-1.,0.,0.));
#7789=DIRECTION('',(0.,0.707106781186548,-0.707106781186548));
#7790=DIRECTION('',(0.,0.,-1.));
#7791=DIRECTION('',(-1.,0.,0.));
#7792=DIRECTION('',(0.70710678118655,0.,0.707106781186545));
#7793=DIRECTION('',(0.,-0.707106781186548,-0.707106781186548));
#7794=DIRECTION('',(1.,0.,0.));
#7795=DIRECTION('',(0.,0.707106781186548,-0.707106781186548));
#7796=DIRECTION('',(-0.707106781186548,-8.056714176333E-17,0.707106781186548));
#7797=DIRECTION('',(-1.13939144563337E-16,1.,0.));
#7798=DIRECTION('',(0.707106781186548,0.,0.707106781186548));
#7799=DIRECTION('',(0.,0.,-1.));
#7800=DIRECTION('',(-1.,0.,0.));
#7801=CARTESIAN_POINT('',(0.,0.,0.));
#7802=CARTESIAN_POINT('',(0.,0.002,0.0044));
#7803=CARTESIAN_POINT('',(-0.0228,0.05428,0.0044));
#7804=CARTESIAN_POINT('',(-0.019475,0.05428,0.0044));
#7805=CARTESIAN_POINT('',(-0.026125,0.05428,0.0044));
#7806=CARTESIAN_POINT('',(-0.026125,0.05288,0.0044));
#7807=CARTESIAN_POINT('',(-0.027525,0.05288,0.0044));
#7808=CARTESIAN_POINT('',(-0.027525,0.05248,0.0044));
#7809=CARTESIAN_POINT('',(-0.027525,0.05208,0.0044));
#7810=CARTESIAN_POINT('',(-0.026125,0.05208,0.0044));
#7811=CARTESIAN_POINT('',(-0.026125,0.05068,0.0044));
#7812=CARTESIAN_POINT('',(-0.0228,0.05068,0.0044));
#7813=CARTESIAN_POINT('',(-0.019475,0.05068,0.0044));
#7814=CARTESIAN_POINT('',(-0.019475,0.05208,0.0044));
#7815=CARTESIAN_POINT('',(-0.018075,0.05208,0.0044));
#7816=CARTESIAN_POINT('',(-0.018075,0.05248,0.0044));
#7817=CARTESIAN_POINT('',(-0.018075,0.05288,0.0044));
#7818=CARTESIAN_POINT('',(-0.019475,0.05288,0.0044));
#7819=CARTESIAN_POINT('',(-0.0228,-0.00172,0.0044));
#7820=CARTESIAN_POINT('',(-0.019475,-0.00172,0.0044));
#7821=CARTESIAN_POINT('',(-0.026125,-0.00171999999999998,0.0044));
#7822=CARTESIAN_POINT('',(-0.026125,-0.00312,0.0044));
#7823=CARTESIAN_POINT('',(-0.027525,-0.00312,0.0044));
#7824=CARTESIAN_POINT('',(-0.027525,-0.00352,0.0044));
#7825=CARTESIAN_POINT('',(-0.027525,-0.00392,0.0044));
#7826=CARTESIAN_POINT('',(-0.026125,-0.00392,0.0044));
#7827=CARTESIAN_POINT('',(-0.026125,-0.00532,0.0044));
#7828=CARTESIAN_POINT('',(-0.0228,-0.00532,0.0044));
#7829=CARTESIAN_POINT('',(-0.019475,-0.00532,0.0044));
#7830=CARTESIAN_POINT('',(-0.019475,-0.00392,0.0044));
#7831=CARTESIAN_POINT('',(-0.018075,-0.00392,0.0044));
#7832=CARTESIAN_POINT('',(-0.018075,-0.00352,0.0044));
#7833=CARTESIAN_POINT('',(-0.018075,-0.00312,0.0044));
#7834=CARTESIAN_POINT('',(-0.019475,-0.00312,0.0044));
#7835=CARTESIAN_POINT('',(0.0228,0.02628,0.0044));
#7836=CARTESIAN_POINT('',(0.026125,0.02628,0.0044));
#7837=CARTESIAN_POINT('',(0.019475,0.02628,0.0044));
#7838=CARTESIAN_POINT('',(0.019475,0.02488,0.0044));
#7839=CARTESIAN_POINT('',(0.018075,0.02488,0.0044));
#7840=CARTESIAN_POINT('',(0.018075,0.02448,0.0044));
#7841=CARTESIAN_POINT('',(0.018075,0.02408,0.0044));
#7842=CARTESIAN_POINT('',(0.019475,0.02408,0.0044));
#7843=CARTESIAN_POINT('',(0.019475,0.02268,0.0044));
#7844=CARTESIAN_POINT('',(0.0228,0.02268,0.0044));
#7845=CARTESIAN_POINT('',(0.026125,0.02268,0.0044));
#7846=CARTESIAN_POINT('',(0.026125,0.02408,0.0044));
#7847=CARTESIAN_POINT('',(0.027525,0.02408,0.0044));
#7848=CARTESIAN_POINT('',(0.027525,0.02448,0.0044));
#7849=CARTESIAN_POINT('',(0.027525,0.02488,0.0044));
#7850=CARTESIAN_POINT('',(0.026125,0.02488,0.0044));
#7851=CARTESIAN_POINT('',(-0.0228,-0.02972,0.0044));
#7852=CARTESIAN_POINT('',(-0.019475,-0.02972,0.0044));
#7853=CARTESIAN_POINT('',(-0.026125,-0.02972,0.0044));
#7854=CARTESIAN_POINT('',(-0.026125,-0.03112,0.0044));
#7855=CARTESIAN_POINT('',(-0.027525,-0.03112,0.0044));
#7856=CARTESIAN_POINT('',(-0.027525,-0.03152,0.0044));
#7857=CARTESIAN_POINT('',(-0.027525,-0.03192,0.0044));
#7858=CARTESIAN_POINT('',(-0.026125,-0.03192,0.0044));
#7859=CARTESIAN_POINT('',(-0.026125,-0.03332,0.0044));
#7860=CARTESIAN_POINT('',(-0.0228,-0.03332,0.0044));
#7861=CARTESIAN_POINT('',(-0.019475,-0.03332,0.0044));
#7862=CARTESIAN_POINT('',(-0.019475,-0.03192,0.0044));
#7863=CARTESIAN_POINT('',(-0.018075,-0.03192,0.0044));
#7864=CARTESIAN_POINT('',(-0.018075,-0.03152,0.0044));
#7865=CARTESIAN_POINT('',(-0.018075,-0.03112,0.0044));
#7866=CARTESIAN_POINT('',(-0.019475,-0.03112,0.0044));
#7867=CARTESIAN_POINT('',(-0.0023,-0.0284,0.0044));
#7868=CARTESIAN_POINT('',(-0.0038,-0.0284,0.0044));
#7869=CARTESIAN_POINT('',(-0.0023,-0.0269,0.0044));
#7870=CARTESIAN_POINT('',(-0.0038,-0.0334,0.0044));
#7871=CARTESIAN_POINT('',(-0.0038,-0.0384,0.0044));
#7872=CARTESIAN_POINT('',(-0.0023,-0.0384,0.0044));
#7873=CARTESIAN_POINT('',(-0.0023,-0.0399,0.0044));
#7874=CARTESIAN_POINT('',(8.67361737988404E-18,-0.0399,0.0044));
#7875=CARTESIAN_POINT('',(0.0023,-0.0399,0.0044));
#7876=CARTESIAN_POINT('',(0.0023,-0.0384,0.0044));
#7877=CARTESIAN_POINT('',(0.0038,-0.0384,0.0044));
#7878=CARTESIAN_POINT('',(0.0038,-0.0334,0.0044));
#7879=CARTESIAN_POINT('',(0.0038,-0.0284,0.0044));
#7880=CARTESIAN_POINT('',(0.0023,-0.0284,0.0044));
#7881=CARTESIAN_POINT('',(0.0023,-0.0269,0.0044));
#7882=CARTESIAN_POINT('',(8.67361737988404E-18,-0.0269,0.0044));
#7883=CARTESIAN_POINT('',(-0.0023,0.0276,0.0044));
#7884=CARTESIAN_POINT('',(-0.0038,0.0276,0.0044));
#7885=CARTESIAN_POINT('',(-0.0023,0.0291,0.0044));
#7886=CARTESIAN_POINT('',(-0.0038,0.0226,0.0044));
#7887=CARTESIAN_POINT('',(-0.0038,0.0176,0.0044));
#7888=CARTESIAN_POINT('',(-0.0023,0.0176,0.0044));
#7889=CARTESIAN_POINT('',(-0.0023,0.0161,0.0044));
#7890=CARTESIAN_POINT('',(5.4833213321106E-18,0.0161,0.0044));
#7891=CARTESIAN_POINT('',(0.0023,0.0161,0.0044));
#7892=CARTESIAN_POINT('',(0.0023,0.0176,0.0044));
#7893=CARTESIAN_POINT('',(0.0038,0.0176,0.0044));
#7894=CARTESIAN_POINT('',(0.0038,0.0226,0.0044));
#7895=CARTESIAN_POINT('',(0.0038,0.0276,0.0044));
#7896=CARTESIAN_POINT('',(0.0023,0.0276,0.0044));
#7897=CARTESIAN_POINT('',(0.0023,0.0291,0.0044));
#7898=CARTESIAN_POINT('',(5.4833213321106E-18,0.0291,0.0044));
#7899=CARTESIAN_POINT('',(0.01,-0.0525,0.0044));
#7900=CARTESIAN_POINT('',(0.0065,-0.0525,0.0044));
#7901=CARTESIAN_POINT('',(0.0135,-0.0525,0.0044));
#7902=CARTESIAN_POINT('',(0.0135,-0.05075,0.0044));
#7903=CARTESIAN_POINT('',(0.0135,-0.049,0.0044));
#7904=CARTESIAN_POINT('',(0.01,-0.049,0.0044));
#7905=CARTESIAN_POINT('',(0.0065,-0.049,0.0044));
#7906=CARTESIAN_POINT('',(0.0065,-0.05075,0.0044));
#7907=CARTESIAN_POINT('',(-0.035,-0.055,0.0044));
#7908=CARTESIAN_POINT('',(-0.03415,-0.055,0.0044));
#7909=CARTESIAN_POINT('',(0.035,-0.055,0.0044));
#7910=CARTESIAN_POINT('',(0.03585,-0.055,0.0044));
#7911=CARTESIAN_POINT('',(1.40946282423116E-18,-0.021,0.0044));
#7912=CARTESIAN_POINT('',(0.000850000000000001,-0.021,0.0044));
#7913=CARTESIAN_POINT('',(-1.95156391047391E-18,0.035,0.0044));
#7914=CARTESIAN_POINT('',(0.000849999999999998,0.035,0.0044));
#7915=CARTESIAN_POINT('',(0.04,0.064,0.0044));
#7916=CARTESIAN_POINT('',(0.04085,0.064,0.0044));
#7917=CARTESIAN_POINT('',(-0.04,0.064,0.0044));
#7918=CARTESIAN_POINT('',(-0.03915,0.064,0.0044));
#7919=CARTESIAN_POINT('',(0.,-0.0519,0.0044));
#7920=CARTESIAN_POINT('',(-0.005,-0.0519,0.0044));
#7921=CARTESIAN_POINT('',(0.005,-0.0519,0.0044));
#7922=CARTESIAN_POINT('',(-0.005,0.002,0.0044));
#7923=CARTESIAN_POINT('',(-0.005,-0.0613,0.0044));
#7924=CARTESIAN_POINT('',(6.93889390390723E-18,-0.0613,0.0044));
#7925=CARTESIAN_POINT('',(-0.00682842712474619,-0.0613,0.0044));
#7926=CARTESIAN_POINT('',(-0.00682842712474619,-0.0613,0.0044));
#7927=CARTESIAN_POINT('',(-0.00682842712474619,-0.0639,0.0044));
#7928=CARTESIAN_POINT('',(6.93889390390723E-18,-0.0639,0.0044));
#7929=CARTESIAN_POINT('',(-0.0398,-0.0639,0.0044));
#7930=CARTESIAN_POINT('',(-0.0398,-0.0589,0.0044));
#7931=CARTESIAN_POINT('',(-0.0448,-0.0589,0.0044));
#7932=CARTESIAN_POINT('',(-0.0448,0.002,0.0044));
#7933=CARTESIAN_POINT('',(-0.0448,0.0629,0.0044));
#7934=CARTESIAN_POINT('',(-0.0398,0.0629,0.0044));
#7935=CARTESIAN_POINT('',(-0.0398,0.0679,0.0044));
#7936=CARTESIAN_POINT('',(-6.93889390390723E-18,0.0679,0.0044));
#7937=CARTESIAN_POINT('',(0.0398,0.0679,0.0044));
#7938=CARTESIAN_POINT('',(0.0398,0.0629,0.0044));
#7939=CARTESIAN_POINT('',(0.0448,0.0629,0.0044));
#7940=CARTESIAN_POINT('',(0.0448,0.002,0.0044));
#7941=CARTESIAN_POINT('',(0.0448,-0.0589,0.0044));
#7942=CARTESIAN_POINT('',(0.0398,-0.0589,0.0044));
#7943=CARTESIAN_POINT('',(0.0398,-0.0639,0.0044));
#7944=CARTESIAN_POINT('',(6.93889390390723E-18,-0.0639,0.0044));
#7945=CARTESIAN_POINT('',(0.00682842712474619,-0.0639,0.0044));
#7946=CARTESIAN_POINT('',(0.00682842712474619,-0.0613,0.0044));
#7947=CARTESIAN_POINT('',(0.00682842712474619,-0.0613,0.0044));
#7948=CARTESIAN_POINT('',(6.93889390390723E-18,-0.0613,0.0044));
#7949=CARTESIAN_POINT('',(0.005,-0.0613,0.0044));
#7950=CARTESIAN_POINT('',(0.005,0.002,0.0044));
#7951=CARTESIAN_POINT('',(-0.017,-0.0565,0.0044));
#7952=CARTESIAN_POINT('',(-0.025,-0.0565,0.0044));
#7953=CARTESIAN_POINT('',(-0.009,-0.0565,0.0044));
#7954=CARTESIAN_POINT('',(-0.009,-0.0525,0.0044));
#7955=CARTESIAN_POINT('',(-0.009,-0.0485,0.0044));
#7956=CARTESIAN_POINT('',(-0.017,-0.0485,0.0044));
#7957=CARTESIAN_POINT('',(-0.025,-0.0485,0.0044));
#7958=CARTESIAN_POINT('',(-0.025,-0.0525,0.0044));
#7959=CARTESIAN_POINT('',(-0.0023,-0.0004,0.0044));
#7960=CARTESIAN_POINT('',(-0.0038,-0.0004,0.0044));
#7961=CARTESIAN_POINT('',(-0.0023,0.0011,0.0044));
#7962=CARTESIAN_POINT('',(-0.0038,-0.0054,0.0044));
#7963=CARTESIAN_POINT('',(-0.0038,-0.0104,0.0044));
#7964=CARTESIAN_POINT('',(-0.0023,-0.0104,0.0044));
#7965=CARTESIAN_POINT('',(-0.0023,-0.0119,0.0044));
#7966=CARTESIAN_POINT('',(7.07846935599732E-18,-0.0119,0.0044));
#7967=CARTESIAN_POINT('',(0.0023,-0.0119,0.0044));
#7968=CARTESIAN_POINT('',(0.0023,-0.0104,0.0044));
#7969=CARTESIAN_POINT('',(0.0038,-0.0104,0.0044));
#7970=CARTESIAN_POINT('',(0.0038,-0.0054,0.0044));
#7971=CARTESIAN_POINT('',(0.0038,-0.0004,0.0044));
#7972=CARTESIAN_POINT('',(0.0023,-0.0004,0.0044));
#7973=CARTESIAN_POINT('',(0.0023,0.0011,0.0044));
#7974=CARTESIAN_POINT('',(7.07846935599732E-18,0.0011,0.0044));
#7975=CARTESIAN_POINT('',(0.0023,0.0399,0.0044));
#7976=CARTESIAN_POINT('',(0.0038,0.0399,0.0044));
#7977=CARTESIAN_POINT('',(0.0023,0.0384,0.0044));
#7978=CARTESIAN_POINT('',(0.0038,0.05715,0.0044));
#7979=CARTESIAN_POINT('',(0.0038,0.0589,0.0044));
#7980=CARTESIAN_POINT('',(0.00305,0.05965,0.0044));
#7981=CARTESIAN_POINT('',(0.0023,0.0604,0.0044));
#7982=CARTESIAN_POINT('',(-2.60208521396521E-18,0.0604,0.0044));
#7983=CARTESIAN_POINT('',(-0.0023,0.0604,0.0044));
#7984=CARTESIAN_POINT('',(-0.00305,0.05965,0.0044));
#7985=CARTESIAN_POINT('',(-0.0038,0.0589,0.0044));
#7986=CARTESIAN_POINT('',(-0.0038,0.05715,0.0044));
#7987=CARTESIAN_POINT('',(-0.0038,0.0399,0.0044));
#7988=CARTESIAN_POINT('',(-0.0023,0.0399,0.0044));
#7989=CARTESIAN_POINT('',(-0.0023,0.0384,0.0044));
#7990=CARTESIAN_POINT('',(-4.77048955893622E-18,0.0384,0.0044));
#7991=CARTESIAN_POINT('',(0.0228,0.05428,0.0044));
#7992=CARTESIAN_POINT('',(0.026125,0.05428,0.0044));
#7993=CARTESIAN_POINT('',(0.019475,0.05428,0.0044));
#7994=CARTESIAN_POINT('',(0.019475,0.05288,0.0044));
#7995=CARTESIAN_POINT('',(0.018075,0.05288,0.0044));
#7996=CARTESIAN_POINT('',(0.018075,0.05248,0.0044));
#7997=CARTESIAN_POINT('',(0.018075,0.05208,0.0044));
#7998=CARTESIAN_POINT('',(0.019475,0.05208,0.0044));
#7999=CARTESIAN_POINT('',(0.019475,0.05068,0.0044));
#8000=CARTESIAN_POINT('',(0.0228,0.05068,0.0044));
#8001=CARTESIAN_POINT('',(0.026125,0.05068,0.0044));
#8002=CARTESIAN_POINT('',(0.026125,0.05208,0.0044));
#8003=CARTESIAN_POINT('',(0.027525,0.05208,0.0044));
#8004=CARTESIAN_POINT('',(0.027525,0.05248,0.0044));
#8005=CARTESIAN_POINT('',(0.027525,0.05288,0.0044));
#8006=CARTESIAN_POINT('',(0.026125,0.05288,0.0044));
#8007=CARTESIAN_POINT('',(0.0228,-0.00172,0.0044));
#8008=CARTESIAN_POINT('',(0.026125,-0.00172,0.0044));
#8009=CARTESIAN_POINT('',(0.019475,-0.00171999999999997,0.0044));
#8010=CARTESIAN_POINT('',(0.019475,-0.00312,0.0044));
#8011=CARTESIAN_POINT('',(0.018075,-0.00312,0.0044));
#8012=CARTESIAN_POINT('',(0.018075,-0.00352,0.0044));
#8013=CARTESIAN_POINT('',(0.018075,-0.00392,0.0044));
#8014=CARTESIAN_POINT('',(0.019475,-0.00392,0.0044));
#8015=CARTESIAN_POINT('',(0.019475,-0.00532,0.0044));
#8016=CARTESIAN_POINT('',(0.0228,-0.00532,0.0044));
#8017=CARTESIAN_POINT('',(0.026125,-0.00532,0.0044));
#8018=CARTESIAN_POINT('',(0.026125,-0.00392,0.0044));
#8019=CARTESIAN_POINT('',(0.027525,-0.00392,0.0044));
#8020=CARTESIAN_POINT('',(0.027525,-0.00352,0.0044));
#8021=CARTESIAN_POINT('',(0.027525,-0.00312,0.0044));
#8022=CARTESIAN_POINT('',(0.026125,-0.00312,0.0044));
#8023=CARTESIAN_POINT('',(-0.0228,0.02628,0.0044));
#8024=CARTESIAN_POINT('',(-0.019475,0.02628,0.0044));
#8025=CARTESIAN_POINT('',(-0.026125,0.02628,0.0044));
#8026=CARTESIAN_POINT('',(-0.026125,0.02488,0.0044));
#8027=CARTESIAN_POINT('',(-0.027525,0.02488,0.0044));
#8028=CARTESIAN_POINT('',(-0.027525,0.02448,0.0044));
#8029=CARTESIAN_POINT('',(-0.027525,0.02408,0.0044));
#8030=CARTESIAN_POINT('',(-0.026125,0.02408,0.0044));
#8031=CARTESIAN_POINT('',(-0.026125,0.02268,0.0044));
#8032=CARTESIAN_POINT('',(-0.0228,0.02268,0.0044));
#8033=CARTESIAN_POINT('',(-0.019475,0.02268,0.0044));
#8034=CARTESIAN_POINT('',(-0.019475,0.02408,0.0044));
#8035=CARTESIAN_POINT('',(-0.018075,0.02408,0.0044));
#8036=CARTESIAN_POINT('',(-0.018075,0.02448,0.0044));
#8037=CARTESIAN_POINT('',(-0.018075,0.02488,0.0044));
#8038=CARTESIAN_POINT('',(-0.019475,0.02488,0.0044));
#8039=CARTESIAN_POINT('',(0.0228,-0.02972,0.0044));
#8040=CARTESIAN_POINT('',(0.026125,-0.02972,0.0044));
#8041=CARTESIAN_POINT('',(0.019475,-0.02972,0.0044));
#8042=CARTESIAN_POINT('',(0.019475,-0.03112,0.0044));
#8043=CARTESIAN_POINT('',(0.018075,-0.03112,0.0044));
#8044=CARTESIAN_POINT('',(0.018075,-0.03152,0.0044));
#8045=CARTESIAN_POINT('',(0.018075,-0.03192,0.0044));
#8046=CARTESIAN_POINT('',(0.019475,-0.03192,0.0044));
#8047=CARTESIAN_POINT('',(0.019475,-0.03332,0.0044));
#8048=CARTESIAN_POINT('',(0.0228,-0.03332,0.0044));
#8049=CARTESIAN_POINT('',(0.026125,-0.03332,0.0044));
#8050=CARTESIAN_POINT('',(0.026125,-0.03192,0.0044));
#8051=CARTESIAN_POINT('',(0.027525,-0.03192,0.0044));
#8052=CARTESIAN_POINT('',(0.027525,-0.03152,0.0044));
#8053=CARTESIAN_POINT('',(0.027525,-0.03112,0.0044));
#8054=CARTESIAN_POINT('',(0.026125,-0.03112,0.0044));
#8055=CARTESIAN_POINT('',(0.,0.002,0.025));
#8056=CARTESIAN_POINT('',(0.,0.0669,0.025));
#8057=CARTESIAN_POINT('',(0.0398,0.0669,0.025));
#8058=CARTESIAN_POINT('',(-0.0398,0.0669,0.025));
#8059=CARTESIAN_POINT('',(-0.0398,0.0629,0.025));
#8060=CARTESIAN_POINT('',(-0.0438,0.0629,0.025));
#8061=CARTESIAN_POINT('',(-0.0438,-0.0589,0.025));
#8062=CARTESIAN_POINT('',(-0.0438,-0.0589,0.025));
#8063=CARTESIAN_POINT('',(-0.0398,-0.0589,0.025));
#8064=CARTESIAN_POINT('',(-0.0398,-0.0629,0.025));
#8065=CARTESIAN_POINT('',(0.0398,-0.0629,0.025));
#8066=CARTESIAN_POINT('',(0.0398,-0.0629,0.025));
#8067=CARTESIAN_POINT('',(0.0398,-0.0589,0.025));
#8068=CARTESIAN_POINT('',(0.0438,-0.0589,0.025));
#8069=CARTESIAN_POINT('',(0.0438,0.002,0.025));
#8070=CARTESIAN_POINT('',(0.0438,0.0629,0.025));
#8071=CARTESIAN_POINT('',(0.0398,0.0629,0.025));
#8072=CARTESIAN_POINT('',(0.0034,0.0586,0.025));
#8073=CARTESIAN_POINT('',(0.0034,0.0394,0.025));
#8074=CARTESIAN_POINT('',(0.0034,0.0586,0.025));
#8075=CARTESIAN_POINT('',(0.0062,0.0586,0.025));
#8076=CARTESIAN_POINT('',(0.0062,0.0614,0.025));
#8077=CARTESIAN_POINT('',(0.0394,0.0614,0.025));
#8078=CARTESIAN_POINT('',(0.0394,0.0614,0.025));
#8079=CARTESIAN_POINT('',(0.0394,0.0586,0.025));
#8080=CARTESIAN_POINT('',(0.0422,0.0586,0.025));
#8081=CARTESIAN_POINT('',(0.0422,0.002,0.025));
#8082=CARTESIAN_POINT('',(0.0422,0.0394,0.025));
#8083=CARTESIAN_POINT('',(0.0394,0.0394,0.025));
#8084=CARTESIAN_POINT('',(0.0394,0.0366,0.025));
#8085=CARTESIAN_POINT('',(7.23149786371055E-18,0.0366,0.025));
#8086=CARTESIAN_POINT('',(0.0062,0.0366,0.025));
#8087=CARTESIAN_POINT('',(0.0062,0.0394,0.025));
#8088=CARTESIAN_POINT('',(0.0034,0.0306,0.025));
#8089=CARTESIAN_POINT('',(0.0034,0.0114,0.025));
#8090=CARTESIAN_POINT('',(0.0034,0.0306,0.025));
#8091=CARTESIAN_POINT('',(0.0062,0.0306,0.025));
#8092=CARTESIAN_POINT('',(0.0062,0.0334,0.025));
#8093=CARTESIAN_POINT('',(0.0394,0.0334,0.025));
#8094=CARTESIAN_POINT('',(0.0394,0.0334,0.025));
#8095=CARTESIAN_POINT('',(0.0394,0.0306,0.025));
#8096=CARTESIAN_POINT('',(0.0422,0.0306,0.025));
#8097=CARTESIAN_POINT('',(0.0422,0.002,0.025));
#8098=CARTESIAN_POINT('',(0.0422,0.0114,0.025));
#8099=CARTESIAN_POINT('',(0.0394,0.0114,0.025));
#8100=CARTESIAN_POINT('',(0.0394,0.0086,0.025));
#8101=CARTESIAN_POINT('',(1.37941866764421E-18,0.0086,0.025));
#8102=CARTESIAN_POINT('',(0.0062,0.0086,0.025));
#8103=CARTESIAN_POINT('',(0.0062,0.0114,0.025));
#8104=CARTESIAN_POINT('',(0.0034,0.0026,0.025));
#8105=CARTESIAN_POINT('',(0.0034,-0.0166,0.025));
#8106=CARTESIAN_POINT('',(0.0034,0.00260000000000004,0.025));
#8107=CARTESIAN_POINT('',(0.0062,0.0026,0.025));
#8108=CARTESIAN_POINT('',(0.0062,0.0054,0.025));
#8109=CARTESIAN_POINT('',(0.0394,0.0054,0.025));
#8110=CARTESIAN_POINT('',(0.0394,0.0054,0.025));
#8111=CARTESIAN_POINT('',(0.0394,0.0026,0.025));
#8112=CARTESIAN_POINT('',(0.0422,0.0026,0.025));
#8113=CARTESIAN_POINT('',(0.0422,0.002,0.025));
#8114=CARTESIAN_POINT('',(0.0422,-0.0166,0.025));
#8115=CARTESIAN_POINT('',(0.0394,-0.0166,0.025));
#8116=CARTESIAN_POINT('',(0.0394,-0.0194,0.025));
#8117=CARTESIAN_POINT('',(-4.47266052842212E-18,-0.0194,0.025));
#8118=CARTESIAN_POINT('',(0.0062,-0.0194,0.025));
#8119=CARTESIAN_POINT('',(0.0062,-0.0166,0.025));
#8120=CARTESIAN_POINT('',(0.0034,-0.0254,0.025));
#8121=CARTESIAN_POINT('',(0.0034,-0.0446,0.025));
#8122=CARTESIAN_POINT('',(0.0034,-0.0254,0.025));
#8123=CARTESIAN_POINT('',(0.0062,-0.0254,0.025));
#8124=CARTESIAN_POINT('',(0.0062,-0.0226,0.025));
#8125=CARTESIAN_POINT('',(0.0394,-0.0226,0.025));
#8126=CARTESIAN_POINT('',(0.0394,-0.0226,0.025));
#8127=CARTESIAN_POINT('',(0.0394,-0.0254,0.025));
#8128=CARTESIAN_POINT('',(0.0422,-0.0254,0.025));
#8129=CARTESIAN_POINT('',(0.0422,0.002,0.025));
#8130=CARTESIAN_POINT('',(0.0422,-0.0446,0.025));
#8131=CARTESIAN_POINT('',(0.0394,-0.0446,0.025));
#8132=CARTESIAN_POINT('',(0.0394,-0.0474,0.025));
#8133=CARTESIAN_POINT('',(-1.03247397244885E-17,-0.0474,0.025));
#8134=CARTESIAN_POINT('',(0.0062,-0.0474,0.025));
#8135=CARTESIAN_POINT('',(0.0062,-0.0446,0.025));
#8136=CARTESIAN_POINT('',(-0.0422,0.0586,0.025));
#8137=CARTESIAN_POINT('',(-0.0422,0.0394,0.025));
#8138=CARTESIAN_POINT('',(-0.0422,0.0586,0.025));
#8139=CARTESIAN_POINT('',(-0.0394,0.0586,0.025));
#8140=CARTESIAN_POINT('',(-0.0394,0.0614,0.025));
#8141=CARTESIAN_POINT('',(-0.0062,0.0614,0.025));
#8142=CARTESIAN_POINT('',(-0.0062,0.0614,0.025));
#8143=CARTESIAN_POINT('',(-0.0062,0.0586,0.025));
#8144=CARTESIAN_POINT('',(-0.0034,0.0586,0.025));
#8145=CARTESIAN_POINT('',(-0.0034,0.002,0.025));
#8146=CARTESIAN_POINT('',(-0.0034,0.0394,0.025));
#8147=CARTESIAN_POINT('',(-0.0062,0.0394,0.025));
#8148=CARTESIAN_POINT('',(-0.0062,0.0366,0.025));
#8149=CARTESIAN_POINT('',(7.23149786371055E-18,0.0366,0.025));
#8150=CARTESIAN_POINT('',(-0.0394,0.0366,0.025));
#8151=CARTESIAN_POINT('',(-0.0394,0.0394,0.025));
#8152=CARTESIAN_POINT('',(-0.0422,0.0306,0.025));
#8153=CARTESIAN_POINT('',(-0.0422,0.0114,0.025));
#8154=CARTESIAN_POINT('',(-0.0422,0.0306,0.025));
#8155=CARTESIAN_POINT('',(-0.0394,0.0306,0.025));
#8156=CARTESIAN_POINT('',(-0.0394,0.0334,0.025));
#8157=CARTESIAN_POINT('',(-0.0062,0.0334,0.025));
#8158=CARTESIAN_POINT('',(-0.0062,0.0334,0.025));
#8159=CARTESIAN_POINT('',(-0.0062,0.0306,0.025));
#8160=CARTESIAN_POINT('',(-0.0034,0.0306,0.025));
#8161=CARTESIAN_POINT('',(-0.0034,0.002,0.025));
#8162=CARTESIAN_POINT('',(-0.0034,0.0114,0.025));
#8163=CARTESIAN_POINT('',(-0.0062,0.0114,0.025));
#8164=CARTESIAN_POINT('',(-0.0062,0.0086,0.025));
#8165=CARTESIAN_POINT('',(1.37941866764421E-18,0.0086,0.025));
#8166=CARTESIAN_POINT('',(-0.0394,0.0086,0.025));
#8167=CARTESIAN_POINT('',(-0.0394,0.0114,0.025));
#8168=CARTESIAN_POINT('',(-0.0422,0.0026,0.025));
#8169=CARTESIAN_POINT('',(-0.0422,-0.0166,0.025));
#8170=CARTESIAN_POINT('',(-0.0422,0.00260000000000004,0.025));
#8171=CARTESIAN_POINT('',(-0.0394,0.0026,0.025));
#8172=CARTESIAN_POINT('',(-0.0394,0.0054,0.025));
#8173=CARTESIAN_POINT('',(-0.0062,0.0054,0.025));
#8174=CARTESIAN_POINT('',(-0.0062,0.0054,0.025));
#8175=CARTESIAN_POINT('',(-0.0062,0.0026,0.025));
#8176=CARTESIAN_POINT('',(-0.0034,0.0026,0.025));
#8177=CARTESIAN_POINT('',(-0.0034,0.002,0.025));
#8178=CARTESIAN_POINT('',(-0.0034,-0.0166,0.025));
#8179=CARTESIAN_POINT('',(-0.0062,-0.0166,0.025));
#8180=CARTESIAN_POINT('',(-0.0062,-0.0194,0.025));
#8181=CARTESIAN_POINT('',(-4.47266052842213E-18,-0.0194,0.025));
#8182=CARTESIAN_POINT('',(-0.0394,-0.0194,0.025));
#8183=CARTESIAN_POINT('',(-0.0394,-0.0166,0.025));
#8184=CARTESIAN_POINT('',(-0.0422,-0.0254,0.025));
#8185=CARTESIAN_POINT('',(-0.0422,-0.0446,0.025));
#8186=CARTESIAN_POINT('',(-0.0422,-0.0254,0.025));
#8187=CARTESIAN_POINT('',(-0.0394,-0.0254,0.025));
#8188=CARTESIAN_POINT('',(-0.0394,-0.0226,0.025));
#8189=CARTESIAN_POINT('',(-0.0062,-0.0226,0.025));
#8190=CARTESIAN_POINT('',(-0.0062,-0.0226,0.025));
#8191=CARTESIAN_POINT('',(-0.0062,-0.0254,0.025));
#8192=CARTESIAN_POINT('',(-0.0034,-0.0254,0.025));
#8193=CARTESIAN_POINT('',(-0.0034,0.002,0.025));
#8194=CARTESIAN_POINT('',(-0.0034,-0.0446,0.025));
#8195=CARTESIAN_POINT('',(-0.0062,-0.0446,0.025));
#8196=CARTESIAN_POINT('',(-0.0062,-0.0474,0.025));
#8197=CARTESIAN_POINT('',(-1.03247397244885E-17,-0.0474,0.025));
#8198=CARTESIAN_POINT('',(-0.0394,-0.0474,0.025));
#8199=CARTESIAN_POINT('',(-0.0394,-0.0446,0.025));
#8200=CARTESIAN_POINT('',(-0.0023,0.0399,0.0099));
#8201=CARTESIAN_POINT('',(-0.0023,0.0399,0.0099));
#8202=CARTESIAN_POINT('',(-0.0023,0.0399,0.0114));
#8203=CARTESIAN_POINT('',(-0.0038,0.0399,0.0099));
#8204=CARTESIAN_POINT('',(-0.0023,0.0399,0.0099));
#8205=CARTESIAN_POINT('',(-0.0023,0.0384,0.0099));
#8206=CARTESIAN_POINT('',(-0.0023,0.0399,0.0099));
#8207=CARTESIAN_POINT('',(0.,0.0399,0.0099));
#8208=CARTESIAN_POINT('',(0.,0.0399,0.0114));
#8209=CARTESIAN_POINT('',(0.0023,0.0399,0.0114));
#8210=CARTESIAN_POINT('',(0.0023,0.0399,0.0099));
#8211=CARTESIAN_POINT('',(0.0023,0.0384,0.0099));
#8212=CARTESIAN_POINT('',(0.,0.0384,0.0099));
#8213=CARTESIAN_POINT('',(0.0023,0.0399,0.0099));
#8214=CARTESIAN_POINT('',(0.0023,0.0399,0.0099));
#8215=CARTESIAN_POINT('',(0.0038,0.0399,0.0099));
#8216=CARTESIAN_POINT('',(0.0023,0.0399,0.0099));
#8217=CARTESIAN_POINT('',(0.0023,0.002,0.0099));
#8218=CARTESIAN_POINT('',(0.0023,0.002,0.0114));
#8219=CARTESIAN_POINT('',(0.0023,0.0554,0.0114));
#8220=CARTESIAN_POINT('',(0.0023,0.0554,0.0099));
#8221=CARTESIAN_POINT('',(0.0038,0.0554,0.0099));
#8222=CARTESIAN_POINT('',(0.0038,0.05715,0.0099));
#8223=CARTESIAN_POINT('',(-0.0023,0.002,0.0099));
#8224=CARTESIAN_POINT('',(-0.0023,0.002,0.0114));
#8225=CARTESIAN_POINT('',(-0.0023,0.0554,0.0114));
#8226=CARTESIAN_POINT('',(-0.0038,0.002,0.0099));
#8227=CARTESIAN_POINT('',(-0.0038,0.0554,0.0099));
#8228=CARTESIAN_POINT('',(-0.0023,0.0554,0.0099));
#8229=CARTESIAN_POINT('',(6.93889390390723E-18,-0.0639,0.025));
#8230=CARTESIAN_POINT('',(0.0398,-0.0639,0.025));
#8231=CARTESIAN_POINT('',(0.0398,-0.0639,0.024));
#8232=CARTESIAN_POINT('',(-0.0398,-0.0639,0.024));
#8233=CARTESIAN_POINT('',(-0.0398,-0.0639,0.024));
#8234=CARTESIAN_POINT('',(-0.0398,-0.0639,0.025));
#8235=CARTESIAN_POINT('',(-0.004,-0.0639,0.0054));
#8236=CARTESIAN_POINT('',(-0.007,-0.0639,0.0054));
#8237=CARTESIAN_POINT('',(-0.007,-0.0639,0.0064));
#8238=CARTESIAN_POINT('',(-0.007,-0.0639,0.0074));
#8239=CARTESIAN_POINT('',(-0.004,-0.0639,0.0074));
#8240=CARTESIAN_POINT('',(-0.004,-0.0639,0.0104));
#8241=CARTESIAN_POINT('',(1.7347234759768E-18,-0.0639,0.0104));
#8242=CARTESIAN_POINT('',(0.004,-0.0639,0.0104));
#8243=CARTESIAN_POINT('',(0.004,-0.0639,0.0074));
#8244=CARTESIAN_POINT('',(0.007,-0.0639,0.0074));
#8245=CARTESIAN_POINT('',(0.007,-0.0639,0.0064));
#8246=CARTESIAN_POINT('',(0.007,-0.0639,0.0054));
#8247=CARTESIAN_POINT('',(0.004,-0.0639,0.0054));
#8248=CARTESIAN_POINT('',(0.0398,-0.0589,0.025));
#8249=CARTESIAN_POINT('',(0.0448,-0.0589,0.025));
#8250=CARTESIAN_POINT('',(0.0448,-0.0589,0.024));
#8251=CARTESIAN_POINT('',(0.0398,-0.0589,0.024));
#8252=CARTESIAN_POINT('',(0.0448,0.002,0.025));
#8253=CARTESIAN_POINT('',(0.0448,0.0629,0.025));
#8254=CARTESIAN_POINT('',(0.0448,0.0629,0.024));
#8255=CARTESIAN_POINT('',(0.0448,0.002,0.024));
#8256=CARTESIAN_POINT('',(0.0398,0.0629,0.025));
#8257=CARTESIAN_POINT('',(0.0398,0.0679,0.025));
#8258=CARTESIAN_POINT('',(0.0398,0.0679,0.024));
#8259=CARTESIAN_POINT('',(0.0398,0.0629,0.024));
#8260=CARTESIAN_POINT('',(-6.93889390390723E-18,0.0679,0.025));
#8261=CARTESIAN_POINT('',(-0.0398,0.0679,0.025));
#8262=CARTESIAN_POINT('',(-0.0398,0.0679,0.024));
#8263=CARTESIAN_POINT('',(-6.93889390390723E-18,0.0679,0.024));
#8264=CARTESIAN_POINT('',(-0.0398,0.0629,0.025));
#8265=CARTESIAN_POINT('',(-0.0448,0.0629,0.025));
#8266=CARTESIAN_POINT('',(-0.0448,0.0629,0.024));
#8267=CARTESIAN_POINT('',(-0.0398,0.0629,0.024));
#8268=CARTESIAN_POINT('',(-0.0448,0.002,0.025));
#8269=CARTESIAN_POINT('',(-0.0448,-0.0589,0.025));
#8270=CARTESIAN_POINT('',(-0.0448,-0.0589,0.024));
#8271=CARTESIAN_POINT('',(-0.0448,0.0629,0.024));
#8272=CARTESIAN_POINT('',(-0.0398,-0.0589,0.025));
#8273=CARTESIAN_POINT('',(-0.0398,-0.0589,0.024));
#8274=CARTESIAN_POINT('',(-0.035,-0.055,0.01));
#8275=CARTESIAN_POINT('',(-0.035,-0.055,0.01));
#8276=CARTESIAN_POINT('',(-0.03415,-0.055,0.01));
#8277=CARTESIAN_POINT('',(-6.93889390390723E-18,0.0045,0.01));
#8278=CARTESIAN_POINT('',(0.035,-0.055,0.01));
#8279=CARTESIAN_POINT('',(0.035,-0.055,0.01));
#8280=CARTESIAN_POINT('',(0.03585,-0.055,0.01));
#8281=CARTESIAN_POINT('',(-6.93889390390723E-18,0.0045,0.01));
#8282=CARTESIAN_POINT('',(1.40946282423116E-18,-0.021,0.01));
#8283=CARTESIAN_POINT('',(1.40946282423116E-18,-0.021,0.01));
#8284=CARTESIAN_POINT('',(0.000850000000000001,-0.021,0.01));
#8285=CARTESIAN_POINT('',(-6.93889390390723E-18,0.0045,0.01));
#8286=CARTESIAN_POINT('',(-1.95156391047391E-18,0.035,0.01));
#8287=CARTESIAN_POINT('',(-1.95156391047391E-18,0.035,0.01));
#8288=CARTESIAN_POINT('',(0.000849999999999998,0.035,0.01));
#8289=CARTESIAN_POINT('',(-6.93889390390723E-18,0.0045,0.01));
#8290=CARTESIAN_POINT('',(0.04,0.064,0.01));
#8291=CARTESIAN_POINT('',(0.04,0.064,0.01));
#8292=CARTESIAN_POINT('',(0.04085,0.064,0.01));
#8293=CARTESIAN_POINT('',(-6.93889390390723E-18,0.0045,0.01));
#8294=CARTESIAN_POINT('',(-0.04,0.064,0.01));
#8295=CARTESIAN_POINT('',(-0.04,0.064,0.01));
#8296=CARTESIAN_POINT('',(-0.03915,0.064,0.01));
#8297=CARTESIAN_POINT('',(-6.93889390390723E-18,0.0045,0.01));
#8298=CARTESIAN_POINT('',(0.004,-0.0613,0.0054));
#8299=CARTESIAN_POINT('',(0.007,-0.0613,0.0054));
#8300=CARTESIAN_POINT('',(0.007,-0.0613,0.0054));
#8301=CARTESIAN_POINT('',(0.004,-0.0613,0.0054));
#8302=CARTESIAN_POINT('',(0.007,-0.0613,0.0064));
#8303=CARTESIAN_POINT('',(0.007,-0.0613,0.0074));
#8304=CARTESIAN_POINT('',(0.007,-0.0613,0.0074));
#8305=CARTESIAN_POINT('',(0.007,-0.0613,0.0064));
#8306=CARTESIAN_POINT('',(0.004,-0.0613,0.0074));
#8307=CARTESIAN_POINT('',(0.004,-0.0613,0.0104));
#8308=CARTESIAN_POINT('',(0.004,-0.0613,0.0104));
#8309=CARTESIAN_POINT('',(0.004,-0.0613,0.0074));
#8310=CARTESIAN_POINT('',(1.7347234759768E-18,-0.0613,0.0104));
#8311=CARTESIAN_POINT('',(-0.004,-0.0613,0.0104));
#8312=CARTESIAN_POINT('',(-0.004,-0.0613,0.0104));
#8313=CARTESIAN_POINT('',(1.7347234759768E-18,-0.0613,0.0104));
#8314=CARTESIAN_POINT('',(-0.004,-0.0613,0.0074));
#8315=CARTESIAN_POINT('',(-0.007,-0.0613,0.0074));
#8316=CARTESIAN_POINT('',(-0.007,-0.0613,0.0074));
#8317=CARTESIAN_POINT('',(-0.004,-0.0613,0.0074));
#8318=CARTESIAN_POINT('',(-0.007,-0.0613,0.0064));
#8319=CARTESIAN_POINT('',(-0.007,-0.0613,0.0054));
#8320=CARTESIAN_POINT('',(-0.007,-0.0613,0.0054));
#8321=CARTESIAN_POINT('',(-0.007,-0.0613,0.0064));
#8322=CARTESIAN_POINT('',(-0.004,-0.0613,0.0054));
#8323=CARTESIAN_POINT('',(-0.004,-0.0613,0.0054));
#8324=CARTESIAN_POINT('',(6.93889390390723E-18,-0.0613,0.0052));
#8325=CARTESIAN_POINT('',(-0.005,-0.0613,0.0052));
#8326=CARTESIAN_POINT('',(-0.005,-0.0613,0.0074));
#8327=CARTESIAN_POINT('',(-0.0036,-0.0613,0.0088));
#8328=CARTESIAN_POINT('',(-0.004,-0.0613,0.0084));
#8329=CARTESIAN_POINT('',(6.93889390390723E-18,-0.0613,0.0084));
#8330=CARTESIAN_POINT('',(0.004,-0.0613,0.0084));
#8331=CARTESIAN_POINT('',(0.0036,-0.0613,0.0088));
#8332=CARTESIAN_POINT('',(0.005,-0.0613,0.0074));
#8333=CARTESIAN_POINT('',(0.005,-0.0613,0.0052));
#8334=CARTESIAN_POINT('',(1.7347234759768E-18,-0.0519,0.00725));
#8335=CARTESIAN_POINT('',(0.005,-0.0519,0.0046));
#8336=CARTESIAN_POINT('',(0.005,-0.0519,0.0074));
#8337=CARTESIAN_POINT('',(0.0045,-0.0519,0.0079));
#8338=CARTESIAN_POINT('',(0.004,-0.0519,0.0084));
#8339=CARTESIAN_POINT('',(-8.67361737988404E-19,-0.0519,0.0084));
#8340=CARTESIAN_POINT('',(-0.004,-0.0519,0.0084));
#8341=CARTESIAN_POINT('',(-0.0045,-0.0519,0.0079));
#8342=CARTESIAN_POINT('',(-0.005,-0.0519,0.0074));
#8343=CARTESIAN_POINT('',(-0.005,-0.0519,0.0046));
#8344=CARTESIAN_POINT('',(-0.005,-0.0519,0.0046));
#8345=CARTESIAN_POINT('',(-0.005,-0.0519,0.0074));
#8346=CARTESIAN_POINT('',(0.005,-0.0519,0.0046));
#8347=CARTESIAN_POINT('',(0.005,-0.0519,0.0074));
#8348=CARTESIAN_POINT('',(0.0045,-0.0519,0.0079));
#8349=CARTESIAN_POINT('',(0.004,-0.0519,0.0084));
#8350=CARTESIAN_POINT('',(-8.67361737988404E-19,-0.0519,0.0084));
#8351=CARTESIAN_POINT('',(-0.004,-0.0519,0.0084));
#8352=CARTESIAN_POINT('',(-0.0045,-0.0519,0.0079));
#8353=CARTESIAN_POINT('',(-0.0038,0.05715,0.0084));
#8354=CARTESIAN_POINT('',(-0.0038,0.05715,0.0084));
#8355=CARTESIAN_POINT('',(-0.0038,0.0589,0.0084));
#8356=CARTESIAN_POINT('',(-0.0038,0.0569,0.0084));
#8357=CARTESIAN_POINT('',(-0.0038,0.0554,0.0099));
#8358=CARTESIAN_POINT('',(-0.0038,0.0399,0.0114));
#8359=CARTESIAN_POINT('',(-0.0038,0.0589,0.0084));
#8360=CARTESIAN_POINT('',(-0.00305,0.05965,0.0084));
#8361=CARTESIAN_POINT('',(-0.0023,0.0604,0.0084));
#8362=CARTESIAN_POINT('',(-0.0023,0.0604,0.0084));
#8363=CARTESIAN_POINT('',(-0.00305,0.05965,0.0084));
#8364=CARTESIAN_POINT('',(-2.60208521396521E-18,0.0604,0.0084));
#8365=CARTESIAN_POINT('',(-2.60208521396521E-18,0.0604,0.0064));
#8366=CARTESIAN_POINT('',(-2.60208521396521E-18,0.0604,0.0046));
#8367=CARTESIAN_POINT('',(0.0023,0.0604,0.0084));
#8368=CARTESIAN_POINT('',(0.0023,0.0604,0.0084));
#8369=CARTESIAN_POINT('',(-2.60208521396521E-18,0.0604,0.0084));
#8370=CARTESIAN_POINT('',(0.00305,0.05965,0.0084));
#8371=CARTESIAN_POINT('',(0.0038,0.0589,0.0084));
#8372=CARTESIAN_POINT('',(0.0038,0.0589,0.0084));
#8373=CARTESIAN_POINT('',(0.00305,0.05965,0.0084));
#8374=CARTESIAN_POINT('',(0.0038,0.05715,0.0084));
#8375=CARTESIAN_POINT('',(0.0038,0.0399,0.0114));
#8376=CARTESIAN_POINT('',(0.0038,0.057025,0.008275));
#8377=CARTESIAN_POINT('',(0.0038,0.0569,0.0084));
#8378=CARTESIAN_POINT('',(0.0038,0.05715,0.0084));
#8379=CARTESIAN_POINT('',(0.,0.002,0.0084));
#8380=CARTESIAN_POINT('',(-0.0038,0.0569,0.0084));
#8381=CARTESIAN_POINT('',(0.01,-0.0525,0.0084));
#8382=CARTESIAN_POINT('',(0.0065,-0.0525,0.0084));
#8383=CARTESIAN_POINT('',(0.0065,-0.0525,0.0084));
#8384=CARTESIAN_POINT('',(0.01,-0.0525,0.0084));
#8385=CARTESIAN_POINT('',(0.0135,-0.0525,0.0084));
#8386=CARTESIAN_POINT('',(0.0135,-0.0525,0.0084));
#8387=CARTESIAN_POINT('',(0.0065,-0.05075,0.0084));
#8388=CARTESIAN_POINT('',(0.0065,-0.049,0.0084));
#8389=CARTESIAN_POINT('',(0.0065,-0.049,0.0084));
#8390=CARTESIAN_POINT('',(0.0065,-0.05075,0.0084));
#8391=CARTESIAN_POINT('',(0.01,-0.049,0.0084));
#8392=CARTESIAN_POINT('',(0.0135,-0.049,0.0084));
#8393=CARTESIAN_POINT('',(0.0135,-0.049,0.0084));
#8394=CARTESIAN_POINT('',(0.01,-0.049,0.0084));
#8395=CARTESIAN_POINT('',(0.0135,-0.05075,0.0084));
#8396=CARTESIAN_POINT('',(0.0135,-0.05075,0.0084));
#8397=CARTESIAN_POINT('',(0.,0.002,0.0084));
#8398=CARTESIAN_POINT('',(-0.017,-0.0565,0.0084));
#8399=CARTESIAN_POINT('',(-0.025,-0.0565,0.0084));
#8400=CARTESIAN_POINT('',(-0.025,-0.0565,0.0084));
#8401=CARTESIAN_POINT('',(-0.017,-0.0565,0.0084));
#8402=CARTESIAN_POINT('',(-0.009,-0.0565,0.0084));
#8403=CARTESIAN_POINT('',(-0.009,-0.0565,0.0084));
#8404=CARTESIAN_POINT('',(-0.025,-0.0525,0.0084));
#8405=CARTESIAN_POINT('',(-0.025,-0.0485,0.0084));
#8406=CARTESIAN_POINT('',(-0.025,-0.0485,0.0084));
#8407=CARTESIAN_POINT('',(-0.025,-0.0525,0.0084));
#8408=CARTESIAN_POINT('',(-0.017,-0.0485,0.0084));
#8409=CARTESIAN_POINT('',(-0.009,-0.0485,0.0084));
#8410=CARTESIAN_POINT('',(-0.009,-0.0485,0.0084));
#8411=CARTESIAN_POINT('',(-0.017,-0.0485,0.0084));
#8412=CARTESIAN_POINT('',(-0.009,-0.0525,0.0084));
#8413=CARTESIAN_POINT('',(-0.009,-0.0525,0.0084));
#8414=CARTESIAN_POINT('',(0.,0.002,0.0084));
#8415=CARTESIAN_POINT('',(5.4833213321106E-18,0.0161,0.0114));
#8416=CARTESIAN_POINT('',(5.4833213321106E-18,0.0161,0.0099));
#8417=CARTESIAN_POINT('',(0.0023,0.0161,0.0099));
#8418=CARTESIAN_POINT('',(-0.0023,0.0161,0.0099));
#8419=CARTESIAN_POINT('',(0.0023,0.0161,0.0114));
#8420=CARTESIAN_POINT('',(-0.0023,0.0161,0.0044));
#8421=CARTESIAN_POINT('',(-0.0038,0.0226,0.0114));
#8422=CARTESIAN_POINT('',(-0.0038,0.0276,0.0114));
#8423=CARTESIAN_POINT('',(-0.0038,0.0276,0.0099));
#8424=CARTESIAN_POINT('',(-0.0038,0.0291,0.0099));
#8425=CARTESIAN_POINT('',(-0.0038,0.0176,0.0099));
#8426=CARTESIAN_POINT('',(-0.0038,0.0176,0.0114));
#8427=CARTESIAN_POINT('',(5.4833213321106E-18,0.0291,0.0114));
#8428=CARTESIAN_POINT('',(0.0023,0.0291,0.0044));
#8429=CARTESIAN_POINT('',(0.0023,0.0291,0.0099));
#8430=CARTESIAN_POINT('',(0.0038,0.0291,0.0099));
#8431=CARTESIAN_POINT('',(-0.0023,0.0291,0.0099));
#8432=CARTESIAN_POINT('',(-0.0023,0.0291,0.0114));
#8433=CARTESIAN_POINT('',(0.0038,0.0226,0.0114));
#8434=CARTESIAN_POINT('',(0.0038,0.0176,0.0114));
#8435=CARTESIAN_POINT('',(0.0038,0.0176,0.0099));
#8436=CARTESIAN_POINT('',(0.0038,0.0226,0.0099));
#8437=CARTESIAN_POINT('',(0.0038,0.0276,0.0099));
#8438=CARTESIAN_POINT('',(0.0038,0.0276,0.0114));
#8439=CARTESIAN_POINT('',(-3.19029604777344E-18,0.058,0.0114));
#8440=CARTESIAN_POINT('',(0.0023,0.058,0.0114));
#8441=CARTESIAN_POINT('',(0.0023,0.0176,0.0114));
#8442=CARTESIAN_POINT('',(0.0023,0.0276,0.0114));
#8443=CARTESIAN_POINT('',(-3.19029604777344E-18,0.0176,0.0114));
#8444=CARTESIAN_POINT('',(-0.0023,0.0176,0.0114));
#8445=CARTESIAN_POINT('',(-0.0023,0.0161,0.0114));
#8446=CARTESIAN_POINT('',(-0.0023,0.0276,0.0114));
#8447=CARTESIAN_POINT('',(-0.0038,0.0276,0.0114));
#8448=CARTESIAN_POINT('',(-0.0023,0.0176,0.0114));
#8449=CARTESIAN_POINT('',(-0.0023,0.0176,0.0099));
#8450=CARTESIAN_POINT('',(-0.0023,0.0226,0.0099));
#8451=CARTESIAN_POINT('',(-0.0023,0.0276,0.0099));
#8452=CARTESIAN_POINT('',(-0.0023,0.0176,0.0099));
#8453=CARTESIAN_POINT('',(-0.0023,0.0276,0.0114));
#8454=CARTESIAN_POINT('',(-0.0023,0.0276,0.0099));
#8455=CARTESIAN_POINT('',(-0.0023,0.0176,0.0099));
#8456=CARTESIAN_POINT('',(-0.0023,0.0176,0.0099));
#8457=CARTESIAN_POINT('',(-0.0023,0.0276,0.0099));
#8458=CARTESIAN_POINT('',(-0.0023,0.0276,0.0099));
#8459=CARTESIAN_POINT('',(0.0023,0.0176,0.0114));
#8460=CARTESIAN_POINT('',(0.0023,0.0176,0.0099));
#8461=CARTESIAN_POINT('',(-3.19029604777344E-18,0.0176,0.0099));
#8462=CARTESIAN_POINT('',(0.0023,0.0176,0.0099));
#8463=CARTESIAN_POINT('',(5.4833213321106E-18,0.0276,0.0099));
#8464=CARTESIAN_POINT('',(0.0023,0.0276,0.0099));
#8465=CARTESIAN_POINT('',(0.0023,0.0276,0.0114));
#8466=CARTESIAN_POINT('',(0.0023,0.0276,0.0099));
#8467=CARTESIAN_POINT('',(0.0023,0.0176,0.0099));
#8468=CARTESIAN_POINT('',(0.0023,0.0176,0.0099));
#8469=CARTESIAN_POINT('',(0.0023,0.0276,0.0099));
#8470=CARTESIAN_POINT('',(0.0023,0.0276,0.0099));
#8471=CARTESIAN_POINT('',(0.0023,0.058,0.0099));
#8472=CARTESIAN_POINT('',(7.07846935599732E-18,-0.0119,0.0114));
#8473=CARTESIAN_POINT('',(7.07846935599732E-18,-0.0119,0.0099));
#8474=CARTESIAN_POINT('',(0.0023,-0.0119,0.0099));
#8475=CARTESIAN_POINT('',(-0.0023,-0.0119,0.0099));
#8476=CARTESIAN_POINT('',(0.0023,-0.0119,0.0114));
#8477=CARTESIAN_POINT('',(-0.0023,-0.0119,0.0044));
#8478=CARTESIAN_POINT('',(-0.0038,-0.0054,0.0114));
#8479=CARTESIAN_POINT('',(-0.0038,-0.0004,0.0114));
#8480=CARTESIAN_POINT('',(-0.0038,-0.0004,0.0099));
#8481=CARTESIAN_POINT('',(-0.0038,0.0011,0.0099));
#8482=CARTESIAN_POINT('',(-0.0038,-0.0104,0.0099));
#8483=CARTESIAN_POINT('',(-0.0038,-0.0104,0.0114));
#8484=CARTESIAN_POINT('',(7.07846935599732E-18,0.0011,0.0114));
#8485=CARTESIAN_POINT('',(0.0023,0.0011,0.0044));
#8486=CARTESIAN_POINT('',(0.0023,0.0011,0.0099));
#8487=CARTESIAN_POINT('',(0.0038,0.0011,0.0099));
#8488=CARTESIAN_POINT('',(-0.0023,0.0011,0.0099));
#8489=CARTESIAN_POINT('',(-0.0023,0.0011,0.0114));
#8490=CARTESIAN_POINT('',(0.0038,-0.0054,0.0114));
#8491=CARTESIAN_POINT('',(0.0038,-0.0104,0.0114));
#8492=CARTESIAN_POINT('',(0.0038,-0.0104,0.0099));
#8493=CARTESIAN_POINT('',(0.0038,-0.0054,0.0099));
#8494=CARTESIAN_POINT('',(0.0038,-0.0004,0.0099));
#8495=CARTESIAN_POINT('',(0.0038,-0.0004,0.0114));
#8496=CARTESIAN_POINT('',(-1.59514802388672E-18,0.03,0.0114));
#8497=CARTESIAN_POINT('',(0.0023,0.03,0.0114));
#8498=CARTESIAN_POINT('',(0.0023,-0.0104,0.0114));
#8499=CARTESIAN_POINT('',(0.0023,-0.0004,0.0114));
#8500=CARTESIAN_POINT('',(-1.59514802388672E-18,-0.0104,0.0114));
#8501=CARTESIAN_POINT('',(-0.0023,-0.0104,0.0114));
#8502=CARTESIAN_POINT('',(-0.0023,-0.0119,0.0114));
#8503=CARTESIAN_POINT('',(-0.0023,-0.0004,0.0114));
#8504=CARTESIAN_POINT('',(-0.0038,-0.0004,0.0114));
#8505=CARTESIAN_POINT('',(-0.0023,-0.0104,0.0114));
#8506=CARTESIAN_POINT('',(-0.0023,-0.0104,0.0099));
#8507=CARTESIAN_POINT('',(-0.0023,-0.0054,0.0099));
#8508=CARTESIAN_POINT('',(-0.0023,-0.0004,0.0099));
#8509=CARTESIAN_POINT('',(-0.0023,-0.0104,0.0099));
#8510=CARTESIAN_POINT('',(-0.0023,-0.0004,0.0114));
#8511=CARTESIAN_POINT('',(-0.0023,-0.0004,0.0099));
#8512=CARTESIAN_POINT('',(-0.0023,-0.0104,0.0099));
#8513=CARTESIAN_POINT('',(-0.0023,-0.0104,0.0099));
#8514=CARTESIAN_POINT('',(-0.0023,-0.0004,0.0099));
#8515=CARTESIAN_POINT('',(-0.0023,-0.0004,0.0099));
#8516=CARTESIAN_POINT('',(0.0023,-0.0104,0.0114));
#8517=CARTESIAN_POINT('',(0.0023,-0.0104,0.0099));
#8518=CARTESIAN_POINT('',(-1.59514802388672E-18,-0.0104,0.0099));
#8519=CARTESIAN_POINT('',(0.0023,-0.0104,0.0099));
#8520=CARTESIAN_POINT('',(7.07846935599732E-18,-0.0004,0.0099));
#8521=CARTESIAN_POINT('',(0.0023,-0.0004,0.0099));
#8522=CARTESIAN_POINT('',(0.0023,-0.0004,0.0114));
#8523=CARTESIAN_POINT('',(0.0023,-0.0004,0.0099));
#8524=CARTESIAN_POINT('',(0.0023,-0.0104,0.0099));
#8525=CARTESIAN_POINT('',(0.0023,-0.0104,0.0099));
#8526=CARTESIAN_POINT('',(0.0023,-0.0004,0.0099));
#8527=CARTESIAN_POINT('',(0.0023,-0.0004,0.0099));
#8528=CARTESIAN_POINT('',(0.0023,0.03,0.0099));
#8529=CARTESIAN_POINT('',(8.67361737988404E-18,-0.0399,0.0114));
#8530=CARTESIAN_POINT('',(8.67361737988404E-18,-0.0399,0.0099));
#8531=CARTESIAN_POINT('',(0.0023,-0.0399,0.0099));
#8532=CARTESIAN_POINT('',(-0.0023,-0.0399,0.0099));
#8533=CARTESIAN_POINT('',(0.0023,-0.0399,0.0114));
#8534=CARTESIAN_POINT('',(-0.0023,-0.0399,0.0044));
#8535=CARTESIAN_POINT('',(-0.0038,-0.0334,0.0114));
#8536=CARTESIAN_POINT('',(-0.0038,-0.0284,0.0114));
#8537=CARTESIAN_POINT('',(-0.0038,-0.0284,0.0099));
#8538=CARTESIAN_POINT('',(-0.0038,-0.0269,0.0099));
#8539=CARTESIAN_POINT('',(-0.0038,-0.0384,0.0099));
#8540=CARTESIAN_POINT('',(-0.0038,-0.0384,0.0114));
#8541=CARTESIAN_POINT('',(8.67361737988404E-18,-0.0269,0.0114));
#8542=CARTESIAN_POINT('',(0.0023,-0.0269,0.0044));
#8543=CARTESIAN_POINT('',(0.0023,-0.0269,0.0099));
#8544=CARTESIAN_POINT('',(0.0038,-0.0269,0.0099));
#8545=CARTESIAN_POINT('',(-0.0023,-0.0269,0.0099));
#8546=CARTESIAN_POINT('',(-0.0023,-0.0269,0.0114));
#8547=CARTESIAN_POINT('',(0.0038,-0.0334,0.0114));
#8548=CARTESIAN_POINT('',(0.0038,-0.0384,0.0114));
#8549=CARTESIAN_POINT('',(0.0038,-0.0384,0.0099));
#8550=CARTESIAN_POINT('',(0.0038,-0.0334,0.0099));
#8551=CARTESIAN_POINT('',(0.0038,-0.0284,0.0099));
#8552=CARTESIAN_POINT('',(0.0038,-0.0284,0.0114));
#8553=CARTESIAN_POINT('',(0.,0.002,0.0114));
#8554=CARTESIAN_POINT('',(0.0023,0.002,0.0114));
#8555=CARTESIAN_POINT('',(0.0023,-0.0384,0.0114));
#8556=CARTESIAN_POINT('',(0.0023,-0.0284,0.0114));
#8557=CARTESIAN_POINT('',(0.,-0.0384,0.0114));
#8558=CARTESIAN_POINT('',(-0.0023,-0.0384,0.0114));
#8559=CARTESIAN_POINT('',(-0.0023,-0.0399,0.0114));
#8560=CARTESIAN_POINT('',(-0.0023,-0.0284,0.0114));
#8561=CARTESIAN_POINT('',(-0.0038,-0.0284,0.0114));
#8562=CARTESIAN_POINT('',(-0.0023,-0.0384,0.0114));
#8563=CARTESIAN_POINT('',(-0.0023,-0.0384,0.0099));
#8564=CARTESIAN_POINT('',(-0.0023,-0.0334,0.0099));
#8565=CARTESIAN_POINT('',(-0.0023,-0.0284,0.0099));
#8566=CARTESIAN_POINT('',(-0.0023,-0.0384,0.0099));
#8567=CARTESIAN_POINT('',(-0.0023,-0.0284,0.0114));
#8568=CARTESIAN_POINT('',(-0.0023,-0.0284,0.0099));
#8569=CARTESIAN_POINT('',(-0.0023,-0.0384,0.0099));
#8570=CARTESIAN_POINT('',(-0.0023,-0.0384,0.0099));
#8571=CARTESIAN_POINT('',(-0.0023,-0.0284,0.0099));
#8572=CARTESIAN_POINT('',(-0.0023,-0.0284,0.0099));
#8573=CARTESIAN_POINT('',(0.0023,-0.0384,0.0114));
#8574=CARTESIAN_POINT('',(0.0023,-0.0384,0.0099));
#8575=CARTESIAN_POINT('',(0.,-0.0384,0.0099));
#8576=CARTESIAN_POINT('',(0.0023,-0.0384,0.0099));
#8577=CARTESIAN_POINT('',(8.67361737988404E-18,-0.0284,0.0099));
#8578=CARTESIAN_POINT('',(0.0023,-0.0284,0.0099));
#8579=CARTESIAN_POINT('',(0.0023,-0.0284,0.0114));
#8580=CARTESIAN_POINT('',(0.0023,-0.0284,0.0099));
#8581=CARTESIAN_POINT('',(0.0023,-0.0384,0.0099));
#8582=CARTESIAN_POINT('',(0.0023,-0.0384,0.0099));
#8583=CARTESIAN_POINT('',(0.0023,-0.0284,0.0099));
#8584=CARTESIAN_POINT('',(0.0023,-0.0284,0.0099));
#8585=CARTESIAN_POINT('',(0.0023,0.002,0.0099));
#8586=CARTESIAN_POINT('',(-1.3010426069826E-18,0.0554,0.0114));
#8587=CARTESIAN_POINT('',(0.0038,0.0554,0.0099));
#8588=CARTESIAN_POINT('',(-1.3010426069826E-18,0.0554,0.0114));
#8589=CARTESIAN_POINT('',(0.0023,0.0399,0.0114));
#8590=CARTESIAN_POINT('',(0.0023,0.0384,0.0114));
#8591=CARTESIAN_POINT('',(-4.77048955893622E-18,0.0384,0.0114));
#8592=CARTESIAN_POINT('',(-0.0023,0.0384,0.0114));
#8593=CARTESIAN_POINT('',(-0.0023,0.0399,0.0114));
#8594=CARTESIAN_POINT('',(0.,0.002,0.0114));
#8595=CARTESIAN_POINT('',(-2.60208521396521E-18,0.06745,0.0064));
#8596=CARTESIAN_POINT('',(-2.60208521396521E-18,0.06745,0.0064));
#8597=CARTESIAN_POINT('',(-2.60208521396521E-18,0.06745,0.0046));
#8598=CARTESIAN_POINT('',(-1.7347234759768E-18,0.06745,0.0064));
#8599=CARTESIAN_POINT('',(-1.3010426069826E-18,0.0554,0.0099));
#8600=CARTESIAN_POINT('',(-0.0228,-0.02972,0.0294));
#8601=CARTESIAN_POINT('',(-0.026125,-0.02972,0.0294));
#8602=CARTESIAN_POINT('',(-0.026125,-0.02972,0.0082));
#8603=CARTESIAN_POINT('',(-0.019475,-0.02972,0.0294));
#8604=CARTESIAN_POINT('',(-0.019475,-0.02972,0.0082));
#8605=CARTESIAN_POINT('',(-0.0228,-0.02972,0.0082));
#8606=CARTESIAN_POINT('',(-0.019475,-0.03112,0.0294));
#8607=CARTESIAN_POINT('',(-0.019475,-0.03112,0.0082));
#8608=CARTESIAN_POINT('',(-0.018075,-0.03112,0.0082));
#8609=CARTESIAN_POINT('',(-0.018075,-0.03112,0.0294));
#8610=CARTESIAN_POINT('',(-0.018075,-0.03152,0.0294));
#8611=CARTESIAN_POINT('',(-0.018075,-0.03152,0.0082));
#8612=CARTESIAN_POINT('',(-0.018075,-0.03192,0.0082));
#8613=CARTESIAN_POINT('',(-0.018075,-0.03192,0.0294));
#8614=CARTESIAN_POINT('',(-0.019475,-0.03192,0.0294));
#8615=CARTESIAN_POINT('',(-0.019475,-0.03192,0.0082));
#8616=CARTESIAN_POINT('',(-0.019475,-0.03332,0.0082));
#8617=CARTESIAN_POINT('',(-0.019475,-0.03332,0.0294));
#8618=CARTESIAN_POINT('',(-0.0228,-0.03332,0.0294));
#8619=CARTESIAN_POINT('',(-0.0228,-0.03332,0.0082));
#8620=CARTESIAN_POINT('',(-0.026125,-0.03332,0.0082));
#8621=CARTESIAN_POINT('',(-0.026125,-0.03332,0.0294));
#8622=CARTESIAN_POINT('',(-0.026125,-0.03192,0.0294));
#8623=CARTESIAN_POINT('',(-0.026125,-0.03192,0.0082));
#8624=CARTESIAN_POINT('',(-0.027525,-0.03192,0.0082));
#8625=CARTESIAN_POINT('',(-0.027525,-0.03192,0.0294));
#8626=CARTESIAN_POINT('',(-0.027525,-0.03152,0.0294));
#8627=CARTESIAN_POINT('',(-0.027525,-0.03112,0.0294));
#8628=CARTESIAN_POINT('',(-0.027525,-0.03112,0.0082));
#8629=CARTESIAN_POINT('',(-0.027525,-0.03152,0.0082));
#8630=CARTESIAN_POINT('',(-0.026125,-0.03112,0.0294));
#8631=CARTESIAN_POINT('',(-0.026125,-0.03112,0.0082));
#8632=CARTESIAN_POINT('',(0.,0.002,0.0082));
#8633=CARTESIAN_POINT('',(-0.0054,-0.035,0.0082));
#8634=CARTESIAN_POINT('',(-0.0054,-0.0446,0.0082));
#8635=CARTESIAN_POINT('',(-0.0054,-0.0254,0.0082));
#8636=CARTESIAN_POINT('',(-0.0062,-0.0254,0.0082));
#8637=CARTESIAN_POINT('',(-0.0062,-0.0246,0.0082));
#8638=CARTESIAN_POINT('',(-0.0228,-0.0246,0.0082));
#8639=CARTESIAN_POINT('',(-0.0394,-0.0246,0.0082));
#8640=CARTESIAN_POINT('',(-0.0394,-0.0254,0.0082));
#8641=CARTESIAN_POINT('',(-0.0402,-0.0254,0.0082));
#8642=CARTESIAN_POINT('',(-0.0402,-0.035,0.0082));
#8643=CARTESIAN_POINT('',(-0.0402,-0.0446,0.0082));
#8644=CARTESIAN_POINT('',(-0.0394,-0.0446,0.0082));
#8645=CARTESIAN_POINT('',(-0.0394,-0.0454,0.0082));
#8646=CARTESIAN_POINT('',(-0.0228,-0.0454,0.0082));
#8647=CARTESIAN_POINT('',(-0.0062,-0.0454,0.0082));
#8648=CARTESIAN_POINT('',(-0.0062,-0.0446,0.0082));
#8649=CARTESIAN_POINT('',(-0.0054,-0.035,0.0332));
#8650=CARTESIAN_POINT('',(-0.0054,-0.0446,0.0332));
#8651=CARTESIAN_POINT('',(-0.0054,-0.0446,0.023));
#8652=CARTESIAN_POINT('',(-0.0054,-0.035,0.023));
#8653=CARTESIAN_POINT('',(-0.0054,-0.0254,0.023));
#8654=CARTESIAN_POINT('',(-0.0054,-0.0254,0.0332));
#8655=CARTESIAN_POINT('',(-0.0062,-0.0446,0.0332));
#8656=CARTESIAN_POINT('',(-0.0062,-0.0454,0.0332));
#8657=CARTESIAN_POINT('',(-0.0062,-0.0454,0.023));
#8658=CARTESIAN_POINT('',(-0.0062,-0.0446,0.023));
#8659=CARTESIAN_POINT('',(-0.0228,-0.0454,0.0332));
#8660=CARTESIAN_POINT('',(-0.0394,-0.0454,0.0332));
#8661=CARTESIAN_POINT('',(-0.0394,-0.0454,0.023));
#8662=CARTESIAN_POINT('',(-0.0228,-0.0454,0.023));
#8663=CARTESIAN_POINT('',(-0.0394,-0.0446,0.0332));
#8664=CARTESIAN_POINT('',(-0.0402,-0.0446,0.0332));
#8665=CARTESIAN_POINT('',(-0.0402,-0.0446,0.023));
#8666=CARTESIAN_POINT('',(-0.0394,-0.0446,0.023));
#8667=CARTESIAN_POINT('',(-0.0402,-0.035,0.0332));
#8668=CARTESIAN_POINT('',(-0.0402,-0.0254,0.0332));
#8669=CARTESIAN_POINT('',(-0.0402,-0.0254,0.023));
#8670=CARTESIAN_POINT('',(-0.0402,-0.0446,0.023));
#8671=CARTESIAN_POINT('',(-0.0394,-0.0254,0.0332));
#8672=CARTESIAN_POINT('',(-0.0394,-0.0246,0.0332));
#8673=CARTESIAN_POINT('',(-0.0394,-0.0246,0.023));
#8674=CARTESIAN_POINT('',(-0.0394,-0.0254,0.023));
#8675=CARTESIAN_POINT('',(-0.0228,-0.0246,0.0332));
#8676=CARTESIAN_POINT('',(-0.0062,-0.0246,0.0332));
#8677=CARTESIAN_POINT('',(-0.0062,-0.0246,0.023));
#8678=CARTESIAN_POINT('',(-0.0394,-0.0246,0.023));
#8679=CARTESIAN_POINT('',(-0.0062,-0.0254,0.0332));
#8680=CARTESIAN_POINT('',(-0.0062,-0.0254,0.023));
#8681=CARTESIAN_POINT('',(0.0228,0.05428,0.0294));
#8682=CARTESIAN_POINT('',(0.019475,0.05428,0.0294));
#8683=CARTESIAN_POINT('',(0.019475,0.05428,0.0082));
#8684=CARTESIAN_POINT('',(0.026125,0.05428,0.0294));
#8685=CARTESIAN_POINT('',(0.026125,0.05428,0.0082));
#8686=CARTESIAN_POINT('',(0.0228,0.05428,0.0082));
#8687=CARTESIAN_POINT('',(0.026125,0.05288,0.0294));
#8688=CARTESIAN_POINT('',(0.026125,0.05288,0.0082));
#8689=CARTESIAN_POINT('',(0.027525,0.05288,0.0082));
#8690=CARTESIAN_POINT('',(0.027525,0.05288,0.0294));
#8691=CARTESIAN_POINT('',(0.027525,0.05248,0.0294));
#8692=CARTESIAN_POINT('',(0.027525,0.05248,0.0082));
#8693=CARTESIAN_POINT('',(0.027525,0.05208,0.0082));
#8694=CARTESIAN_POINT('',(0.027525,0.05208,0.0294));
#8695=CARTESIAN_POINT('',(0.026125,0.05208,0.0294));
#8696=CARTESIAN_POINT('',(0.026125,0.05208,0.0082));
#8697=CARTESIAN_POINT('',(0.026125,0.05068,0.0082));
#8698=CARTESIAN_POINT('',(0.026125,0.05068,0.0294));
#8699=CARTESIAN_POINT('',(0.0228,0.05068,0.0294));
#8700=CARTESIAN_POINT('',(0.0228,0.05068,0.0082));
#8701=CARTESIAN_POINT('',(0.019475,0.05068,0.0082));
#8702=CARTESIAN_POINT('',(0.019475,0.05068,0.0294));
#8703=CARTESIAN_POINT('',(0.019475,0.05208,0.0294));
#8704=CARTESIAN_POINT('',(0.019475,0.05208,0.0082));
#8705=CARTESIAN_POINT('',(0.018075,0.05208,0.0082));
#8706=CARTESIAN_POINT('',(0.018075,0.05208,0.0294));
#8707=CARTESIAN_POINT('',(0.018075,0.05248,0.0294));
#8708=CARTESIAN_POINT('',(0.018075,0.05288,0.0294));
#8709=CARTESIAN_POINT('',(0.018075,0.05288,0.0082));
#8710=CARTESIAN_POINT('',(0.018075,0.05248,0.0082));
#8711=CARTESIAN_POINT('',(0.019475,0.05288,0.0294));
#8712=CARTESIAN_POINT('',(0.019475,0.05288,0.0082));
#8713=CARTESIAN_POINT('',(0.0456,0.086,0.0082));
#8714=CARTESIAN_POINT('',(0.0402,0.049,0.0082));
#8715=CARTESIAN_POINT('',(0.0402,0.0394,0.0082));
#8716=CARTESIAN_POINT('',(0.0402,0.0586,0.0082));
#8717=CARTESIAN_POINT('',(0.0394,0.0586,0.0082));
#8718=CARTESIAN_POINT('',(0.0394,0.0594,0.0082));
#8719=CARTESIAN_POINT('',(0.0228,0.0594,0.0082));
#8720=CARTESIAN_POINT('',(0.0062,0.0594,0.0082));
#8721=CARTESIAN_POINT('',(0.0062,0.0586,0.0082));
#8722=CARTESIAN_POINT('',(0.0054,0.0586,0.0082));
#8723=CARTESIAN_POINT('',(0.0054,0.049,0.0082));
#8724=CARTESIAN_POINT('',(0.0054,0.0394,0.0082));
#8725=CARTESIAN_POINT('',(0.0062,0.0394,0.0082));
#8726=CARTESIAN_POINT('',(0.0062,0.0386,0.0082));
#8727=CARTESIAN_POINT('',(0.0228,0.0386,0.0082));
#8728=CARTESIAN_POINT('',(0.0394,0.0386,0.0082));
#8729=CARTESIAN_POINT('',(0.0394,0.0394,0.0082));
#8730=CARTESIAN_POINT('',(0.0402,0.049,0.0332));
#8731=CARTESIAN_POINT('',(0.0402,0.0394,0.0332));
#8732=CARTESIAN_POINT('',(0.0402,0.0394,0.023));
#8733=CARTESIAN_POINT('',(0.0402,0.049,0.023));
#8734=CARTESIAN_POINT('',(0.0402,0.0586,0.023));
#8735=CARTESIAN_POINT('',(0.0402,0.0586,0.0332));
#8736=CARTESIAN_POINT('',(0.0394,0.0394,0.0332));
#8737=CARTESIAN_POINT('',(0.0394,0.0386,0.0332));
#8738=CARTESIAN_POINT('',(0.0394,0.0386,0.023));
#8739=CARTESIAN_POINT('',(0.0394,0.0394,0.023));
#8740=CARTESIAN_POINT('',(0.0228,0.0386,0.0332));
#8741=CARTESIAN_POINT('',(0.0062,0.0386,0.0332));
#8742=CARTESIAN_POINT('',(0.0062,0.0386,0.023));
#8743=CARTESIAN_POINT('',(0.0228,0.0386,0.023));
#8744=CARTESIAN_POINT('',(0.0062,0.0394,0.0332));
#8745=CARTESIAN_POINT('',(0.0054,0.0394,0.0332));
#8746=CARTESIAN_POINT('',(0.0054,0.0394,0.023));
#8747=CARTESIAN_POINT('',(0.0062,0.0394,0.023));
#8748=CARTESIAN_POINT('',(0.0054,0.049,0.0332));
#8749=CARTESIAN_POINT('',(0.0054,0.0586,0.0332));
#8750=CARTESIAN_POINT('',(0.0054,0.0586,0.023));
#8751=CARTESIAN_POINT('',(0.0054,0.0394,0.023));
#8752=CARTESIAN_POINT('',(0.0062,0.0586,0.0332));
#8753=CARTESIAN_POINT('',(0.0062,0.0594,0.0332));
#8754=CARTESIAN_POINT('',(0.0062,0.0594,0.023));
#8755=CARTESIAN_POINT('',(0.0062,0.0586,0.023));
#8756=CARTESIAN_POINT('',(0.0228,0.0594,0.0332));
#8757=CARTESIAN_POINT('',(0.0394,0.0594,0.0332));
#8758=CARTESIAN_POINT('',(0.0394,0.0594,0.023));
#8759=CARTESIAN_POINT('',(0.0062,0.0594,0.023));
#8760=CARTESIAN_POINT('',(0.0394,0.0586,0.0332));
#8761=CARTESIAN_POINT('',(0.0394,0.0586,0.023));
#8762=CARTESIAN_POINT('',(0.0228,0.02628,0.0294));
#8763=CARTESIAN_POINT('',(0.019475,0.02628,0.0294));
#8764=CARTESIAN_POINT('',(0.019475,0.02628,0.0082));
#8765=CARTESIAN_POINT('',(0.026125,0.02628,0.0294));
#8766=CARTESIAN_POINT('',(0.026125,0.02628,0.0082));
#8767=CARTESIAN_POINT('',(0.0228,0.02628,0.0082));
#8768=CARTESIAN_POINT('',(0.026125,0.02488,0.0294));
#8769=CARTESIAN_POINT('',(0.026125,0.02488,0.0082));
#8770=CARTESIAN_POINT('',(0.027525,0.02488,0.0082));
#8771=CARTESIAN_POINT('',(0.027525,0.02488,0.0294));
#8772=CARTESIAN_POINT('',(0.027525,0.02448,0.0294));
#8773=CARTESIAN_POINT('',(0.027525,0.02448,0.0082));
#8774=CARTESIAN_POINT('',(0.027525,0.02408,0.0082));
#8775=CARTESIAN_POINT('',(0.027525,0.02408,0.0294));
#8776=CARTESIAN_POINT('',(0.026125,0.02408,0.0294));
#8777=CARTESIAN_POINT('',(0.026125,0.02408,0.0082));
#8778=CARTESIAN_POINT('',(0.026125,0.02268,0.0082));
#8779=CARTESIAN_POINT('',(0.026125,0.02268,0.0294));
#8780=CARTESIAN_POINT('',(0.0228,0.02268,0.0294));
#8781=CARTESIAN_POINT('',(0.0228,0.02268,0.0082));
#8782=CARTESIAN_POINT('',(0.019475,0.02268,0.0082));
#8783=CARTESIAN_POINT('',(0.019475,0.02268,0.0294));
#8784=CARTESIAN_POINT('',(0.019475,0.02408,0.0294));
#8785=CARTESIAN_POINT('',(0.019475,0.02408,0.0082));
#8786=CARTESIAN_POINT('',(0.018075,0.02408,0.0082));
#8787=CARTESIAN_POINT('',(0.018075,0.02408,0.0294));
#8788=CARTESIAN_POINT('',(0.018075,0.02448,0.0294));
#8789=CARTESIAN_POINT('',(0.018075,0.02488,0.0294));
#8790=CARTESIAN_POINT('',(0.018075,0.02488,0.0082));
#8791=CARTESIAN_POINT('',(0.018075,0.02448,0.0082));
#8792=CARTESIAN_POINT('',(0.019475,0.02488,0.0294));
#8793=CARTESIAN_POINT('',(0.019475,0.02488,0.0082));
#8794=CARTESIAN_POINT('',(0.0456,0.058,0.0082));
#8795=CARTESIAN_POINT('',(0.0402,0.021,0.0082));
#8796=CARTESIAN_POINT('',(0.0402,0.0114,0.0082));
#8797=CARTESIAN_POINT('',(0.0402,0.0306,0.0082));
#8798=CARTESIAN_POINT('',(0.0394,0.0306,0.0082));
#8799=CARTESIAN_POINT('',(0.0394,0.0314,0.0082));
#8800=CARTESIAN_POINT('',(0.0228,0.0314,0.0082));
#8801=CARTESIAN_POINT('',(0.0062,0.0314,0.0082));
#8802=CARTESIAN_POINT('',(0.0062,0.0306,0.0082));
#8803=CARTESIAN_POINT('',(0.0054,0.0306,0.0082));
#8804=CARTESIAN_POINT('',(0.0054,0.021,0.0082));
#8805=CARTESIAN_POINT('',(0.0054,0.0114,0.0082));
#8806=CARTESIAN_POINT('',(0.0062,0.0114,0.0082));
#8807=CARTESIAN_POINT('',(0.0062,0.0106,0.0082));
#8808=CARTESIAN_POINT('',(0.0228,0.0106,0.0082));
#8809=CARTESIAN_POINT('',(0.0394,0.0106,0.0082));
#8810=CARTESIAN_POINT('',(0.0394,0.0114,0.0082));
#8811=CARTESIAN_POINT('',(0.0402,0.021,0.0332));
#8812=CARTESIAN_POINT('',(0.0402,0.0114,0.0332));
#8813=CARTESIAN_POINT('',(0.0402,0.0114,0.023));
#8814=CARTESIAN_POINT('',(0.0402,0.021,0.023));
#8815=CARTESIAN_POINT('',(0.0402,0.0306,0.023));
#8816=CARTESIAN_POINT('',(0.0402,0.0306,0.0332));
#8817=CARTESIAN_POINT('',(0.0394,0.0114,0.0332));
#8818=CARTESIAN_POINT('',(0.0394,0.0106,0.0332));
#8819=CARTESIAN_POINT('',(0.0394,0.0106,0.023));
#8820=CARTESIAN_POINT('',(0.0394,0.0114,0.023));
#8821=CARTESIAN_POINT('',(0.0228,0.0106,0.0332));
#8822=CARTESIAN_POINT('',(0.0062,0.0106,0.0332));
#8823=CARTESIAN_POINT('',(0.0062,0.0106,0.023));
#8824=CARTESIAN_POINT('',(0.0228,0.0106,0.023));
#8825=CARTESIAN_POINT('',(0.0062,0.0114,0.0332));
#8826=CARTESIAN_POINT('',(0.0054,0.0114,0.0332));
#8827=CARTESIAN_POINT('',(0.0054,0.0114,0.023));
#8828=CARTESIAN_POINT('',(0.0062,0.0114,0.023));
#8829=CARTESIAN_POINT('',(0.0054,0.021,0.0332));
#8830=CARTESIAN_POINT('',(0.0054,0.0306,0.0332));
#8831=CARTESIAN_POINT('',(0.0054,0.0306,0.023));
#8832=CARTESIAN_POINT('',(0.0054,0.0114,0.023));
#8833=CARTESIAN_POINT('',(0.0062,0.0306,0.0332));
#8834=CARTESIAN_POINT('',(0.0062,0.0314,0.0332));
#8835=CARTESIAN_POINT('',(0.0062,0.0314,0.023));
#8836=CARTESIAN_POINT('',(0.0062,0.0306,0.023));
#8837=CARTESIAN_POINT('',(0.0228,0.0314,0.0332));
#8838=CARTESIAN_POINT('',(0.0394,0.0314,0.0332));
#8839=CARTESIAN_POINT('',(0.0394,0.0314,0.023));
#8840=CARTESIAN_POINT('',(0.0062,0.0314,0.023));
#8841=CARTESIAN_POINT('',(0.0394,0.0306,0.0332));
#8842=CARTESIAN_POINT('',(0.0394,0.0306,0.023));
#8843=CARTESIAN_POINT('',(0.0228,-0.00172,0.0294));
#8844=CARTESIAN_POINT('',(0.019475,-0.00171999999999997,0.0294));
#8845=CARTESIAN_POINT('',(0.019475,-0.00171999999999997,0.0082));
#8846=CARTESIAN_POINT('',(0.026125,-0.00172,0.0294));
#8847=CARTESIAN_POINT('',(0.026125,-0.00172,0.0082));
#8848=CARTESIAN_POINT('',(0.0228,-0.00172,0.0082));
#8849=CARTESIAN_POINT('',(0.026125,-0.00312,0.0294));
#8850=CARTESIAN_POINT('',(0.026125,-0.00312,0.0082));
#8851=CARTESIAN_POINT('',(0.027525,-0.00312,0.0082));
#8852=CARTESIAN_POINT('',(0.027525,-0.00312,0.0294));
#8853=CARTESIAN_POINT('',(0.027525,-0.00352,0.0294));
#8854=CARTESIAN_POINT('',(0.027525,-0.00352,0.0082));
#8855=CARTESIAN_POINT('',(0.027525,-0.00392,0.0082));
#8856=CARTESIAN_POINT('',(0.027525,-0.00392,0.0294));
#8857=CARTESIAN_POINT('',(0.026125,-0.00392,0.0294));
#8858=CARTESIAN_POINT('',(0.026125,-0.00392,0.0082));
#8859=CARTESIAN_POINT('',(0.026125,-0.00532,0.0082));
#8860=CARTESIAN_POINT('',(0.026125,-0.00532,0.0294));
#8861=CARTESIAN_POINT('',(0.0228,-0.00532,0.0294));
#8862=CARTESIAN_POINT('',(0.0228,-0.00532,0.0082));
#8863=CARTESIAN_POINT('',(0.019475,-0.00532,0.0082));
#8864=CARTESIAN_POINT('',(0.019475,-0.00532,0.0294));
#8865=CARTESIAN_POINT('',(0.019475,-0.00392,0.0294));
#8866=CARTESIAN_POINT('',(0.019475,-0.00392,0.0082));
#8867=CARTESIAN_POINT('',(0.018075,-0.00392,0.0082));
#8868=CARTESIAN_POINT('',(0.018075,-0.00392,0.0294));
#8869=CARTESIAN_POINT('',(0.018075,-0.00352,0.0294));
#8870=CARTESIAN_POINT('',(0.018075,-0.00312,0.0294));
#8871=CARTESIAN_POINT('',(0.018075,-0.00312,0.0082));
#8872=CARTESIAN_POINT('',(0.018075,-0.00352,0.0082));
#8873=CARTESIAN_POINT('',(0.019475,-0.00312,0.0294));
#8874=CARTESIAN_POINT('',(0.019475,-0.00312,0.0082));
#8875=CARTESIAN_POINT('',(0.0456,0.03,0.0082));
#8876=CARTESIAN_POINT('',(0.0402,-0.007,0.0082));
#8877=CARTESIAN_POINT('',(0.0402,-0.0166,0.0082));
#8878=CARTESIAN_POINT('',(0.0402,0.0026,0.0082));
#8879=CARTESIAN_POINT('',(0.0394,0.0026,0.0082));
#8880=CARTESIAN_POINT('',(0.0394,0.0034,0.0082));
#8881=CARTESIAN_POINT('',(0.0228,0.0034,0.0082));
#8882=CARTESIAN_POINT('',(0.0062,0.0034,0.0082));
#8883=CARTESIAN_POINT('',(0.0062,0.0026,0.0082));
#8884=CARTESIAN_POINT('',(0.0054,0.0026,0.0082));
#8885=CARTESIAN_POINT('',(0.0054,-0.007,0.0082));
#8886=CARTESIAN_POINT('',(0.0054,-0.0166,0.0082));
#8887=CARTESIAN_POINT('',(0.0062,-0.0166,0.0082));
#8888=CARTESIAN_POINT('',(0.0062,-0.0174,0.0082));
#8889=CARTESIAN_POINT('',(0.0228,-0.0174,0.0082));
#8890=CARTESIAN_POINT('',(0.0394,-0.0174,0.0082));
#8891=CARTESIAN_POINT('',(0.0394,-0.0166,0.0082));
#8892=CARTESIAN_POINT('',(0.0402,-0.007,0.0332));
#8893=CARTESIAN_POINT('',(0.0402,-0.0166,0.0332));
#8894=CARTESIAN_POINT('',(0.0402,-0.0166,0.023));
#8895=CARTESIAN_POINT('',(0.0402,-0.007,0.023));
#8896=CARTESIAN_POINT('',(0.0402,0.0026,0.023));
#8897=CARTESIAN_POINT('',(0.0402,0.0026,0.0332));
#8898=CARTESIAN_POINT('',(0.0394,-0.0166,0.0332));
#8899=CARTESIAN_POINT('',(0.0394,-0.0174,0.0332));
#8900=CARTESIAN_POINT('',(0.0394,-0.0174,0.023));
#8901=CARTESIAN_POINT('',(0.0394,-0.0166,0.023));
#8902=CARTESIAN_POINT('',(0.0228,-0.0174,0.0332));
#8903=CARTESIAN_POINT('',(0.0062,-0.0174,0.0332));
#8904=CARTESIAN_POINT('',(0.0062,-0.0174,0.023));
#8905=CARTESIAN_POINT('',(0.0228,-0.0174,0.023));
#8906=CARTESIAN_POINT('',(0.0062,-0.0166,0.0332));
#8907=CARTESIAN_POINT('',(0.0054,-0.0166,0.0332));
#8908=CARTESIAN_POINT('',(0.0054,-0.0166,0.023));
#8909=CARTESIAN_POINT('',(0.0062,-0.0166,0.023));
#8910=CARTESIAN_POINT('',(0.0054,-0.007,0.0332));
#8911=CARTESIAN_POINT('',(0.0054,0.0026,0.0332));
#8912=CARTESIAN_POINT('',(0.0054,0.0026,0.023));
#8913=CARTESIAN_POINT('',(0.0054,-0.0166,0.023));
#8914=CARTESIAN_POINT('',(0.0062,0.0026,0.0332));
#8915=CARTESIAN_POINT('',(0.0062,0.0034,0.0332));
#8916=CARTESIAN_POINT('',(0.0062,0.0034,0.023));
#8917=CARTESIAN_POINT('',(0.0062,0.0026,0.023));
#8918=CARTESIAN_POINT('',(0.0228,0.0034,0.0332));
#8919=CARTESIAN_POINT('',(0.0394,0.0034,0.0332));
#8920=CARTESIAN_POINT('',(0.0394,0.0034,0.023));
#8921=CARTESIAN_POINT('',(0.0062,0.0034,0.023));
#8922=CARTESIAN_POINT('',(0.0394,0.0026,0.0332));
#8923=CARTESIAN_POINT('',(0.0394,0.0026,0.023));
#8924=CARTESIAN_POINT('',(-0.0228,-0.00172,0.0294));
#8925=CARTESIAN_POINT('',(-0.026125,-0.00171999999999998,0.0294));
#8926=CARTESIAN_POINT('',(-0.026125,-0.00171999999999998,0.0082));
#8927=CARTESIAN_POINT('',(-0.019475,-0.00172,0.0294));
#8928=CARTESIAN_POINT('',(-0.019475,-0.00172,0.0082));
#8929=CARTESIAN_POINT('',(-0.0228,-0.00172,0.0082));
#8930=CARTESIAN_POINT('',(-0.019475,-0.00312,0.0294));
#8931=CARTESIAN_POINT('',(-0.019475,-0.00312,0.0082));
#8932=CARTESIAN_POINT('',(-0.018075,-0.00312,0.0082));
#8933=CARTESIAN_POINT('',(-0.018075,-0.00312,0.0294));
#8934=CARTESIAN_POINT('',(-0.018075,-0.00352,0.0294));
#8935=CARTESIAN_POINT('',(-0.018075,-0.00352,0.0082));
#8936=CARTESIAN_POINT('',(-0.018075,-0.00392,0.0082));
#8937=CARTESIAN_POINT('',(-0.018075,-0.00392,0.0294));
#8938=CARTESIAN_POINT('',(-0.019475,-0.00392,0.0294));
#8939=CARTESIAN_POINT('',(-0.019475,-0.00392,0.0082));
#8940=CARTESIAN_POINT('',(-0.019475,-0.00532,0.0082));
#8941=CARTESIAN_POINT('',(-0.019475,-0.00532,0.0294));
#8942=CARTESIAN_POINT('',(-0.0228,-0.00532,0.0294));
#8943=CARTESIAN_POINT('',(-0.0228,-0.00532,0.0082));
#8944=CARTESIAN_POINT('',(-0.026125,-0.00532,0.0082));
#8945=CARTESIAN_POINT('',(-0.026125,-0.00532,0.0294));
#8946=CARTESIAN_POINT('',(-0.026125,-0.00392,0.0294));
#8947=CARTESIAN_POINT('',(-0.026125,-0.00392,0.0082));
#8948=CARTESIAN_POINT('',(-0.027525,-0.00392,0.0082));
#8949=CARTESIAN_POINT('',(-0.027525,-0.00392,0.0294));
#8950=CARTESIAN_POINT('',(-0.027525,-0.00352,0.0294));
#8951=CARTESIAN_POINT('',(-0.027525,-0.00312,0.0294));
#8952=CARTESIAN_POINT('',(-0.027525,-0.00312,0.0082));
#8953=CARTESIAN_POINT('',(-0.027525,-0.00352,0.0082));
#8954=CARTESIAN_POINT('',(-0.026125,-0.00312,0.0294));
#8955=CARTESIAN_POINT('',(-0.026125,-0.00312,0.0082));
#8956=CARTESIAN_POINT('',(-4.78544407166016E-18,0.03,0.0082));
#8957=CARTESIAN_POINT('',(-0.0054,-0.007,0.0082));
#8958=CARTESIAN_POINT('',(-0.0054,-0.0166,0.0082));
#8959=CARTESIAN_POINT('',(-0.0054,0.0026,0.0082));
#8960=CARTESIAN_POINT('',(-0.0062,0.0026,0.0082));
#8961=CARTESIAN_POINT('',(-0.0062,0.0034,0.0082));
#8962=CARTESIAN_POINT('',(-0.0228,0.0034,0.0082));
#8963=CARTESIAN_POINT('',(-0.0394,0.0034,0.0082));
#8964=CARTESIAN_POINT('',(-0.0394,0.0026,0.0082));
#8965=CARTESIAN_POINT('',(-0.0402,0.0026,0.0082));
#8966=CARTESIAN_POINT('',(-0.0402,-0.007,0.0082));
#8967=CARTESIAN_POINT('',(-0.0402,-0.0166,0.0082));
#8968=CARTESIAN_POINT('',(-0.0394,-0.0166,0.0082));
#8969=CARTESIAN_POINT('',(-0.0394,-0.0174,0.0082));
#8970=CARTESIAN_POINT('',(-0.0228,-0.0174,0.0082));
#8971=CARTESIAN_POINT('',(-0.0062,-0.0174,0.0082));
#8972=CARTESIAN_POINT('',(-0.0062,-0.0166,0.0082));
#8973=CARTESIAN_POINT('',(-0.0054,-0.007,0.0332));
#8974=CARTESIAN_POINT('',(-0.0054,-0.0166,0.0332));
#8975=CARTESIAN_POINT('',(-0.0054,-0.0166,0.023));
#8976=CARTESIAN_POINT('',(-0.0054,-0.007,0.023));
#8977=CARTESIAN_POINT('',(-0.0054,0.0026,0.023));
#8978=CARTESIAN_POINT('',(-0.0054,0.0026,0.0332));
#8979=CARTESIAN_POINT('',(-0.0062,-0.0166,0.0332));
#8980=CARTESIAN_POINT('',(-0.0062,-0.0174,0.0332));
#8981=CARTESIAN_POINT('',(-0.0062,-0.0174,0.023));
#8982=CARTESIAN_POINT('',(-0.0062,-0.0166,0.023));
#8983=CARTESIAN_POINT('',(-0.0228,-0.0174,0.0332));
#8984=CARTESIAN_POINT('',(-0.0394,-0.0174,0.0332));
#8985=CARTESIAN_POINT('',(-0.0394,-0.0174,0.023));
#8986=CARTESIAN_POINT('',(-0.0228,-0.0174,0.023));
#8987=CARTESIAN_POINT('',(-0.0394,-0.0166,0.0332));
#8988=CARTESIAN_POINT('',(-0.0402,-0.0166,0.0332));
#8989=CARTESIAN_POINT('',(-0.0402,-0.0166,0.023));
#8990=CARTESIAN_POINT('',(-0.0394,-0.0166,0.023));
#8991=CARTESIAN_POINT('',(-0.0402,-0.007,0.0332));
#8992=CARTESIAN_POINT('',(-0.0402,0.0026,0.0332));
#8993=CARTESIAN_POINT('',(-0.0402,0.0026,0.023));
#8994=CARTESIAN_POINT('',(-0.0402,-0.0166,0.023));
#8995=CARTESIAN_POINT('',(-0.0394,0.0026,0.0332));
#8996=CARTESIAN_POINT('',(-0.0394,0.0034,0.0332));
#8997=CARTESIAN_POINT('',(-0.0394,0.0034,0.023));
#8998=CARTESIAN_POINT('',(-0.0394,0.0026,0.023));
#8999=CARTESIAN_POINT('',(-0.0228,0.0034,0.0332));
#9000=CARTESIAN_POINT('',(-0.0062,0.0034,0.0332));
#9001=CARTESIAN_POINT('',(-0.0062,0.0034,0.023));
#9002=CARTESIAN_POINT('',(-0.0394,0.0034,0.023));
#9003=CARTESIAN_POINT('',(-0.0062,0.0026,0.0332));
#9004=CARTESIAN_POINT('',(-0.0062,0.0026,0.023));
#9005=CARTESIAN_POINT('',(-0.0228,0.02628,0.0294));
#9006=CARTESIAN_POINT('',(-0.026125,0.02628,0.0294));
#9007=CARTESIAN_POINT('',(-0.026125,0.02628,0.0082));
#9008=CARTESIAN_POINT('',(-0.019475,0.02628,0.0294));
#9009=CARTESIAN_POINT('',(-0.019475,0.02628,0.0082));
#9010=CARTESIAN_POINT('',(-0.0228,0.02628,0.0082));
#9011=CARTESIAN_POINT('',(-0.019475,0.02488,0.0294));
#9012=CARTESIAN_POINT('',(-0.019475,0.02488,0.0082));
#9013=CARTESIAN_POINT('',(-0.018075,0.02488,0.0082));
#9014=CARTESIAN_POINT('',(-0.018075,0.02488,0.0294));
#9015=CARTESIAN_POINT('',(-0.018075,0.02448,0.0294));
#9016=CARTESIAN_POINT('',(-0.018075,0.02448,0.0082));
#9017=CARTESIAN_POINT('',(-0.018075,0.02408,0.0082));
#9018=CARTESIAN_POINT('',(-0.018075,0.02408,0.0294));
#9019=CARTESIAN_POINT('',(-0.019475,0.02408,0.0294));
#9020=CARTESIAN_POINT('',(-0.019475,0.02408,0.0082));
#9021=CARTESIAN_POINT('',(-0.019475,0.02268,0.0082));
#9022=CARTESIAN_POINT('',(-0.019475,0.02268,0.0294));
#9023=CARTESIAN_POINT('',(-0.0228,0.02268,0.0294));
#9024=CARTESIAN_POINT('',(-0.0228,0.02268,0.0082));
#9025=CARTESIAN_POINT('',(-0.026125,0.02268,0.0082));
#9026=CARTESIAN_POINT('',(-0.026125,0.02268,0.0294));
#9027=CARTESIAN_POINT('',(-0.026125,0.02408,0.0294));
#9028=CARTESIAN_POINT('',(-0.026125,0.02408,0.0082));
#9029=CARTESIAN_POINT('',(-0.027525,0.02408,0.0082));
#9030=CARTESIAN_POINT('',(-0.027525,0.02408,0.0294));
#9031=CARTESIAN_POINT('',(-0.027525,0.02448,0.0294));
#9032=CARTESIAN_POINT('',(-0.027525,0.02488,0.0294));
#9033=CARTESIAN_POINT('',(-0.027525,0.02488,0.0082));
#9034=CARTESIAN_POINT('',(-0.027525,0.02448,0.0082));
#9035=CARTESIAN_POINT('',(-0.026125,0.02488,0.0294));
#9036=CARTESIAN_POINT('',(-0.026125,0.02488,0.0082));
#9037=CARTESIAN_POINT('',(-9.57088814332032E-18,0.058,0.0082));
#9038=CARTESIAN_POINT('',(-0.0054,0.021,0.0082));
#9039=CARTESIAN_POINT('',(-0.0054,0.0114,0.0082));
#9040=CARTESIAN_POINT('',(-0.0054,0.0306,0.0082));
#9041=CARTESIAN_POINT('',(-0.0062,0.0306,0.0082));
#9042=CARTESIAN_POINT('',(-0.0062,0.0314,0.0082));
#9043=CARTESIAN_POINT('',(-0.0228,0.0314,0.0082));
#9044=CARTESIAN_POINT('',(-0.0394,0.0314,0.0082));
#9045=CARTESIAN_POINT('',(-0.0394,0.0306,0.0082));
#9046=CARTESIAN_POINT('',(-0.0402,0.0306,0.0082));
#9047=CARTESIAN_POINT('',(-0.0402,0.021,0.0082));
#9048=CARTESIAN_POINT('',(-0.0402,0.0114,0.0082));
#9049=CARTESIAN_POINT('',(-0.0394,0.0114,0.0082));
#9050=CARTESIAN_POINT('',(-0.0394,0.0106,0.0082));
#9051=CARTESIAN_POINT('',(-0.0228,0.0106,0.0082));
#9052=CARTESIAN_POINT('',(-0.0062,0.0106,0.0082));
#9053=CARTESIAN_POINT('',(-0.0062,0.0114,0.0082));
#9054=CARTESIAN_POINT('',(-0.0054,0.021,0.0332));
#9055=CARTESIAN_POINT('',(-0.0054,0.0114,0.0332));
#9056=CARTESIAN_POINT('',(-0.0054,0.0114,0.023));
#9057=CARTESIAN_POINT('',(-0.0054,0.021,0.023));
#9058=CARTESIAN_POINT('',(-0.0054,0.0306,0.023));
#9059=CARTESIAN_POINT('',(-0.0054,0.0306,0.0332));
#9060=CARTESIAN_POINT('',(-0.0062,0.0114,0.0332));
#9061=CARTESIAN_POINT('',(-0.0062,0.0106,0.0332));
#9062=CARTESIAN_POINT('',(-0.0062,0.0106,0.023));
#9063=CARTESIAN_POINT('',(-0.0062,0.0114,0.023));
#9064=CARTESIAN_POINT('',(-0.0228,0.0106,0.0332));
#9065=CARTESIAN_POINT('',(-0.0394,0.0106,0.0332));
#9066=CARTESIAN_POINT('',(-0.0394,0.0106,0.023));
#9067=CARTESIAN_POINT('',(-0.0228,0.0106,0.023));
#9068=CARTESIAN_POINT('',(-0.0394,0.0114,0.0332));
#9069=CARTESIAN_POINT('',(-0.0402,0.0114,0.0332));
#9070=CARTESIAN_POINT('',(-0.0402,0.0114,0.023));
#9071=CARTESIAN_POINT('',(-0.0394,0.0114,0.023));
#9072=CARTESIAN_POINT('',(-0.0402,0.021,0.0332));
#9073=CARTESIAN_POINT('',(-0.0402,0.0306,0.0332));
#9074=CARTESIAN_POINT('',(-0.0402,0.0306,0.023));
#9075=CARTESIAN_POINT('',(-0.0402,0.0114,0.023));
#9076=CARTESIAN_POINT('',(-0.0394,0.0306,0.0332));
#9077=CARTESIAN_POINT('',(-0.0394,0.0314,0.0332));
#9078=CARTESIAN_POINT('',(-0.0394,0.0314,0.023));
#9079=CARTESIAN_POINT('',(-0.0394,0.0306,0.023));
#9080=CARTESIAN_POINT('',(-0.0228,0.0314,0.0332));
#9081=CARTESIAN_POINT('',(-0.0062,0.0314,0.0332));
#9082=CARTESIAN_POINT('',(-0.0062,0.0314,0.023));
#9083=CARTESIAN_POINT('',(-0.0394,0.0314,0.023));
#9084=CARTESIAN_POINT('',(-0.0062,0.0306,0.0332));
#9085=CARTESIAN_POINT('',(-0.0062,0.0306,0.023));
#9086=CARTESIAN_POINT('',(-0.0228,0.05428,0.0294));
#9087=CARTESIAN_POINT('',(-0.026125,0.05428,0.0294));
#9088=CARTESIAN_POINT('',(-0.026125,0.05428,0.0082));
#9089=CARTESIAN_POINT('',(-0.019475,0.05428,0.0294));
#9090=CARTESIAN_POINT('',(-0.019475,0.05428,0.0082));
#9091=CARTESIAN_POINT('',(-0.0228,0.05428,0.0082));
#9092=CARTESIAN_POINT('',(-0.019475,0.05288,0.0294));
#9093=CARTESIAN_POINT('',(-0.019475,0.05288,0.0082));
#9094=CARTESIAN_POINT('',(-0.018075,0.05288,0.0082));
#9095=CARTESIAN_POINT('',(-0.018075,0.05288,0.0294));
#9096=CARTESIAN_POINT('',(-0.018075,0.05248,0.0294));
#9097=CARTESIAN_POINT('',(-0.018075,0.05248,0.0082));
#9098=CARTESIAN_POINT('',(-0.018075,0.05208,0.0082));
#9099=CARTESIAN_POINT('',(-0.018075,0.05208,0.0294));
#9100=CARTESIAN_POINT('',(-0.019475,0.05208,0.0294));
#9101=CARTESIAN_POINT('',(-0.019475,0.05208,0.0082));
#9102=CARTESIAN_POINT('',(-0.019475,0.05068,0.0082));
#9103=CARTESIAN_POINT('',(-0.019475,0.05068,0.0294));
#9104=CARTESIAN_POINT('',(-0.0228,0.05068,0.0294));
#9105=CARTESIAN_POINT('',(-0.0228,0.05068,0.0082));
#9106=CARTESIAN_POINT('',(-0.026125,0.05068,0.0082));
#9107=CARTESIAN_POINT('',(-0.026125,0.05068,0.0294));
#9108=CARTESIAN_POINT('',(-0.026125,0.05208,0.0294));
#9109=CARTESIAN_POINT('',(-0.026125,0.05208,0.0082));
#9110=CARTESIAN_POINT('',(-0.027525,0.05208,0.0082));
#9111=CARTESIAN_POINT('',(-0.027525,0.05208,0.0294));
#9112=CARTESIAN_POINT('',(-0.027525,0.05248,0.0294));
#9113=CARTESIAN_POINT('',(-0.027525,0.05288,0.0294));
#9114=CARTESIAN_POINT('',(-0.027525,0.05288,0.0082));
#9115=CARTESIAN_POINT('',(-0.027525,0.05248,0.0082));
#9116=CARTESIAN_POINT('',(-0.026125,0.05288,0.0294));
#9117=CARTESIAN_POINT('',(-0.026125,0.05288,0.0082));
#9118=CARTESIAN_POINT('',(-1.43563322149805E-17,0.086,0.0082));
#9119=CARTESIAN_POINT('',(-0.0054,0.049,0.0082));
#9120=CARTESIAN_POINT('',(-0.0054,0.0394,0.0082));
#9121=CARTESIAN_POINT('',(-0.0054,0.0586,0.0082));
#9122=CARTESIAN_POINT('',(-0.0062,0.0586,0.0082));
#9123=CARTESIAN_POINT('',(-0.0062,0.0594,0.0082));
#9124=CARTESIAN_POINT('',(-0.0228,0.0594,0.0082));
#9125=CARTESIAN_POINT('',(-0.0394,0.0594,0.0082));
#9126=CARTESIAN_POINT('',(-0.0394,0.0586,0.0082));
#9127=CARTESIAN_POINT('',(-0.0402,0.0586,0.0082));
#9128=CARTESIAN_POINT('',(-0.0402,0.049,0.0082));
#9129=CARTESIAN_POINT('',(-0.0402,0.0394,0.0082));
#9130=CARTESIAN_POINT('',(-0.0394,0.0394,0.0082));
#9131=CARTESIAN_POINT('',(-0.0394,0.0386,0.0082));
#9132=CARTESIAN_POINT('',(-0.0228,0.0386,0.0082));
#9133=CARTESIAN_POINT('',(-0.0062,0.0386,0.0082));
#9134=CARTESIAN_POINT('',(-0.0062,0.0394,0.0082));
#9135=CARTESIAN_POINT('',(-0.0054,0.049,0.0332));
#9136=CARTESIAN_POINT('',(-0.0054,0.0394,0.0332));
#9137=CARTESIAN_POINT('',(-0.0054,0.0394,0.023));
#9138=CARTESIAN_POINT('',(-0.0054,0.049,0.023));
#9139=CARTESIAN_POINT('',(-0.0054,0.0586,0.023));
#9140=CARTESIAN_POINT('',(-0.0054,0.0586,0.0332));
#9141=CARTESIAN_POINT('',(-0.0062,0.0394,0.0332));
#9142=CARTESIAN_POINT('',(-0.0062,0.0386,0.0332));
#9143=CARTESIAN_POINT('',(-0.0062,0.0386,0.023));
#9144=CARTESIAN_POINT('',(-0.0062,0.0394,0.023));
#9145=CARTESIAN_POINT('',(-0.0228,0.0386,0.0332));
#9146=CARTESIAN_POINT('',(-0.0394,0.0386,0.0332));
#9147=CARTESIAN_POINT('',(-0.0394,0.0386,0.023));
#9148=CARTESIAN_POINT('',(-0.0228,0.0386,0.023));
#9149=CARTESIAN_POINT('',(-0.0394,0.0394,0.0332));
#9150=CARTESIAN_POINT('',(-0.0402,0.0394,0.0332));
#9151=CARTESIAN_POINT('',(-0.0402,0.0394,0.023));
#9152=CARTESIAN_POINT('',(-0.0394,0.0394,0.023));
#9153=CARTESIAN_POINT('',(-0.0402,0.049,0.0332));
#9154=CARTESIAN_POINT('',(-0.0402,0.0586,0.0332));
#9155=CARTESIAN_POINT('',(-0.0402,0.0586,0.023));
#9156=CARTESIAN_POINT('',(-0.0402,0.0394,0.023));
#9157=CARTESIAN_POINT('',(-0.0394,0.0586,0.0332));
#9158=CARTESIAN_POINT('',(-0.0394,0.0594,0.0332));
#9159=CARTESIAN_POINT('',(-0.0394,0.0594,0.023));
#9160=CARTESIAN_POINT('',(-0.0394,0.0586,0.023));
#9161=CARTESIAN_POINT('',(-0.0228,0.0594,0.0332));
#9162=CARTESIAN_POINT('',(-0.0062,0.0594,0.0332));
#9163=CARTESIAN_POINT('',(-0.0062,0.0594,0.023));
#9164=CARTESIAN_POINT('',(-0.0394,0.0594,0.023));
#9165=CARTESIAN_POINT('',(-0.0062,0.0586,0.0332));
#9166=CARTESIAN_POINT('',(-0.0062,0.0586,0.023));
#9167=CARTESIAN_POINT('',(0.0228,-0.02972,0.0294));
#9168=CARTESIAN_POINT('',(0.019475,-0.02972,0.0294));
#9169=CARTESIAN_POINT('',(0.019475,-0.02972,0.0082));
#9170=CARTESIAN_POINT('',(0.026125,-0.02972,0.0294));
#9171=CARTESIAN_POINT('',(0.026125,-0.02972,0.0082));
#9172=CARTESIAN_POINT('',(0.0228,-0.02972,0.0082));
#9173=CARTESIAN_POINT('',(0.026125,-0.03112,0.0294));
#9174=CARTESIAN_POINT('',(0.026125,-0.03112,0.0082));
#9175=CARTESIAN_POINT('',(0.027525,-0.03112,0.0082));
#9176=CARTESIAN_POINT('',(0.027525,-0.03112,0.0294));
#9177=CARTESIAN_POINT('',(0.027525,-0.03152,0.0294));
#9178=CARTESIAN_POINT('',(0.027525,-0.03152,0.0082));
#9179=CARTESIAN_POINT('',(0.027525,-0.03192,0.0082));
#9180=CARTESIAN_POINT('',(0.027525,-0.03192,0.0294));
#9181=CARTESIAN_POINT('',(0.026125,-0.03192,0.0294));
#9182=CARTESIAN_POINT('',(0.026125,-0.03192,0.0082));
#9183=CARTESIAN_POINT('',(0.026125,-0.03332,0.0082));
#9184=CARTESIAN_POINT('',(0.026125,-0.03332,0.0294));
#9185=CARTESIAN_POINT('',(0.0228,-0.03332,0.0294));
#9186=CARTESIAN_POINT('',(0.0228,-0.03332,0.0082));
#9187=CARTESIAN_POINT('',(0.019475,-0.03332,0.0082));
#9188=CARTESIAN_POINT('',(0.019475,-0.03332,0.0294));
#9189=CARTESIAN_POINT('',(0.019475,-0.03192,0.0294));
#9190=CARTESIAN_POINT('',(0.019475,-0.03192,0.0082));
#9191=CARTESIAN_POINT('',(0.018075,-0.03192,0.0082));
#9192=CARTESIAN_POINT('',(0.018075,-0.03192,0.0294));
#9193=CARTESIAN_POINT('',(0.018075,-0.03152,0.0294));
#9194=CARTESIAN_POINT('',(0.018075,-0.03112,0.0294));
#9195=CARTESIAN_POINT('',(0.018075,-0.03112,0.0082));
#9196=CARTESIAN_POINT('',(0.018075,-0.03152,0.0082));
#9197=CARTESIAN_POINT('',(0.019475,-0.03112,0.0294));
#9198=CARTESIAN_POINT('',(0.019475,-0.03112,0.0082));
#9199=CARTESIAN_POINT('',(0.0456,0.002,0.0082));
#9200=CARTESIAN_POINT('',(0.0402,-0.035,0.0082));
#9201=CARTESIAN_POINT('',(0.0402,-0.0446,0.0082));
#9202=CARTESIAN_POINT('',(0.0402,-0.0254,0.0082));
#9203=CARTESIAN_POINT('',(0.0394,-0.0254,0.0082));
#9204=CARTESIAN_POINT('',(0.0394,-0.0246,0.0082));
#9205=CARTESIAN_POINT('',(0.0228,-0.0246,0.0082));
#9206=CARTESIAN_POINT('',(0.0062,-0.0246,0.0082));
#9207=CARTESIAN_POINT('',(0.0062,-0.0254,0.0082));
#9208=CARTESIAN_POINT('',(0.0054,-0.0254,0.0082));
#9209=CARTESIAN_POINT('',(0.0054,-0.035,0.0082));
#9210=CARTESIAN_POINT('',(0.0054,-0.0446,0.0082));
#9211=CARTESIAN_POINT('',(0.0062,-0.0446,0.0082));
#9212=CARTESIAN_POINT('',(0.0062,-0.0454,0.0082));
#9213=CARTESIAN_POINT('',(0.0228,-0.0454,0.0082));
#9214=CARTESIAN_POINT('',(0.0394,-0.0454,0.0082));
#9215=CARTESIAN_POINT('',(0.0394,-0.0446,0.0082));
#9216=CARTESIAN_POINT('',(0.0402,-0.035,0.0332));
#9217=CARTESIAN_POINT('',(0.0402,-0.0446,0.0332));
#9218=CARTESIAN_POINT('',(0.0402,-0.0446,0.023));
#9219=CARTESIAN_POINT('',(0.0402,-0.035,0.023));
#9220=CARTESIAN_POINT('',(0.0402,-0.0254,0.023));
#9221=CARTESIAN_POINT('',(0.0402,-0.0254,0.0332));
#9222=CARTESIAN_POINT('',(0.0394,-0.0446,0.0332));
#9223=CARTESIAN_POINT('',(0.0394,-0.0454,0.0332));
#9224=CARTESIAN_POINT('',(0.0394,-0.0454,0.023));
#9225=CARTESIAN_POINT('',(0.0394,-0.0446,0.023));
#9226=CARTESIAN_POINT('',(0.0228,-0.0454,0.0332));
#9227=CARTESIAN_POINT('',(0.0062,-0.0454,0.0332));
#9228=CARTESIAN_POINT('',(0.0062,-0.0454,0.023));
#9229=CARTESIAN_POINT('',(0.0228,-0.0454,0.023));
#9230=CARTESIAN_POINT('',(0.0062,-0.0446,0.0332));
#9231=CARTESIAN_POINT('',(0.0054,-0.0446,0.0332));
#9232=CARTESIAN_POINT('',(0.0054,-0.0446,0.023));
#9233=CARTESIAN_POINT('',(0.0062,-0.0446,0.023));
#9234=CARTESIAN_POINT('',(0.0054,-0.035,0.0332));
#9235=CARTESIAN_POINT('',(0.0054,-0.0254,0.0332));
#9236=CARTESIAN_POINT('',(0.0054,-0.0254,0.023));
#9237=CARTESIAN_POINT('',(0.0054,-0.0446,0.023));
#9238=CARTESIAN_POINT('',(0.0062,-0.0254,0.0332));
#9239=CARTESIAN_POINT('',(0.0062,-0.0246,0.0332));
#9240=CARTESIAN_POINT('',(0.0062,-0.0246,0.023));
#9241=CARTESIAN_POINT('',(0.0062,-0.0254,0.023));
#9242=CARTESIAN_POINT('',(0.0228,-0.0246,0.0332));
#9243=CARTESIAN_POINT('',(0.0394,-0.0246,0.0332));
#9244=CARTESIAN_POINT('',(0.0394,-0.0246,0.023));
#9245=CARTESIAN_POINT('',(0.0062,-0.0246,0.023));
#9246=CARTESIAN_POINT('',(0.0394,-0.0254,0.0332));
#9247=CARTESIAN_POINT('',(0.0394,-0.0254,0.023));
#9248=CARTESIAN_POINT('',(0.0394,0.0394,0.023));
#9249=CARTESIAN_POINT('',(0.0394,0.0366,0.025));
#9250=CARTESIAN_POINT('',(0.0402,0.0394,0.023));
#9251=CARTESIAN_POINT('',(0.0422,0.002,0.025));
#9252=CARTESIAN_POINT('',(0.0402,0.0586,0.023));
#9253=CARTESIAN_POINT('',(7.23149786371055E-18,0.0366,0.025));
#9254=CARTESIAN_POINT('',(0.0062,0.0366,0.025));
#9255=CARTESIAN_POINT('',(0.0394,0.0586,0.023));
#9256=CARTESIAN_POINT('',(0.0394,0.0594,0.023));
#9257=CARTESIAN_POINT('',(0.0062,0.0394,0.023));
#9258=CARTESIAN_POINT('',(0.0034,0.0394,0.025));
#9259=CARTESIAN_POINT('',(0.0228,0.0594,0.023));
#9260=CARTESIAN_POINT('',(0.0062,0.0594,0.023));
#9261=CARTESIAN_POINT('',(0.0054,0.049,0.023));
#9262=CARTESIAN_POINT('',(0.0034,0.0586,0.025));
#9263=CARTESIAN_POINT('',(0.0062,0.0586,0.023));
#9264=CARTESIAN_POINT('',(0.0394,0.0114,0.023));
#9265=CARTESIAN_POINT('',(0.0394,0.0086,0.025));
#9266=CARTESIAN_POINT('',(0.0402,0.0114,0.023));
#9267=CARTESIAN_POINT('',(0.0422,0.002,0.025));
#9268=CARTESIAN_POINT('',(0.0402,0.0306,0.023));
#9269=CARTESIAN_POINT('',(1.37941866764421E-18,0.0086,0.025));
#9270=CARTESIAN_POINT('',(0.0062,0.0086,0.025));
#9271=CARTESIAN_POINT('',(0.0394,0.0306,0.023));
#9272=CARTESIAN_POINT('',(0.0394,0.0314,0.023));
#9273=CARTESIAN_POINT('',(0.0062,0.0114,0.023));
#9274=CARTESIAN_POINT('',(0.0034,0.0114,0.025));
#9275=CARTESIAN_POINT('',(0.0228,0.0314,0.023));
#9276=CARTESIAN_POINT('',(0.0062,0.0314,0.023));
#9277=CARTESIAN_POINT('',(0.0054,0.021,0.023));
#9278=CARTESIAN_POINT('',(0.0034,0.0306,0.025));
#9279=CARTESIAN_POINT('',(0.0062,0.0306,0.023));
#9280=CARTESIAN_POINT('',(0.0394,-0.0166,0.023));
#9281=CARTESIAN_POINT('',(0.0394,-0.0194,0.025));
#9282=CARTESIAN_POINT('',(0.0402,-0.0166,0.023));
#9283=CARTESIAN_POINT('',(0.0422,0.002,0.025));
#9284=CARTESIAN_POINT('',(0.0402,0.0026,0.023));
#9285=CARTESIAN_POINT('',(-4.47266052842212E-18,-0.0194,0.025));
#9286=CARTESIAN_POINT('',(0.0062,-0.0194,0.025));
#9287=CARTESIAN_POINT('',(0.0394,0.0026,0.023));
#9288=CARTESIAN_POINT('',(0.0394,0.0034,0.023));
#9289=CARTESIAN_POINT('',(0.0062,-0.0166,0.023));
#9290=CARTESIAN_POINT('',(0.0034,-0.0166,0.025));
#9291=CARTESIAN_POINT('',(0.0228,0.0034,0.023));
#9292=CARTESIAN_POINT('',(0.0062,0.0034,0.023));
#9293=CARTESIAN_POINT('',(0.0054,-0.007,0.023));
#9294=CARTESIAN_POINT('',(0.0034,0.00260000000000004,0.025));
#9295=CARTESIAN_POINT('',(0.0062,0.0026,0.023));
#9296=CARTESIAN_POINT('',(0.0394,-0.0446,0.023));
#9297=CARTESIAN_POINT('',(0.0394,-0.0474,0.025));
#9298=CARTESIAN_POINT('',(0.0402,-0.0446,0.023));
#9299=CARTESIAN_POINT('',(0.0422,0.002,0.025));
#9300=CARTESIAN_POINT('',(0.0402,-0.0254,0.023));
#9301=CARTESIAN_POINT('',(-1.03247397244885E-17,-0.0474,0.025));
#9302=CARTESIAN_POINT('',(0.0062,-0.0474,0.025));
#9303=CARTESIAN_POINT('',(0.0394,-0.0254,0.023));
#9304=CARTESIAN_POINT('',(0.0394,-0.0246,0.023));
#9305=CARTESIAN_POINT('',(0.0062,-0.0446,0.023));
#9306=CARTESIAN_POINT('',(0.0034,-0.0446,0.025));
#9307=CARTESIAN_POINT('',(0.0228,-0.0246,0.023));
#9308=CARTESIAN_POINT('',(0.0062,-0.0246,0.023));
#9309=CARTESIAN_POINT('',(0.0054,-0.035,0.023));
#9310=CARTESIAN_POINT('',(0.0034,-0.0254,0.025));
#9311=CARTESIAN_POINT('',(0.0062,-0.0254,0.023));
#9312=CARTESIAN_POINT('',(-0.0062,0.0394,0.023));
#9313=CARTESIAN_POINT('',(-0.0062,0.0366,0.025));
#9314=CARTESIAN_POINT('',(-0.0054,0.0394,0.023));
#9315=CARTESIAN_POINT('',(-0.0034,0.002,0.025));
#9316=CARTESIAN_POINT('',(-0.0054,0.0586,0.023));
#9317=CARTESIAN_POINT('',(7.23149786371055E-18,0.0366,0.025));
#9318=CARTESIAN_POINT('',(-0.0394,0.0366,0.025));
#9319=CARTESIAN_POINT('',(-0.0062,0.0586,0.023));
#9320=CARTESIAN_POINT('',(-0.0062,0.0594,0.023));
#9321=CARTESIAN_POINT('',(-0.0394,0.0394,0.023));
#9322=CARTESIAN_POINT('',(-0.0422,0.0394,0.025));
#9323=CARTESIAN_POINT('',(-0.0228,0.0594,0.023));
#9324=CARTESIAN_POINT('',(-0.0394,0.0594,0.023));
#9325=CARTESIAN_POINT('',(-0.0402,0.049,0.023));
#9326=CARTESIAN_POINT('',(-0.0422,0.0586,0.025));
#9327=CARTESIAN_POINT('',(-0.0394,0.0586,0.023));
#9328=CARTESIAN_POINT('',(-0.0062,0.0114,0.023));
#9329=CARTESIAN_POINT('',(-0.0062,0.0086,0.025));
#9330=CARTESIAN_POINT('',(-0.0054,0.0114,0.023));
#9331=CARTESIAN_POINT('',(-0.0034,0.002,0.025));
#9332=CARTESIAN_POINT('',(-0.0054,0.0306,0.023));
#9333=CARTESIAN_POINT('',(1.37941866764421E-18,0.0086,0.025));
#9334=CARTESIAN_POINT('',(-0.0394,0.0086,0.025));
#9335=CARTESIAN_POINT('',(-0.0062,0.0306,0.023));
#9336=CARTESIAN_POINT('',(-0.0062,0.0314,0.023));
#9337=CARTESIAN_POINT('',(-0.0394,0.0114,0.023));
#9338=CARTESIAN_POINT('',(-0.0422,0.0114,0.025));
#9339=CARTESIAN_POINT('',(-0.0228,0.0314,0.023));
#9340=CARTESIAN_POINT('',(-0.0394,0.0314,0.023));
#9341=CARTESIAN_POINT('',(-0.0402,0.021,0.023));
#9342=CARTESIAN_POINT('',(-0.0422,0.0306,0.025));
#9343=CARTESIAN_POINT('',(-0.0394,0.0306,0.023));
#9344=CARTESIAN_POINT('',(-0.0062,-0.0166,0.023));
#9345=CARTESIAN_POINT('',(-0.0062,-0.0194,0.025));
#9346=CARTESIAN_POINT('',(-0.0054,-0.0166,0.023));
#9347=CARTESIAN_POINT('',(-0.0034,0.002,0.025));
#9348=CARTESIAN_POINT('',(-0.0054,0.0026,0.023));
#9349=CARTESIAN_POINT('',(-4.47266052842213E-18,-0.0194,0.025));
#9350=CARTESIAN_POINT('',(-0.0394,-0.0194,0.025));
#9351=CARTESIAN_POINT('',(-0.0062,0.0026,0.023));
#9352=CARTESIAN_POINT('',(-0.0062,0.0034,0.023));
#9353=CARTESIAN_POINT('',(-0.0394,-0.0166,0.023));
#9354=CARTESIAN_POINT('',(-0.0422,-0.0166,0.025));
#9355=CARTESIAN_POINT('',(-0.0228,0.0034,0.023));
#9356=CARTESIAN_POINT('',(-0.0394,0.0034,0.023));
#9357=CARTESIAN_POINT('',(-0.0402,-0.007,0.023));
#9358=CARTESIAN_POINT('',(-0.0422,0.00260000000000004,0.025));
#9359=CARTESIAN_POINT('',(-0.0394,0.0026,0.023));
#9360=CARTESIAN_POINT('',(-0.0062,-0.0446,0.023));
#9361=CARTESIAN_POINT('',(-0.0062,-0.0474,0.025));
#9362=CARTESIAN_POINT('',(-0.0054,-0.0446,0.023));
#9363=CARTESIAN_POINT('',(-0.0034,0.002,0.025));
#9364=CARTESIAN_POINT('',(-0.0054,-0.0254,0.023));
#9365=CARTESIAN_POINT('',(-1.03247397244885E-17,-0.0474,0.025));
#9366=CARTESIAN_POINT('',(-0.0394,-0.0474,0.025));
#9367=CARTESIAN_POINT('',(-0.0062,-0.0254,0.023));
#9368=CARTESIAN_POINT('',(-0.0062,-0.0246,0.023));
#9369=CARTESIAN_POINT('',(-0.0394,-0.0446,0.023));
#9370=CARTESIAN_POINT('',(-0.0422,-0.0446,0.025));
#9371=CARTESIAN_POINT('',(-0.0228,-0.0246,0.023));
#9372=CARTESIAN_POINT('',(-0.0394,-0.0246,0.023));
#9373=CARTESIAN_POINT('',(-0.0402,-0.035,0.023));
#9374=CARTESIAN_POINT('',(-0.0422,-0.0254,0.025));
#9375=CARTESIAN_POINT('',(-0.0394,-0.0254,0.023));
#9376=CARTESIAN_POINT('',(0.0398,-0.0589,0.025));
#9377=CARTESIAN_POINT('',(0.0398,-0.0639,0.024));
#9378=CARTESIAN_POINT('',(0.0438,-0.0589,0.025));
#9379=CARTESIAN_POINT('',(0.0448,0.002,0.024));
#9380=CARTESIAN_POINT('',(0.0438,0.0629,0.025));
#9381=CARTESIAN_POINT('',(0.,-0.0629,0.025));
#9382=CARTESIAN_POINT('',(-0.0398,-0.0639,0.024));
#9383=CARTESIAN_POINT('',(0.0398,0.0629,0.025));
#9384=CARTESIAN_POINT('',(0.0398,0.0669,0.025));
#9385=CARTESIAN_POINT('',(-0.0398,-0.0589,0.025));
#9386=CARTESIAN_POINT('',(-0.0448,-0.0589,0.024));
#9387=CARTESIAN_POINT('',(-6.93889390390723E-18,0.0679,0.024));
#9388=CARTESIAN_POINT('',(-0.0398,0.0669,0.025));
#9389=CARTESIAN_POINT('',(-0.0438,0.002,0.025));
#9390=CARTESIAN_POINT('',(-0.0448,0.0629,0.024));
#9391=CARTESIAN_POINT('',(-0.0398,0.0629,0.025));
#9392=MECHANICAL_DESIGN_GEOMETRIC_PRESENTATION_REPRESENTATION('',(#5531),
#9393);
#9393=(
GEOMETRIC_REPRESENTATION_CONTEXT(3)
GLOBAL_UNCERTAINTY_ASSIGNED_CONTEXT((#9394))
GLOBAL_UNIT_ASSIGNED_CONTEXT((#9397,#9396,#9395))
REPRESENTATION_CONTEXT('Dock Top','TOP_LEVEL_ASSEMBLY_PART')
);
#9394=UNCERTAINTY_MEASURE_WITH_UNIT(LENGTH_MEASURE(1.E-8),#9397,
'DISTANCE_ACCURACY_VALUE','Maximum Tolerance applied to model');
#9395=(
NAMED_UNIT(*)
SI_UNIT($,.STERADIAN.)
SOLID_ANGLE_UNIT()
);
#9396=(
NAMED_UNIT(*)
PLANE_ANGLE_UNIT()
SI_UNIT($,.RADIAN.)
);
#9397=(
LENGTH_UNIT()
NAMED_UNIT(*)
SI_UNIT($,.METRE.)
);
#9398=PRODUCT_DEFINITION_SHAPE('','',#9399);
#9399=PRODUCT_DEFINITION('','',#9401,#9400);
#9400=PRODUCT_DEFINITION_CONTEXT('',#9407,'design');
#9401=PRODUCT_DEFINITION_FORMATION_WITH_SPECIFIED_SOURCE('','',#9403,
 .NOT_KNOWN.);
#9402=PRODUCT_RELATED_PRODUCT_CATEGORY('','',(#9403));
#9403=PRODUCT('Dock Top','Dock Top','Dock Top',(#9405));
#9404=PRODUCT_CATEGORY('','');
#9405=PRODUCT_CONTEXT('',#9407,'mechanical');
#9406=APPLICATION_PROTOCOL_DEFINITION('international standard',
'ap242_managed_model_based_3d_engineering',2020,#9407);
#9407=APPLICATION_CONTEXT('managed model based 3d engineering');
ENDSEC;
END-ISO-10303-21;
